file,line,locale,oldUrl,action,newUrl,reason,nearestCandidates
main/docs/api/authentication.mdx,98,en,https://manage.auth0.com/dashboard/,rewritten,https://manage.auth0.com/dashboard/#/,path changed,
main/docs/api/authentication/account-linking-legacy/link.mdx,20,en,https://manage.auth0.com/dashboard,rewritten,https://manage.auth0.com/dashboard/#/,path changed,
main/docs/api/authentication/implicit-flow/authorize.mdx,25,en,https://manage.auth0.com/dashboard,rewritten,https://manage.auth0.com/dashboard/#/,path changed,
main/docs/api/authentication/login-legacy/database-ad-lapd-active.mdx,23,en,http://manage.auth0.com/login,unchanged-root,,,
main/docs/api/authentication/login/authenticate-using-database.mdx,10,en,http://manage.auth0.com/login,unchanged-root,,,
main/docs/api/authentication/login/authenticate-using-database.mdx,13,en,http://manage.auth0.com/login,unchanged-root,,,
main/docs/api/authentication/login/authenticate-using-database.mdx,19,en,http://manage.auth0.com/login,unchanged-root,,,
main/docs/api/authentication/login/authenticate-using-database.mdx,41,en,http://manage.auth0.com/login,unchanged-root,,,
main/docs/api/authentication/login/authenticate-using-database.mdx,45,en,https://manage.auth0.com/dashboard/#/applications,unchanged-new,,already in new form,
main/docs/api/authentication/login/enterprise-saml-and-others.mdx,17,en,http://manage.auth0.com/login,unchanged-root,,,
main/docs/api/authentication/login/enterprise-saml-and-others.mdx,38,en,http://manage.auth0.com/login,unchanged-root,,,
main/docs/api/authentication/revoke-refresh-token/revoke-refresh-token.mdx,21,en,https://manage.auth0.com/dashboard,rewritten,https://manage.auth0.com/dashboard/#/,path changed,
main/docs/api/myorganization.mdx,33,en,https://manage.auth0.com/#/apis,rewritten,https://manage.auth0.com/dashboard/#/apis,http → https + new path,
main/docs/api/myorganization.mdx,60,en,https://manage.auth0.com/#/apis,rewritten,https://manage.auth0.com/dashboard/#/apis,http → https + new path,
main/docs/authenticate/database-connections.mdx,10,en,https://manage.auth0.com/#/connections/database,rewritten,https://manage.auth0.com/dashboard/#/authentication/database,http → https + new path,
main/docs/authenticate/database-connections/activate-and-configure-attributes-for-flexible-identifiers.mdx,19,en,https://manage.auth0.com/#/connections/database,rewritten,https://manage.auth0.com/dashboard/#/authentication/database,http → https + new path,
main/docs/authenticate/database-connections/activate-and-configure-attributes-for-flexible-identifiers.mdx,27,en,https://manage.auth0.com/#/connections/database,rewritten,https://manage.auth0.com/dashboard/#/authentication/database,http → https + new path,
main/docs/authenticate/database-connections/custom-db/create-db-connection.mdx,35,en,https://manage.auth0.com/#/connections/database,rewritten,https://manage.auth0.com/dashboard/#/authentication/database,http → https + new path,
main/docs/authenticate/database-connections/custom-db/create-db-connection.mdx,35,en,https://manage.auth0.com/#/connections/database/new,rewritten,https://manage.auth0.com/dashboard/#/authentication/database,path changed,
main/docs/authenticate/database-connections/custom-db/create-db-connection.mdx,161,en,https://manage.auth0.com/dashboard/us/#/connections/database/,rewritten,https://manage.auth0.com/dashboard/#/authentication/database,path changed,
main/docs/authenticate/database-connections/custom-db/test-custom-database-connections.mdx,15,en,https://manage.auth0.com/#/applications/applications/create,rewritten,https://manage.auth0.com/dashboard/#/applications,path changed,
main/docs/authenticate/database-connections/custom-db/test-custom-database-connections.mdx,23,en,https://manage.auth0.com/#/apis,rewritten,https://manage.auth0.com/dashboard/#/apis,http → https + new path,
main/docs/authenticate/database-connections/custom-db/test-custom-database-connections.mdx,41,en,https://manage.auth0.com/#/connections/database,rewritten,https://manage.auth0.com/dashboard/#/authentication/database,http → https + new path,
main/docs/authenticate/database-connections/custom-db/test-custom-database-connections.mdx,47,en,https://manage.auth0.com/#/users,rewritten,https://manage.auth0.com/dashboard/#/users,add /dashboard/ prefix,
main/docs/authenticate/database-connections/custom-db/test-custom-database-connections.mdx,76,en,https://manage.auth0.com/#/connections/database,rewritten,https://manage.auth0.com/dashboard/#/authentication/database,http → https + new path,
main/docs/authenticate/database-connections/custom-user-id.mdx,55,en,https://manage.auth0.com/#/actions/library,rewritten,https://manage.auth0.com/dashboard/#/actions/custom,path changed,
main/docs/authenticate/database-connections/custom-user-id.mdx,119,en,https://manage.auth0.com/#/actions/triggers/pre-user-registration,rewritten,https://manage.auth0.com/dashboard/#/actions/triggers/pre-user-registration,add /dashboard/ prefix,
main/docs/authenticate/database-connections/flexible-password-policy.mdx,39,en,https://manage.auth0.com/#/connections/database,rewritten,https://manage.auth0.com/dashboard/#/authentication/database,http → https + new path,
main/docs/authenticate/database-connections/passkeys.mdx,134,en,https://manage.auth0.com/#/applications,rewritten,https://manage.auth0.com/dashboard/#/applications,http → https + new path,
main/docs/authenticate/database-connections/passkeys/configure-passkey-policy.mdx,18,en,https://manage.auth0.com/#/login_page,rewritten,https://manage.auth0.com/dashboard/#/login_page,add /dashboard/ prefix,
main/docs/authenticate/database-connections/passkeys/configure-passkey-policy.mdx,123,en,https://manage.auth0.com/#/connections/database,rewritten,https://manage.auth0.com/dashboard/#/authentication/database,http → https + new path,
main/docs/authenticate/database-connections/passkeys/configure-passkey-policy.mdx,181,en,https://manage.auth0.com/#/applications,rewritten,https://manage.auth0.com/dashboard/#/applications,http → https + new path,
main/docs/authenticate/database-connections/passkeys/configure-passkey-policy.mdx,185,en,https://manage.auth0.com/#/tenant/relying_party_ids,rewritten,https://manage.auth0.com/dashboard/#/tenant/relying_party_ids,add /dashboard/ prefix,
main/docs/authenticate/database-connections/passkeys/monitor-passkey-events-in-tenant-logs.mdx,7,en,https://manage.auth0.com/#/logs,rewritten,https://manage.auth0.com/dashboard/#/logging/logs,path changed,
main/docs/authenticate/database-connections/passkeys/passkey-apis.mdx,50,en,https://manage.auth0.com/#/applications,rewritten,https://manage.auth0.com/dashboard/#/applications,http → https + new path,
main/docs/authenticate/database-connections/passkeys/passkey-apis.mdx,65,en,https://manage.auth0.com/#/applications,rewritten,https://manage.auth0.com/dashboard/#/applications,http → https + new path,
main/docs/authenticate/database-connections/passkeys/passkey-apis.mdx,77,en,https://manage.auth0.com/#/applications,rewritten,https://manage.auth0.com/dashboard/#/applications,http → https + new path,
main/docs/authenticate/database-connections/passkeys/passkey-apis.mdx,89,en,https://manage.auth0.com/#/applications,rewritten,https://manage.auth0.com/dashboard/#/applications,http → https + new path,
main/docs/authenticate/database-connections/passkeys/passkey-apis.mdx,100,en,https://manage.auth0.com/#/tenant/relying_party_ids,rewritten,https://manage.auth0.com/dashboard/#/tenant/relying_party_ids,add /dashboard/ prefix,
main/docs/authenticate/database-connections/password-change.mdx,53,en,https://manage.auth0.com/#/applications/{yourClientId}/settings,rewritten,https://manage.auth0.com/dashboard/#/applications/{yourClientId}/settings,path changed,
main/docs/authenticate/database-connections/password-change.mdx,393,en,https://manage.auth0.com/#/users,rewritten,https://manage.auth0.com/dashboard/#/users,add /dashboard/ prefix,
main/docs/authenticate/database-connections/password-options.mdx,28,en,https://manage.auth0.com/#/connections/database,rewritten,https://manage.auth0.com/dashboard/#/authentication/database,http → https + new path,
main/docs/authenticate/database-connections/passwordless-authentication-for-db-connect.mdx,35,en,https://manage.auth0.com/#/phone/templates/phone/provider,rewritten,https://manage.auth0.com/dashboard/#/phone/provider,path changed,
main/docs/authenticate/database-connections/passwordless-authentication-for-db-connect.mdx,38,en,https://manage.auth0.com/#/connections/passwordless,rewritten,https://manage.auth0.com/dashboard/#/authentication/passwordless,path changed,
main/docs/authenticate/database-connections/passwordless-authentication-for-db-connect.mdx,73,en,https://manage.auth0.com/#/connections/database,rewritten,https://manage.auth0.com/dashboard/#/authentication/database,http → https + new path,
main/docs/authenticate/database-connections/passwordless-authentication-for-db-connect.mdx,278,en,https://manage.auth0.com/#/connections/database,rewritten,https://manage.auth0.com/dashboard/#/authentication/database,http → https + new path,
main/docs/authenticate/database-connections/passwordless-authentication-for-db-connect.mdx,409,en,https://manage.auth0.com/#/actions/triggers,rewritten,https://manage.auth0.com/dashboard/#/actions/triggers,add /dashboard/ prefix,
main/docs/authenticate/database-connections/require-username.mdx,10,en,https://manage.auth0.com/#/connections/database,rewritten,https://manage.auth0.com/dashboard/#/authentication/database,http → https + new path,
main/docs/authenticate/enterprise-connections.mdx,34,en,https://manage.auth0.com/#/connections/enterprise,rewritten,https://manage.auth0.com/dashboard/#/connections/enterprise,add /dashboard/ prefix,
main/docs/authenticate/enterprise-connections/enable-dpop-enterprise-connections.mdx,58,en,https://manage.auth0.com/dashboard/#/connections/enterprise/,unchanged-new,,already in new form,
main/docs/authenticate/enterprise-connections/enable-dpop-enterprise-connections.mdx,103,en,https://manage.auth0.com/#/logs,rewritten,https://manage.auth0.com/dashboard/#/logging/logs,path changed,
main/docs/authenticate/enterprise-connections/enable-dpop-enterprise-connections.mdx,130,en,https://manage.auth0.com/dashboard/#/connections/enterprise/,unchanged-new,,already in new form,
main/docs/authenticate/enterprise-connections/enable-dpop-enterprise-connections.mdx,165,en,https://manage.auth0.com/#/connections/enterprise,rewritten,https://manage.auth0.com/dashboard/#/connections/enterprise,add /dashboard/ prefix,
main/docs/authenticate/enterprise-connections/private-key-jwt-client-auth.mdx,83,en,https://manage.auth0.com/#/connections/enterprise,rewritten,https://manage.auth0.com/dashboard/#/connections/enterprise,add /dashboard/ prefix,
main/docs/authenticate/enterprise-connections/private-key-jwt-client-auth.mdx,94,en,https://manage.auth0.com/#/connections/enterprise,rewritten,https://manage.auth0.com/dashboard/#/connections/enterprise,add /dashboard/ prefix,
main/docs/authenticate/enterprise-connections/private-key-jwt-client-auth.mdx,180,en,https://manage.auth0.com/#/connections/enterprise,rewritten,https://manage.auth0.com/dashboard/#/connections/enterprise,add /dashboard/ prefix,
main/docs/authenticate/enterprise-connections/private-key-jwt-client-auth.mdx,299,en,https://manage.auth0.com/#/connections/enterprise,rewritten,https://manage.auth0.com/dashboard/#/connections/enterprise,add /dashboard/ prefix,
main/docs/authenticate/enterprise-connections/self-service-enterprise-configuration/manage-self-service-enterprise-config.mdx,42,en,https://manage.auth0.com/#/connections/enterprise,rewritten,https://manage.auth0.com/dashboard/#/connections/enterprise,add /dashboard/ prefix,
main/docs/authenticate/enterprise-connections/self-service-enterprise-configuration/manage-self-service-enterprise-config.mdx,241,en,https://manage.auth0.com/#/connections/enterprise,rewritten,https://manage.auth0.com/dashboard/#/connections/enterprise,add /dashboard/ prefix,
main/docs/authenticate/enterprise-connections/self-service-enterprise-configuration/manage-self-service-enterprise-config.mdx,325,en,https://manage.auth0.com/#/organizations,rewritten,https://manage.auth0.com/dashboard/#/organizations/list,path changed,
main/docs/authenticate/enterprise-connections/self-service-enterprise-configuration/manage-self-service-enterprise-config.mdx,429,en,https://manage.auth0.com/#/connections/enterprise,rewritten,https://manage.auth0.com/dashboard/#/connections/enterprise,add /dashboard/ prefix,
main/docs/authenticate/enterprise-connections/self-service-enterprise-configuration/manage-self-service-enterprise-config.mdx,482,en,https://manage.auth0.com/#/connections/enterprise,rewritten,https://manage.auth0.com/dashboard/#/connections/enterprise,add /dashboard/ prefix,
main/docs/authenticate/enterprise-connections/session-expiry-enterprise-connections.mdx,76,en,https://manage.auth0.com/#/connections/enterprise,rewritten,https://manage.auth0.com/dashboard/#/connections/enterprise,add /dashboard/ prefix,
main/docs/authenticate/enterprise-connections/session-expiry-enterprise-connections.mdx,123,en,https://manage.auth0.com/#/actions/library,rewritten,https://manage.auth0.com/dashboard/#/actions/custom,path changed,
main/docs/authenticate/enterprise-connections/session-expiry-enterprise-connections.mdx,141,en,https://manage.auth0.com/#/actions/triggers,rewritten,https://manage.auth0.com/dashboard/#/actions/triggers,add /dashboard/ prefix,
main/docs/authenticate/enterprise-connections/session-expiry-enterprise-connections.mdx,272,en,https://manage.auth0.com/#/logs,rewritten,https://manage.auth0.com/dashboard/#/logging/logs,path changed,
main/docs/authenticate/enterprise-connections/session-expiry-enterprise-connections.mdx,291,en,https://manage.auth0.com/#/connections/enterprise,rewritten,https://manage.auth0.com/dashboard/#/connections/enterprise,add /dashboard/ prefix,
main/docs/authenticate/enterprise-connections/user-attribute-profile.mdx,131,en,http://manage.auth0.com/*/connections/enterprise/self-service-profiles,rewritten,https://manage.auth0.com/login?connection={assignedConnectionName},http → https + new path,
main/docs/authenticate/identity-providers/adding-scopes-for-an-external-idp.mdx,13,en,https://manage.auth0.com/#/connections/social,rewritten,https://manage.auth0.com/dashboard/#/connections,path changed,
main/docs/authenticate/identity-providers/calling-an-external-idp-api.mdx,48,en,https://manage.auth0.com/#/apis,rewritten,https://manage.auth0.com/dashboard/#/apis,http → https + new path,
main/docs/authenticate/identity-providers/calling-an-external-idp-api.mdx,48,en,https://manage.auth0.com/#/apis/management/authorized-clients,rewritten,https://manage.auth0.com/dashboard/#/apis/{apiId}/authorized-clients,path changed,
main/docs/authenticate/identity-providers/calling-an-external-idp-api.mdx,57,en,https://manage.auth0.com/#/applications,rewritten,https://manage.auth0.com/dashboard/#/applications,http → https + new path,
main/docs/authenticate/identity-providers/calling-an-external-idp-api.mdx,71,en,https://manage.auth0.com/#/apis/management/authorized-clients,rewritten,https://manage.auth0.com/dashboard/#/apis/{apiId}/authorized-clients,path changed,
main/docs/authenticate/identity-providers/calling-an-external-idp-api.mdx,71,en,https://manage.auth0.com/#/apis/management/authorized-clients,rewritten,https://manage.auth0.com/dashboard/#/apis/{apiId}/authorized-clients,path changed,
main/docs/authenticate/identity-providers/calling-an-external-idp-api.mdx,79,en,https://manage.auth0.com/#/apis/management/authorized-clients,rewritten,https://manage.auth0.com/dashboard/#/apis/{apiId}/authorized-clients,path changed,
main/docs/authenticate/identity-providers/calling-an-external-idp-api.mdx,79,en,https://manage.auth0.com/#/apis/management/test,rewritten,https://manage.auth0.com/dashboard/#/apis/{apiId}/test,path changed,
main/docs/authenticate/identity-providers/calling-an-external-idp-api.mdx,94,en,https://manage.auth0.com/#/apis,rewritten,https://manage.auth0.com/dashboard/#/apis,http → https + new path,
main/docs/authenticate/identity-providers/calling-an-external-idp-api.mdx,94,en,https://manage.auth0.com/#/apis/management/authorized-clients,rewritten,https://manage.auth0.com/dashboard/#/apis/{apiId}/authorized-clients,path changed,
main/docs/authenticate/identity-providers/calling-an-external-idp-api.mdx,240,en,https://manage.auth0.com/#/users,rewritten,https://manage.auth0.com/dashboard/#/users,add /dashboard/ prefix,
main/docs/authenticate/identity-providers/enterprise-identity-providers/active-directory-ldap.mdx,35,en,https://manage.auth0.com/#/connections/enterprise,rewritten,https://manage.auth0.com/dashboard/#/connections/enterprise,add /dashboard/ prefix,
main/docs/authenticate/identity-providers/enterprise-identity-providers/active-directory-ldap/ad-ldap-connector/ad-ldap-connector-test-environment.mdx,38,en,https://manage.auth0.com/#/connections/enterprise,rewritten,https://manage.auth0.com/dashboard/#/connections/enterprise,add /dashboard/ prefix,
main/docs/authenticate/identity-providers/enterprise-identity-providers/active-directory-ldap/ad-ldap-connector/ad-ldap-connector-test-environment.mdx,55,en,https://manage.auth0.com/#/applications,rewritten,https://manage.auth0.com/dashboard/#/applications,http → https + new path,
main/docs/authenticate/identity-providers/enterprise-identity-providers/active-directory-ldap/ad-ldap-connector/ad-ldap-high-availability.mdx,40,en,https://manage.auth0.com/#/connections/enterprise/ad,rewritten,https://manage.auth0.com/dashboard/#/connections/enterprise/ad,add /dashboard/ prefix,
main/docs/authenticate/identity-providers/enterprise-identity-providers/active-directory-ldap/ad-ldap-connector/configure-ad-ldap-connector-client-certificates.mdx,9,en,https://manage.auth0.com/#/connections/enterprise/ad,rewritten,https://manage.auth0.com/dashboard/#/connections/enterprise/ad,add /dashboard/ prefix,
main/docs/authenticate/identity-providers/enterprise-identity-providers/active-directory-ldap/ad-ldap-connector/configure-ad-ldap-connector-with-kerberos.mdx,9,en,https://manage.auth0.com/#/connections/enterprise/ad,rewritten,https://manage.auth0.com/dashboard/#/connections/enterprise/ad,add /dashboard/ prefix,
main/docs/authenticate/identity-providers/enterprise-identity-providers/active-directory-ldap/ad-ldap-connector/disable-credential-caching.mdx,7,en,https://manage.auth0.com/#/connections/enterprise,rewritten,https://manage.auth0.com/dashboard/#/connections/enterprise,add /dashboard/ prefix,
main/docs/authenticate/identity-providers/enterprise-identity-providers/active-directory-ldap/ad-ldap-connector/install-configure-ad-ldap-connector.mdx,24,en,https://manage.auth0.com/#/connections/enterprise/ad,rewritten,https://manage.auth0.com/dashboard/#/connections/enterprise/ad,add /dashboard/ prefix,
main/docs/authenticate/identity-providers/enterprise-identity-providers/azure-active-directory-native.mdx,140,en,https://manage.auth0.com/#/connections/enterprise,rewritten,https://manage.auth0.com/dashboard/#/connections/enterprise,add /dashboard/ prefix,
main/docs/authenticate/identity-providers/enterprise-identity-providers/azure-active-directory/v2.mdx,102,en,https://manage.auth0.com/#/connections/enterprise,rewritten,https://manage.auth0.com/dashboard/#/connections/enterprise,add /dashboard/ prefix,
main/docs/authenticate/identity-providers/enterprise-identity-providers/azuread-adfs-email-verification.mdx,27,en,https://manage.auth0.com/#/tenant/advanced,rewritten,https://manage.auth0.com/dashboard/#/tenant/advanced,add /dashboard/ prefix,
main/docs/authenticate/identity-providers/enterprise-identity-providers/choose-a-connection-type-for-azure-ad.mdx,21,en,https://manage.auth0.com/dashboard/#/connections/enterprise,unchanged-new,,already in new form,
main/docs/authenticate/identity-providers/enterprise-identity-providers/configure-pkce-claim-mapping-for-oidc.mdx,27,en,https://manage.auth0.com/#/connections/enterprise,rewritten,https://manage.auth0.com/dashboard/#/connections/enterprise,add /dashboard/ prefix,
main/docs/authenticate/identity-providers/enterprise-identity-providers/enable-enterprise-connections.mdx,7,en,https://manage.auth0.com/#/connections/enterprise,rewritten,https://manage.auth0.com/dashboard/#/connections/enterprise,add /dashboard/ prefix,
main/docs/authenticate/identity-providers/enterprise-identity-providers/google-apps.mdx,55,en,https://manage.auth0.com/#/connections/enterprise,rewritten,https://manage.auth0.com/dashboard/#/connections/enterprise,add /dashboard/ prefix,
main/docs/authenticate/identity-providers/enterprise-identity-providers/google-directory-sync.mdx,48,en,https://manage.auth0.com/#/connections/enterprise,rewritten,https://manage.auth0.com/dashboard/#/connections/enterprise,add /dashboard/ prefix,
main/docs/authenticate/identity-providers/enterprise-identity-providers/google-directory-sync.mdx,177,en,https://manage.auth0.com/#/connections/enterprise,rewritten,https://manage.auth0.com/dashboard/#/connections/enterprise,add /dashboard/ prefix,
main/docs/authenticate/identity-providers/enterprise-identity-providers/oidc.mdx,59,en,https://manage.auth0.com/#/connections/enterprise,rewritten,https://manage.auth0.com/dashboard/#/connections/enterprise,add /dashboard/ prefix,
main/docs/authenticate/identity-providers/enterprise-identity-providers/okta/express-configuration.mdx,128,en,https://manage.auth0.com/dashboard/#/applications,unchanged-new,,already in new form,
main/docs/authenticate/identity-providers/enterprise-identity-providers/okta/express-configuration.mdx,438,en,https://manage.auth0.com/dashboard/#/applications/#/okta-integration-network/wizard,rewritten,https://manage.auth0.com/dashboard/#/applications/{yourClientId}/okta-integration-network,path changed,
main/docs/authenticate/identity-providers/enterprise-identity-providers/okta/express-configuration.mdx,450,en,https://manage.auth0.com/dashboard/#/applications/#/okta-integration-network/wizard,rewritten,https://manage.auth0.com/dashboard/#/applications/{yourClientId}/okta-integration-network,path changed,
main/docs/authenticate/identity-providers/enterprise-identity-providers/ping-federate.mdx,54,en,https://manage.auth0.com/#/connections/enterprise,rewritten,https://manage.auth0.com/dashboard/#/connections/enterprise,add /dashboard/ prefix,
main/docs/authenticate/identity-providers/enterprise-identity-providers/saml.mdx,54,en,https://manage.auth0.com/#/connections/enterprise,rewritten,https://manage.auth0.com/dashboard/#/connections/enterprise,add /dashboard/ prefix,
main/docs/authenticate/identity-providers/enterprise-identity-providers/test-enterprise-connections.mdx,10,en,https://manage.auth0.com/#/connections/enterprise,rewritten,https://manage.auth0.com/dashboard/#/connections/enterprise,add /dashboard/ prefix,
main/docs/authenticate/identity-providers/locate-the-connection-id.mdx,7,en,https://manage.auth0.com/#/,unchanged-root,,,
main/docs/authenticate/identity-providers/okta.mdx,58,en,https://manage.auth0.com/#/connections/enterprise,rewritten,https://manage.auth0.com/dashboard/#/connections/enterprise,add /dashboard/ prefix,
main/docs/authenticate/identity-providers/social-identity-providers.mdx,20,en,https://manage.auth0.com/#/connections/social,rewritten,https://manage.auth0.com/dashboard/#/connections,path changed,
main/docs/authenticate/identity-providers/social-identity-providers/apple-native.mdx,42,en,https://manage.auth0.com/#/applications,rewritten,https://manage.auth0.com/dashboard/#/applications,http → https + new path,
main/docs/authenticate/identity-providers/social-identity-providers/apple-native.mdx,47,en,https://manage.auth0.com/#/connections/social,rewritten,https://manage.auth0.com/dashboard/#/connections,path changed,
main/docs/authenticate/identity-providers/social-identity-providers/facebook-native.mdx,32,en,https://manage.auth0.com/#/applications,rewritten,https://manage.auth0.com/dashboard/#/applications,http → https + new path,
main/docs/authenticate/identity-providers/social-identity-providers/github.mdx,17,en,https://manage.auth0.com/#/applications,rewritten,https://manage.auth0.com/dashboard/#/applications,http → https + new path,
main/docs/authenticate/identity-providers/social-identity-providers/github.mdx,42,en,https://manage.auth0.com/#/applications,rewritten,https://manage.auth0.com/dashboard/#/applications,http → https + new path,
main/docs/authenticate/identity-providers/social-identity-providers/github.mdx,66,en,https://manage.auth0.com/#/social,rewritten,https://manage.auth0.com/dashboard/#/connections,http → https + new path,
main/docs/authenticate/identity-providers/social-identity-providers/github.mdx,92,en,https://manage.auth0.com/#/social,rewritten,https://manage.auth0.com/dashboard/#/connections,http → https + new path,
main/docs/authenticate/identity-providers/social-identity-providers/google-native.mdx,72,en,https://manage.auth0.com/#/applications,rewritten,https://manage.auth0.com/dashboard/#/applications,http → https + new path,
main/docs/authenticate/identity-providers/social-identity-providers/google-one-tap.mdx,72,en,https://manage.auth0.com/#/applications,rewritten,https://manage.auth0.com/dashboard/#/applications,http → https + new path,
main/docs/authenticate/identity-providers/social-identity-providers/google-one-tap.mdx,77,en,https://manage.auth0.com/#/connections/social,rewritten,https://manage.auth0.com/dashboard/#/connections,path changed,
main/docs/authenticate/identity-providers/social-identity-providers/google.mdx,21,en,https://manage.auth0.com/#/applications,rewritten,https://manage.auth0.com/dashboard/#/applications,http → https + new path,
main/docs/authenticate/identity-providers/social-identity-providers/google.mdx,66,en,https://manage.auth0.com/#/custom_domains,rewritten,https://manage.auth0.com/dashboard/#/custom-domains-v2,path changed,
main/docs/authenticate/identity-providers/social-identity-providers/google.mdx,109,en,https://manage.auth0.com/#/social,rewritten,https://manage.auth0.com/dashboard/#/connections,http → https + new path,
main/docs/authenticate/identity-providers/social-identity-providers/google.mdx,135,en,https://manage.auth0.com/#/social,rewritten,https://manage.auth0.com/dashboard/#/connections,http → https + new path,
main/docs/authenticate/identity-providers/social-identity-providers/oauth2.mdx,9,en,https://manage.auth0.com/#,unchanged-root,,,
main/docs/authenticate/identity-providers/social-identity-providers/oauth2.mdx,11,en,https://manage.auth0.com/#/connections/social,rewritten,https://manage.auth0.com/dashboard/#/connections,path changed,
main/docs/authenticate/identity-providers/social-identity-providers/tiktok.mdx,31,en,http://manage.auth0.com/#/applications,rewritten,https://manage.auth0.com/dashboard/#/applications,http → https + new path,
main/docs/authenticate/identity-providers/social-identity-providers/tiktok.mdx,39,en,http://manage.auth0.com/#/social,rewritten,https://manage.auth0.com/dashboard/#/connections,http → https + new path,
main/docs/authenticate/identity-providers/social-identity-providers/tiktok.mdx,89,en,http://manage.auth0.com/#/applications,rewritten,https://manage.auth0.com/dashboard/#/applications,http → https + new path,
main/docs/authenticate/identity-providers/social-identity-providers/tiktok.mdx,99,en,http://manage.auth0.com/#/apis,rewritten,https://manage.auth0.com/dashboard/#/apis,http → https + new path,
main/docs/authenticate/identity-providers/test-connections.mdx,11,en,https://manage.auth0.com/#,unchanged-root,,,
main/docs/authenticate/identity-providers/test-connections.mdx,24,en,https://manage.auth0.com/#/applications,rewritten,https://manage.auth0.com/dashboard/#/applications,http → https + new path,
main/docs/authenticate/identity-providers/view-connections.mdx,7,en,https://manage.auth0.com/#/connections,rewritten,https://manage.auth0.com/dashboard/#/connections,add /dashboard/ prefix,
main/docs/authenticate/identity-providers/view-connections.mdx,10,en,https://manage.auth0.com/#/connections/database,rewritten,https://manage.auth0.com/dashboard/#/authentication/database,http → https + new path,
main/docs/authenticate/identity-providers/view-connections.mdx,11,en,https://manage.auth0.com/#/connections/social,rewritten,https://manage.auth0.com/dashboard/#/connections,path changed,
main/docs/authenticate/identity-providers/view-connections.mdx,12,en,https://manage.auth0.com/#/connections/enterprise,rewritten,https://manage.auth0.com/dashboard/#/connections/enterprise,add /dashboard/ prefix,
main/docs/authenticate/identity-providers/view-connections.mdx,13,en,https://manage.auth0.com/#/connections/passwordless,rewritten,https://manage.auth0.com/dashboard/#/authentication/passwordless,path changed,
main/docs/authenticate/login/auth0-universal-login.mdx,20,en,https://manage.auth0.com/#/universal-login/customizations-new,rewritten,https://manage.auth0.com/dashboard/#/pages,path changed,
main/docs/authenticate/login/auth0-universal-login/configure-default-login-routes.mdx,11,en,https://manage.auth0.com/#/applications/settings,rewritten,https://manage.auth0.com/dashboard/#/applications/{yourClientId}/settings,path changed,
main/docs/authenticate/login/auth0-universal-login/configure-default-login-routes.mdx,11,en,https://manage.auth0.com/#/tenant/advanced,rewritten,https://manage.auth0.com/dashboard/#/tenant/advanced,add /dashboard/ prefix,
main/docs/authenticate/login/auth0-universal-login/error-pages.mdx,11,en,https://manage.auth0.com/#/tenant/,rewritten,https://manage.auth0.com/dashboard/#/tenant/general,path changed,
main/docs/authenticate/login/auth0-universal-login/identifier-first.mdx,19,en,https://manage.auth0.com/#/authentication-profiles,rewritten,https://manage.auth0.com/dashboard/#/authentication/authentication-profile,path changed,
main/docs/authenticate/login/auth0-universal-login/identifier-first.mdx,31,en,https://manage.auth0.com/#/connections/enterprise,rewritten,https://manage.auth0.com/dashboard/#/connections/enterprise,add /dashboard/ prefix,
main/docs/authenticate/login/auth0-universal-login/passwordless-login/email-or-sms.mdx,19,en,https://manage.auth0.com/#/login_settings,rewritten,https://manage.auth0.com/dashboard/#/login_settings,add /dashboard/ prefix,
main/docs/authenticate/login/auth0-universal-login/passwordless-login/webauthn-device-biometrics.mdx,11,en,https://manage.auth0.com/#/connections/database,rewritten,https://manage.auth0.com/dashboard/#/authentication/database,http → https + new path,
main/docs/authenticate/login/auth0-universal-login/passwordless-login/webauthn-device-biometrics.mdx,19,en,https://manage.auth0.com/#/login_settings,rewritten,https://manage.auth0.com/dashboard/#/login_settings,add /dashboard/ prefix,
main/docs/authenticate/login/auth0-universal-login/passwordless-login/webauthn-device-biometrics.mdx,20,en,https://manage.auth0.com/#/authentication-profiles,rewritten,https://manage.auth0.com/dashboard/#/authentication/authentication-profile,path changed,
main/docs/authenticate/login/auth0-universal-login/universal-login-vs-classic-login/universal-experience.mdx,51,en,https://manage.auth0.com/#/mfa,rewritten,https://manage.auth0.com/dashboard/#/authentication/mfa,path changed,
main/docs/authenticate/login/auth0-universal-login/universal-login-vs-classic-login/universal-experience.mdx,52,en,https://manage.auth0.com/#/mfa,rewritten,https://manage.auth0.com/dashboard/#/authentication/mfa,path changed,
main/docs/authenticate/login/configure-silent-authentication.mdx,63,en,https://manage.auth0.com/#/applications,rewritten,https://manage.auth0.com/dashboard/#/applications,http → https + new path,
main/docs/authenticate/login/logout/back-channel-logout/configure-back-channel-logout.mdx,50,en,https://manage.auth0.com/#/applications,rewritten,https://manage.auth0.com/dashboard/#/applications,http → https + new path,
main/docs/authenticate/login/logout/back-channel-logout/configure-back-channel-logout.mdx,64,en,http://manage.auth0.com/#/applications,rewritten,https://manage.auth0.com/dashboard/#/applications,http → https + new path,
main/docs/authenticate/login/logout/log-users-out-of-auth0.mdx,65,en,https://manage.auth0.com/#/tenant/advanced,rewritten,https://manage.auth0.com/dashboard/#/tenant/advanced,add /dashboard/ prefix,
main/docs/authenticate/login/logout/log-users-out-of-auth0.mdx,186,en,https://manage.auth0.com/#/applications,rewritten,https://manage.auth0.com/dashboard/#/applications,http → https + new path,
main/docs/authenticate/login/logout/log-users-out-of-auth0.mdx,218,en,https://manage.auth0.com/#/tenant/advanced,rewritten,https://manage.auth0.com/dashboard/#/tenant/advanced,add /dashboard/ prefix,
main/docs/authenticate/login/logout/log-users-out-of-auth0.mdx,296,en,https://manage.auth0.com/#/tenant/advanced,rewritten,https://manage.auth0.com/dashboard/#/tenant/advanced,add /dashboard/ prefix,
main/docs/authenticate/login/logout/log-users-out-of-saml-idps.mdx,15,en,https://manage.auth0.com/#/connections/enterprise/samlp,rewritten,https://manage.auth0.com/dashboard/#/connections/enterprise/samlp,add /dashboard/ prefix,
main/docs/authenticate/login/logout/log-users-out-of-saml-idps.mdx,29,en,https://manage.auth0.com/#/applications,rewritten,https://manage.auth0.com/dashboard/#/applications,http → https + new path,
main/docs/authenticate/login/logout/redirect-users-after-logout.mdx,13,en,https://manage.auth0.com/#/tenant/advanced,rewritten,https://manage.auth0.com/dashboard/#/tenant/advanced,add /dashboard/ prefix,
main/docs/authenticate/login/logout/redirect-users-after-logout.mdx,15,en,https://manage.auth0.com/#/tenant/advanced,rewritten,https://manage.auth0.com/dashboard/#/tenant/advanced,add /dashboard/ prefix,
main/docs/authenticate/login/logout/redirect-users-after-logout.mdx,55,en,https://manage.auth0.com/#,unchanged-root,,,
main/docs/authenticate/login/logout/universal-logout.mdx,45,en,https://manage.auth0.com/#/connections/enterprise/okta,rewritten,https://manage.auth0.com/dashboard/#/connections/enterprise/okta,add /dashboard/ prefix,
main/docs/authenticate/login/logout/universal-logout.mdx,56,en,https://manage.auth0.com/#/connections/enterprise/oidc,rewritten,https://manage.auth0.com/dashboard/#/connections/enterprise/oidc,add /dashboard/ prefix,
main/docs/authenticate/login/logout/universal-logout.mdx,62,en,https://manage.auth0.com/#/connections/enterprise/samlp,rewritten,https://manage.auth0.com/dashboard/#/connections/enterprise/samlp,add /dashboard/ prefix,
main/docs/authenticate/login/logout/universal-logout.mdx,112,en,https://manage.auth0.com/#/*/logs,rewritten,https://manage.auth0.com/dashboard/#/logging/logs,path changed,
main/docs/authenticate/login/oidc-conformant-authentication.mdx,31,en,https://manage.auth0.com/#/applications,rewritten,https://manage.auth0.com/dashboard/#/applications,http → https + new path,
main/docs/authenticate/login/redirect-users-after-login.mdx,9,en,https://manage.auth0.com/#/applications/{yourClientId}/settings,rewritten,https://manage.auth0.com/dashboard/#/applications/{yourClientId}/settings,path changed,
main/docs/authenticate/passwordless/authentication-methods/email-magic-link.mdx,38,en,https://manage.auth0.com/#/connections/passwordless,rewritten,https://manage.auth0.com/dashboard/#/authentication/passwordless,path changed,
main/docs/authenticate/passwordless/authentication-methods/email-magic-link.mdx,90,en,https://manage.auth0.com/#/login_settings,rewritten,https://manage.auth0.com/dashboard/#/login_settings,add /dashboard/ prefix,
main/docs/authenticate/passwordless/authentication-methods/email-otp.mdx,25,en,https://manage.auth0.com/#/connections/passwordless,rewritten,https://manage.auth0.com/dashboard/#/authentication/passwordless,path changed,
main/docs/authenticate/passwordless/authentication-methods/sms-otp.mdx,25,en,https://manage.auth0.com/#/phone/templates/phone/provider,rewritten,https://manage.auth0.com/dashboard/#/phone/provider,path changed,
main/docs/authenticate/passwordless/best-practices.mdx,54,en,https://manage.auth0.com/#/connections/passwordless,rewritten,https://manage.auth0.com/dashboard/#/authentication/passwordless,path changed,
main/docs/authenticate/passwordless/implement-login/embedded-login/native.mdx,9,en,https://manage.auth0.com/#/applications,rewritten,https://manage.auth0.com/dashboard/#/applications,http → https + new path,
main/docs/authenticate/passwordless/implement-login/embedded-login/relevant-api-endpoints.mdx,21,en,https://manage.auth0.com/#/applications,rewritten,https://manage.auth0.com/dashboard/#/applications,http → https + new path,
main/docs/authenticate/passwordless/implement-login/embedded-login/relevant-api-endpoints.mdx,60,en,https://manage.auth0.com/#/applications,rewritten,https://manage.auth0.com/dashboard/#/applications,http → https + new path,
main/docs/authenticate/passwordless/implement-login/embedded-login/spa.mdx,22,en,https://manage.auth0.com/#/applications,rewritten,https://manage.auth0.com/dashboard/#/applications,http → https + new path,
main/docs/authenticate/passwordless/implement-login/embedded-login/webapps.mdx,9,en,https://manage.auth0.com/#/applications,rewritten,https://manage.auth0.com/dashboard/#/applications,http → https + new path,
main/docs/authenticate/passwordless/implement-login/universal-login.mdx,9,en,https://manage.auth0.com/#/login_settings,rewritten,https://manage.auth0.com/dashboard/#/login_settings,add /dashboard/ prefix,
main/docs/authenticate/passwordless/passwordless-with-universal-login.mdx,23,en,https://manage.auth0.com/?/authentication-profiles,rewritten,https://manage.auth0.com/dashboard/#/authentication/authentication-profile,path changed,
main/docs/authenticate/passwordless/sample-use-cases-actions.mdx,13,en,https://manage.auth0.com/#/templates/provider,rewritten,https://manage.auth0.com/dashboard/#/phone/provider,path changed,
main/docs/authenticate/passwordless/sample-use-cases-actions.mdx,62,en,https://manage.auth0.com/dashboard/#/phone/templates/phone/provider,rewritten,https://manage.auth0.com/dashboard/#/phone/provider,path changed,
main/docs/authenticate/protocols/oauth.mdx,85,en,https://manage.auth0.com/#/applications/{yourClientId}/settings,rewritten,https://manage.auth0.com/dashboard/#/applications/{yourClientId}/settings,path changed,
main/docs/authenticate/protocols/saml/saml-configuration/configure-auth0-as-service-and-identity-provider.mdx,17,en,https://manage.auth0.com/#/,unchanged-root,,,
main/docs/authenticate/protocols/saml/saml-configuration/configure-auth0-as-service-and-identity-provider.mdx,27,en,https://manage.auth0.com/#/applications,rewritten,https://manage.auth0.com/dashboard/#/applications,http → https + new path,
main/docs/authenticate/protocols/saml/saml-configuration/configure-auth0-as-service-and-identity-provider.mdx,35,en,https://manage.auth0.com/#/users,rewritten,https://manage.auth0.com/dashboard/#/users,add /dashboard/ prefix,
main/docs/authenticate/protocols/saml/saml-configuration/configure-auth0-as-service-and-identity-provider.mdx,46,en,https://manage.auth0.com/#/connections/enterprise,rewritten,https://manage.auth0.com/dashboard/#/connections/enterprise,add /dashboard/ prefix,
main/docs/authenticate/protocols/saml/saml-configuration/configure-auth0-as-service-and-identity-provider.mdx,69,en,https://manage.auth0.com/#/applications,rewritten,https://manage.auth0.com/dashboard/#/applications,http → https + new path,
main/docs/authenticate/protocols/saml/saml-configuration/configure-auth0-as-service-and-identity-provider.mdx,88,en,https://manage.auth0.com/#/applications,rewritten,https://manage.auth0.com/dashboard/#/applications,http → https + new path,
main/docs/authenticate/protocols/saml/saml-configuration/configure-auth0-as-service-and-identity-provider.mdx,100,en,https://manage.auth0.com/#/connections/enterprise,rewritten,https://manage.auth0.com/dashboard/#/connections/enterprise,add /dashboard/ prefix,
main/docs/authenticate/protocols/saml/saml-configuration/configure-auth0-as-service-and-identity-provider.mdx,171,en,https://manage.auth0.com/#/applications,rewritten,https://manage.auth0.com/dashboard/#/applications,http → https + new path,
main/docs/authenticate/protocols/saml/saml-configuration/customize-saml-assertions.mdx,13,en,https://manage.auth0.com/#/applications/{yourClientId}/addons,rewritten,https://manage.auth0.com/dashboard/#/applications/{yourClientId}/addons,path changed,
main/docs/authenticate/protocols/saml/saml-configuration/deprovision-users-in-saml-integrations.mdx,9,en,https://manage.auth0.com/#/users,rewritten,https://manage.auth0.com/dashboard/#/users,add /dashboard/ prefix,
main/docs/authenticate/protocols/saml/saml-sso-integrations/configure-auth0-saml-service-provider.mdx,26,en,https://manage.auth0.com/#/connections/enterprise/samlp,rewritten,https://manage.auth0.com/dashboard/#/connections/enterprise/samlp,add /dashboard/ prefix,
main/docs/authenticate/protocols/saml/saml-sso-integrations/configure-auth0-saml-service-provider.mdx,124,en,https://manage.auth0.com/#/connections/enterprise/samlp,rewritten,https://manage.auth0.com/dashboard/#/connections/enterprise/samlp,add /dashboard/ prefix,
main/docs/authenticate/protocols/saml/saml-sso-integrations/configure-auth0-saml-service-provider.mdx,156,en,https://manage.auth0.com/#/connections/enterprise/samlp,rewritten,https://manage.auth0.com/dashboard/#/connections/enterprise/samlp,add /dashboard/ prefix,
main/docs/authenticate/protocols/saml/saml-sso-integrations/configure-auth0-saml-service-provider/configure-adfs-saml-connections.mdx,113,en,https://manage.auth0.com/#/connections/enterprise/samlp,rewritten,https://manage.auth0.com/dashboard/#/connections/enterprise/samlp,add /dashboard/ prefix,
main/docs/authenticate/protocols/saml/saml-sso-integrations/configure-auth0-saml-service-provider/configure-okta-as-saml-identity-provider.mdx,54,en,https://manage.auth0.com/#,unchanged-root,,,
main/docs/authenticate/protocols/saml/saml-sso-integrations/configure-auth0-saml-service-provider/configure-okta-as-saml-identity-provider.mdx,55,en,https://manage.auth0.com/#/connections/enterprise/samlp,rewritten,https://manage.auth0.com/dashboard/#/connections/enterprise/samlp,add /dashboard/ prefix,
main/docs/authenticate/protocols/saml/saml-sso-integrations/configure-auth0-saml-service-provider/configure-okta-as-saml-identity-provider.mdx,74,en,https://manage.auth0.com/#,unchanged-root,,,
main/docs/authenticate/protocols/saml/saml-sso-integrations/configure-auth0-saml-service-provider/configure-okta-as-saml-identity-provider.mdx,75,en,https://manage.auth0.com/#/organizations,rewritten,https://manage.auth0.com/dashboard/#/organizations/list,path changed,
main/docs/authenticate/protocols/saml/saml-sso-integrations/configure-auth0-saml-service-provider/configure-okta-as-saml-identity-provider.mdx,84,en,https://manage.auth0.com/#,unchanged-root,,,
main/docs/authenticate/protocols/saml/saml-sso-integrations/configure-auth0-saml-service-provider/configure-okta-as-saml-identity-provider.mdx,85,en,https://manage.auth0.com/#/connections/enterprise/samlp,rewritten,https://manage.auth0.com/dashboard/#/connections/enterprise/samlp,add /dashboard/ prefix,
main/docs/authenticate/protocols/saml/saml-sso-integrations/configure-auth0-saml-service-provider/configure-okta-as-saml-identity-provider.mdx,92,en,https://manage.auth0.com/#,unchanged-root,,,
main/docs/authenticate/protocols/saml/saml-sso-integrations/configure-auth0-saml-service-provider/configure-okta-as-saml-identity-provider.mdx,93,en,https://manage.auth0.com/#/connections/enterprise/samlp,rewritten,https://manage.auth0.com/dashboard/#/connections/enterprise/samlp,add /dashboard/ prefix,
main/docs/authenticate/protocols/saml/saml-sso-integrations/configure-auth0-saml-service-provider/configure-onelogin-as-saml-identity-provider.mdx,27,en,https://manage.auth0.com/#,unchanged-root,,,
main/docs/authenticate/protocols/saml/saml-sso-integrations/configure-auth0-saml-service-provider/configure-onelogin-as-saml-identity-provider.mdx,92,en,https://manage.auth0.com/#/connections/enterprise,rewritten,https://manage.auth0.com/dashboard/#/connections/enterprise,add /dashboard/ prefix,
main/docs/authenticate/protocols/saml/saml-sso-integrations/configure-auth0-saml-service-provider/configure-onelogin-as-saml-identity-provider.mdx,107,en,https://manage.auth0.com/#/connections/enterprise,rewritten,https://manage.auth0.com/dashboard/#/connections/enterprise,add /dashboard/ prefix,
main/docs/authenticate/protocols/saml/saml-sso-integrations/configure-auth0-saml-service-provider/configure-onelogin-as-saml-identity-provider.mdx,108,en,https://manage.auth0.com/#/users,rewritten,https://manage.auth0.com/dashboard/#/users,add /dashboard/ prefix,
main/docs/authenticate/protocols/saml/saml-sso-integrations/configure-auth0-saml-service-provider/configure-salesforce-as-saml-identity-provider.mdx,32,en,https://manage.auth0.com/#/connections/enterprise,rewritten,https://manage.auth0.com/dashboard/#/connections/enterprise,add /dashboard/ prefix,
main/docs/authenticate/protocols/saml/saml-sso-integrations/configure-auth0-saml-service-provider/configure-salesforce-as-saml-identity-provider.mdx,83,en,https://manage.auth0.com/#/connections/enterprise,rewritten,https://manage.auth0.com/dashboard/#/connections/enterprise,add /dashboard/ prefix,
main/docs/authenticate/protocols/saml/saml-sso-integrations/configure-auth0-saml-service-provider/configure-ssocircle-as-saml-identity-provider.mdx,27,en,https://manage.auth0.com/#/connections,rewritten,https://manage.auth0.com/dashboard/#/connections,add /dashboard/ prefix,
main/docs/authenticate/protocols/saml/saml-sso-integrations/configure-auth0-saml-service-provider/configure-ssocircle-as-saml-identity-provider.mdx,76,en,https://manage.auth0.com/#,unchanged-root,,,
main/docs/authenticate/protocols/saml/saml-sso-integrations/configure-idp-initiated-saml-sign-on-to-oidc-apps.mdx,112,en,https://manage.auth0.com/#/applications,rewritten,https://manage.auth0.com/dashboard/#/applications,http → https + new path,
main/docs/authenticate/protocols/saml/saml-sso-integrations/configure-idp-initiated-saml-sign-on-to-oidc-apps.mdx,118,en,https://manage.auth0.com/#/connections/enterprise/samlp,rewritten,https://manage.auth0.com/dashboard/#/connections/enterprise/samlp,add /dashboard/ prefix,
main/docs/authenticate/protocols/saml/saml-sso-integrations/enable-saml2-web-app-addon.mdx,7,en,https://manage.auth0.com/#/applications,rewritten,https://manage.auth0.com/dashboard/#/applications,http → https + new path,
main/docs/authenticate/protocols/saml/saml-sso-integrations/identity-provider-initiated-single-sign-on.mdx,84,en,https://manage.auth0.com/#/connections/enterprise,rewritten,https://manage.auth0.com/dashboard/#/connections/enterprise,add /dashboard/ prefix,
main/docs/authenticate/protocols/saml/saml-sso-integrations/sign-and-encrypt-saml-requests.mdx,21,en,https://manage.auth0.com/#/connections/enterprise,rewritten,https://manage.auth0.com/dashboard/#/connections/enterprise,add /dashboard/ prefix,
main/docs/authenticate/protocols/saml/saml-sso-integrations/sign-and-encrypt-saml-requests.mdx,90,en,https://manage.auth0.com/#/connections/enterprise,rewritten,https://manage.auth0.com/dashboard/#/connections/enterprise,add /dashboard/ prefix,
main/docs/authenticate/protocols/saml/saml-sso-integrations/sign-and-encrypt-saml-requests.mdx,187,en,https://manage.auth0.com/#/applications,rewritten,https://manage.auth0.com/dashboard/#/applications,http → https + new path,
main/docs/authenticate/protocols/saml/saml-sso-integrations/sign-and-encrypt-saml-requests.mdx,194,en,https://manage.auth0.com/#/applications,rewritten,https://manage.auth0.com/dashboard/#/applications,http → https + new path,
main/docs/authenticate/protocols/saml/saml-sso-integrations/sign-and-encrypt-saml-requests.mdx,261,en,https://manage.auth0.com/#/tenant/signing_keys,rewritten,https://manage.auth0.com/dashboard/#/tenant/signing_keys,add /dashboard/ prefix,
main/docs/authenticate/protocols/saml/saml-sso-integrations/sign-and-encrypt-saml-requests.mdx,295,en,https://manage.auth0.com/#/applications,rewritten,https://manage.auth0.com/dashboard/#/applications,http → https + new path,
main/docs/authenticate/protocols/scim/configure-inbound-scim.mdx,22,en,https://manage.auth0.com/#/,unchanged-root,,,
main/docs/authenticate/protocols/scim/configure-inbound-scim.mdx,23,en,https://manage.auth0.com/#/connections/enterprise/,rewritten,https://manage.auth0.com/dashboard/#/connections/enterprise,add /dashboard/ prefix,
main/docs/authenticate/protocols/scim/configure-inbound-scim.mdx,40,en,https://manage.auth0.com/#/users,rewritten,https://manage.auth0.com/dashboard/#/users,add /dashboard/ prefix,
main/docs/authenticate/protocols/scim/configure-inbound-scim.mdx,40,en,https://manage.auth0.com/#/enterprise-groups,rewritten,https://manage.auth0.com/dashboard/#/enterprise-groups,add /dashboard/ prefix,
main/docs/authenticate/protocols/scim/configure-inbound-scim.mdx,40,en,https://manage.auth0.com/#/logs,rewritten,https://manage.auth0.com/dashboard/#/logging/logs,path changed,
main/docs/authenticate/protocols/scim/configure-inbound-scim.mdx,106,en,https://manage.auth0.com/#/logs,rewritten,https://manage.auth0.com/dashboard/#/logging/logs,path changed,
main/docs/authenticate/protocols/scim/inbound-scim-for-azure-ad-saml-connections.mdx,17,en,https://manage.auth0.com/#/,unchanged-root,,,
main/docs/authenticate/protocols/scim/inbound-scim-for-azure-ad-saml-connections.mdx,35,en,https://manage.auth0.com/#/,unchanged-root,,,
main/docs/authenticate/protocols/scim/inbound-scim-for-new-azure-ad-connections.mdx,16,en,https://manage.auth0.com/#/,unchanged-root,,,
main/docs/authenticate/protocols/scim/inbound-scim-for-new-azure-ad-connections.mdx,27,en,https://manage.auth0.com/#/,unchanged-root,,,
main/docs/authenticate/protocols/scim/inbound-scim-for-okta-workforce-connections.mdx,18,en,https://manage.auth0.com/#/,unchanged-root,,,
main/docs/authenticate/protocols/scim/inbound-scim-for-okta-workforce-saml-connections.mdx,14,en,https://manage.auth0.com/#/,unchanged-root,,,
main/docs/authenticate/protocols/scim/inbound-scim-for-older-azure-ad-connections.mdx,18,en,https://manage.auth0.com/#/,unchanged-root,,,
main/docs/authenticate/protocols/scim/manage-an-inbound-scim-deployment-with-the-management-api.mdx,12,en,https://manage.auth0.com/#/,unchanged-root,,,
main/docs/authenticate/protocols/ws-fed-protocol.mdx,13,en,https://manage.auth0.com/#/applications/{yourClientId}/settings,rewritten,https://manage.auth0.com/dashboard/#/applications/{yourClientId}/settings,path changed,
main/docs/authenticate/single-sign-on/native-to-web/configure-implement-native-to-web.mdx,59,en,https://manage.auth0.com/dashboard/#/applications,unchanged-new,,already in new form,
main/docs/authenticate/single-sign-on/native-to-web/configure-implement-native-to-web.mdx,97,en,https://manage.auth0.com/dashboard/#/applications,unchanged-new,,already in new form,
main/docs/authenticate/single-sign-on/outbound-single-sign-on/configure-auth0-saml-identity-provider.mdx,10,en,https://manage.auth0.com/#/externalapps,rewritten,https://manage.auth0.com/dashboard/#/applications/sso,path changed,
main/docs/authenticate/single-sign-on/outbound-single-sign-on/configure-auth0-saml-identity-provider.mdx,28,en,https://manage.auth0.com/#/applications,rewritten,https://manage.auth0.com/dashboard/#/applications,http → https + new path,
main/docs/authenticate/single-sign-on/outbound-single-sign-on/configure-auth0-saml-identity-provider/configure-auth0-as-identity-provider-for-atlassian.mdx,7,en,https://manage.auth0.com/#/applications,rewritten,https://manage.auth0.com/dashboard/#/applications,http → https + new path,
main/docs/authenticate/single-sign-on/outbound-single-sign-on/configure-auth0-saml-identity-provider/configure-auth0-as-identity-provider-for-cisco-webex.mdx,7,en,https://manage.auth0.com/#/applications,rewritten,https://manage.auth0.com/dashboard/#/applications,http → https + new path,
main/docs/authenticate/single-sign-on/outbound-single-sign-on/configure-auth0-saml-identity-provider/configure-auth0-as-identity-provider-for-datadog.mdx,7,en,https://manage.auth0.com/#/applications,rewritten,https://manage.auth0.com/dashboard/#/applications,http → https + new path,
main/docs/authenticate/single-sign-on/outbound-single-sign-on/configure-auth0-saml-identity-provider/configure-auth0-as-identity-provider-for-egencia.mdx,7,en,https://manage.auth0.com/#/applications,rewritten,https://manage.auth0.com/dashboard/#/applications,http → https + new path,
main/docs/authenticate/single-sign-on/outbound-single-sign-on/configure-auth0-saml-identity-provider/configure-auth0-as-identity-provider-for-freshdesk.mdx,7,en,https://manage.auth0.com/#/applications,rewritten,https://manage.auth0.com/dashboard/#/applications,http → https + new path,
main/docs/authenticate/single-sign-on/outbound-single-sign-on/configure-auth0-saml-identity-provider/configure-auth0-as-identity-provider-for-hosted-graphite.mdx,7,en,https://manage.auth0.com/#/applications,rewritten,https://manage.auth0.com/dashboard/#/applications,http → https + new path,
main/docs/authenticate/single-sign-on/outbound-single-sign-on/configure-auth0-saml-identity-provider/configure-auth0-as-identity-provider-for-litmos.mdx,31,en,https://manage.auth0.com/#/applications,rewritten,https://manage.auth0.com/dashboard/#/applications,http → https + new path,
main/docs/authenticate/single-sign-on/outbound-single-sign-on/configure-auth0-saml-identity-provider/configure-auth0-as-identity-provider-for-pluralsight.mdx,7,en,https://manage.auth0.com/#/applications,rewritten,https://manage.auth0.com/dashboard/#/applications,http → https + new path,
main/docs/authenticate/single-sign-on/outbound-single-sign-on/configure-auth0-saml-identity-provider/configure-auth0-as-identity-provider-for-sprout-video.mdx,7,en,https://manage.auth0.com/#/applications,rewritten,https://manage.auth0.com/dashboard/#/applications,http → https + new path,
main/docs/authenticate/single-sign-on/outbound-single-sign-on/configure-auth0-saml-identity-provider/configure-auth0-as-identity-provider-for-tableau-online.mdx,7,en,https://manage.auth0.com/#/applications,rewritten,https://manage.auth0.com/dashboard/#/applications,http → https + new path,
main/docs/authenticate/single-sign-on/outbound-single-sign-on/configure-auth0-saml-identity-provider/configure-auth0-as-identity-provider-for-tableau-server.mdx,7,en,https://manage.auth0.com/#/applications,rewritten,https://manage.auth0.com/dashboard/#/applications,http → https + new path,
main/docs/authenticate/single-sign-on/outbound-single-sign-on/configure-auth0-saml-identity-provider/configure-auth0-as-identity-provider-for-workday.mdx,7,en,https://manage.auth0.com/#/applications,rewritten,https://manage.auth0.com/dashboard/#/applications,http → https + new path,
main/docs/authenticate/single-sign-on/outbound-single-sign-on/configure-auth0-saml-identity-provider/configure-auth0-as-identity-provider-for-workpath.mdx,7,en,https://manage.auth0.com/#/applications,rewritten,https://manage.auth0.com/dashboard/#/applications,http → https + new path,
main/docs/authenticate/single-sign-on/outbound-single-sign-on/configure-auth0-saml-identity-provider/configure-auth0-as-idp-for-google-g-suite.mdx,7,en,https://manage.auth0.com/#/applications,rewritten,https://manage.auth0.com/dashboard/#/applications,http → https + new path,
main/docs/authenticate/single-sign-on/outbound-single-sign-on/configure-auth0-saml-identity-provider/configure-saml2-addon-eloqua.mdx,9,en,https://manage.auth0.com/#/applications,rewritten,https://manage.auth0.com/dashboard/#/applications,http → https + new path,
main/docs/authenticate/single-sign-on/outbound-single-sign-on/configure-auth0-saml-identity-provider/configure-saml2-addon-eloqua.mdx,59,en,https://manage.auth0.com/#/applications,rewritten,https://manage.auth0.com/dashboard/#/applications,http → https + new path,
main/docs/authenticate/single-sign-on/outbound-single-sign-on/configure-auth0-saml-identity-provider/configure-saml2-web-app-addon-for-aws.mdx,7,en,https://manage.auth0.com/#/applications,rewritten,https://manage.auth0.com/dashboard/#/applications,http → https + new path,
main/docs/authenticate/single-sign-on/outbound-single-sign-on/configure-auth0-saml-identity-provider/configure-saml2-web-app-addon-for-github-enterprise-cloud.mdx,12,en,https://manage.auth0.com/#/applications,rewritten,https://manage.auth0.com/dashboard/#/applications,http → https + new path,
main/docs/authenticate/single-sign-on/outbound-single-sign-on/configure-auth0-saml-identity-provider/configure-saml2-web-app-addon-for-github-enterprise-cloud.mdx,13,en,https://manage.auth0.com/#/applications/{yourClientId}/addons,rewritten,https://manage.auth0.com/dashboard/#/applications/{yourClientId}/addons,path changed,
main/docs/authenticate/single-sign-on/outbound-single-sign-on/configure-auth0-saml-identity-provider/configure-saml2-web-app-addon-for-github-enterprise-server.mdx,9,en,https://manage.auth0.com/#/applications,rewritten,https://manage.auth0.com/dashboard/#/applications,http → https + new path,
main/docs/authenticate/single-sign-on/outbound-single-sign-on/configure-auth0-saml-identity-provider/configure-saml2-web-app-addon-for-github-enterprise-server.mdx,10,en,https://manage.auth0.com/#/applications/{yourClientId}/addons,rewritten,https://manage.auth0.com/dashboard/#/applications/{yourClientId}/addons,path changed,
main/docs/authenticate/single-sign-on/outbound-single-sign-on/configure-auth0-saml-identity-provider/configure-saml2-web-app-addon-for-heroku.mdx,9,en,https://manage.auth0.com/#/applications,rewritten,https://manage.auth0.com/dashboard/#/applications,http → https + new path,
main/docs/customize/actions/actions-real-time-logs.mdx,19,en,https://manage.auth0.com/#/tenant/action-logs,rewritten,https://manage.auth0.com/dashboard/#/actions/logs,path changed,
main/docs/customize/actions/actions-real-time-logs.mdx,93,en,https://manage.auth0.com/#/tenant/action-logs,rewritten,https://manage.auth0.com/dashboard/#/actions/logs,path changed,
main/docs/customize/actions/explore-triggers/post-login.mdx,56,en,https://manage.auth0.com/#/apis,rewritten,https://manage.auth0.com/dashboard/#/apis,http → https + new path,
main/docs/customize/actions/manage-dependencies.mdx,11,en,https://manage.auth0.com/#/actions/library,rewritten,https://manage.auth0.com/dashboard/#/actions/custom,path changed,
main/docs/customize/actions/manage-versions.mdx,11,en,https://manage.auth0.com/#/actions/library,rewritten,https://manage.auth0.com/dashboard/#/actions/custom,path changed,
main/docs/customize/actions/manage-versions.mdx,21,en,https://manage.auth0.com/#/actions/library,rewritten,https://manage.auth0.com/dashboard/#/actions/custom,path changed,
main/docs/customize/actions/migrate/migrate-a-rule-to-an-action.mdx,5,en,https://manage.auth0.com/,unchanged-root,,,
main/docs/customize/actions/migrate/migrate-from-hooks-to-actions.mdx,53,en,https://manage.auth0.com/#/select-tenant?path=/actions/library,rewritten,https://manage.auth0.com/dashboard/#/actions/custom,path changed,
main/docs/customize/actions/migrate/migrate-from-rules-to-actions.mdx,55,en,https://manage.auth0.com/#/select-tenant?path=/actions/library,rewritten,https://manage.auth0.com/dashboard/#/actions/custom,path changed,
main/docs/customize/actions/modules/write-your-first-action-module.mdx,19,en,https://manage.auth0.com/#/actions/library,rewritten,https://manage.auth0.com/dashboard/#/actions/custom,path changed,
main/docs/customize/actions/modules/write-your-first-action-module.mdx,587,en,https://manage.auth0.com/#/actions/library,rewritten,https://manage.auth0.com/dashboard/#/actions/custom,path changed,
main/docs/customize/actions/test-actions.mdx,13,en,https://manage.auth0.com/#/actions,rewritten,https://manage.auth0.com/dashboard/#/actions,add /dashboard/ prefix,
main/docs/customize/actions/test-actions.mdx,35,en,https://manage.auth0.com/#/authentication-profiles,rewritten,https://manage.auth0.com/dashboard/#/authentication/authentication-profile,path changed,
main/docs/customize/actions/write-your-first-action.mdx,31,en,https://manage.auth0.com/#/actions/library,rewritten,https://manage.auth0.com/dashboard/#/actions/custom,path changed,
main/docs/customize/actions/write-your-first-action.mdx,42,en,https://manage.auth0.com/#/actions/library,rewritten,https://manage.auth0.com/dashboard/#/actions/custom,path changed,
main/docs/customize/actions/write-your-first-action.mdx,143,en,https://manage.auth0.com/#/actions/flows,rewritten,https://manage.auth0.com/dashboard/#/actions/triggers,path changed,
main/docs/customize/actions/write-your-first-action.mdx,153,en,https://manage.auth0.com/#/logs,rewritten,https://manage.auth0.com/dashboard/#/logging/logs,path changed,
main/docs/customize/custom-domains.mdx,40,en,https://manage.auth0.com/#/custom_domains,rewritten,https://manage.auth0.com/dashboard/#/custom-domains-v2,path changed,
main/docs/customize/custom-domains/auth0-managed-certificates.mdx,11,en,https://manage.auth0.com/#/tenant/custom_domains,rewritten,https://manage.auth0.com/dashboard/#/tenant/custom_domains,add /dashboard/ prefix,
main/docs/customize/custom-domains/auth0-managed-certificates.mdx,11,en,https://manage.auth0.com/#/custom_domains,rewritten,https://manage.auth0.com/dashboard/#/custom-domains-v2,path changed,
main/docs/customize/custom-domains/auth0-managed-certificates.mdx,18,en,https://manage.auth0.com/#/branding/custom_domains,rewritten,https://manage.auth0.com/dashboard/#/custom-domains-v2,path changed,
main/docs/customize/custom-domains/configure-features-to-use-custom-domains.mdx,148,en,https://manage.auth0.com/#/branding/custom_domains,rewritten,https://manage.auth0.com/dashboard/#/custom-domains-v2,path changed,
main/docs/customize/custom-domains/multiple-custom-domains.mdx,56,en,https://manage.auth0.com/#/applications,rewritten,https://manage.auth0.com/dashboard/#/applications,http → https + new path,
main/docs/customize/custom-domains/multiple-custom-domains/migration-guide.mdx,207,en,https://manage.auth0.com/#/applications,rewritten,https://manage.auth0.com/dashboard/#/applications,http → https + new path,
main/docs/customize/custom-domains/self-managed-certificates.mdx,28,en,https://manage.auth0.com/#/tenant/custom_domains,rewritten,https://manage.auth0.com/dashboard/#/tenant/custom_domains,add /dashboard/ prefix,
main/docs/customize/custom-domains/self-managed-certificates.mdx,28,en,https://manage.auth0.com/#/custom_domains,rewritten,https://manage.auth0.com/dashboard/#/custom-domains-v2,path changed,
main/docs/customize/custom-domains/self-managed-certificates.mdx,36,en,https://manage.auth0.com/#/branding/custom_domains,rewritten,https://manage.auth0.com/dashboard/#/custom-domains-v2,path changed,
main/docs/customize/custom-domains/self-managed-certificates.mdx,74,en,https://manage.auth0.com/#/branding/custom_domains,rewritten,https://manage.auth0.com/dashboard/#/custom-domains-v2,path changed,
main/docs/customize/custom-domains/self-managed-certificates/configure-akamai-for-use-as-reverse-proxy.mdx,14,en,https://manage.auth0.com/#/tenant/custom_domains,rewritten,https://manage.auth0.com/dashboard/#/tenant/custom_domains,add /dashboard/ prefix,
main/docs/customize/custom-domains/self-managed-certificates/configure-gcp-as-reverse-proxy.mdx,7,en,https://manage.auth0.com/#/tenant/billing/subscription,rewritten,https://manage.auth0.com/dashboard/#/tenant/billing/subscription,add /dashboard/ prefix,
main/docs/customize/custom-domains/self-managed-certificates/configure-gcp-as-reverse-proxy.mdx,19,en,https://manage.auth0.com/#/tenant/custom_domains,rewritten,https://manage.auth0.com/dashboard/#/tenant/custom_domains,add /dashboard/ prefix,
main/docs/customize/customize-sms-or-voice-messages.mdx,8,en,https://manage.auth0.com/#/security/mfa,rewritten,https://manage.auth0.com/dashboard/#/authentication/mfa,path changed,
main/docs/customize/email/email-templates.mdx,16,en,https://manage.auth0.com/#/templates,rewritten,https://manage.auth0.com/dashboard/#/pages,path changed,
main/docs/customize/email/email-templates.mdx,55,en,https://manage.auth0.com/#/connections/passwordless,rewritten,https://manage.auth0.com/dashboard/#/authentication/passwordless,path changed,
main/docs/customize/email/email-templates/customize-email-templates.mdx,14,en,https://manage.auth0.com/#/templates,rewritten,https://manage.auth0.com/dashboard/#/pages,path changed,
main/docs/customize/email/email-templates/supported-liquid-syntax.mdx,68,en,https://manage.auth0.com/#/tenant,rewritten,https://manage.auth0.com/dashboard/#/tenant/general,path changed,
main/docs/customize/email/smtp-email-providers/amazon-ses.mdx,39,en,https://manage.auth0.com/#/branding/email_provider,rewritten,https://manage.auth0.com/dashboard/#/emails/provider,path changed,
main/docs/customize/email/smtp-email-providers/amazon-ses.mdx,51,en,https://manage.auth0.com/#/emails/provider,rewritten,https://manage.auth0.com/dashboard/#/emails/provider,add /dashboard/ prefix,
main/docs/customize/email/smtp-email-providers/amazon-ses.mdx,58,en,https://manage.auth0.com/#/logs,rewritten,https://manage.auth0.com/dashboard/#/logging/logs,path changed,
main/docs/customize/email/smtp-email-providers/azure-communication-services.mdx,28,en,https://manage.auth0.com/#/branding/email_provider,rewritten,https://manage.auth0.com/dashboard/#/emails/provider,path changed,
main/docs/customize/email/smtp-email-providers/azure-communication-services.mdx,42,en,https://manage.auth0.com/#/logs,rewritten,https://manage.auth0.com/dashboard/#/logging/logs,path changed,
main/docs/customize/email/smtp-email-providers/custom/configure-action.mdx,11,en,https://manage.auth0.com/#/templates/provider,rewritten,https://manage.auth0.com/dashboard/#/phone/provider,path changed,
main/docs/customize/email/smtp-email-providers/custom/configure-action.mdx,37,en,https://manage.auth0.com/#/templates/provider,rewritten,https://manage.auth0.com/dashboard/#/phone/provider,path changed,
main/docs/customize/email/smtp-email-providers/mailgun.mdx,18,en,https://manage.auth0.com/#/branding/email_provider,rewritten,https://manage.auth0.com/dashboard/#/emails/provider,path changed,
main/docs/customize/email/smtp-email-providers/mailgun.mdx,26,en,https://manage.auth0.com/#/logs,rewritten,https://manage.auth0.com/dashboard/#/logging/logs,path changed,
main/docs/customize/email/smtp-email-providers/mandrill.mdx,17,en,https://manage.auth0.com/#/branding/email_provider,rewritten,https://manage.auth0.com/dashboard/#/emails/provider,path changed,
main/docs/customize/email/smtp-email-providers/mandrill.mdx,25,en,https://manage.auth0.com/#/logs,rewritten,https://manage.auth0.com/dashboard/#/logging/logs,path changed,
main/docs/customize/email/smtp-email-providers/microsoft-365-exchange-online.mdx,35,en,https://manage.auth0.com/#/branding/email_provider,rewritten,https://manage.auth0.com/dashboard/#/emails/provider,path changed,
main/docs/customize/email/smtp-email-providers/microsoft-365-exchange-online.mdx,42,en,https://manage.auth0.com/#/logs,rewritten,https://manage.auth0.com/dashboard/#/logging/logs,path changed,
main/docs/customize/email/smtp-email-providers/resend.mdx,24,en,https://manage.auth0.com/#/branding/email_provider,rewritten,https://manage.auth0.com/dashboard/#/emails/provider,path changed,
main/docs/customize/email/smtp-email-providers/resend.mdx,33,en,https://manage.auth0.com/#/logs,rewritten,https://manage.auth0.com/dashboard/#/logging/logs,path changed,
main/docs/customize/email/smtp-email-providers/sendgrid.mdx,21,en,https://manage.auth0.com/#/branding/email_provider,rewritten,https://manage.auth0.com/dashboard/#/emails/provider,path changed,
main/docs/customize/email/smtp-email-providers/sendgrid.mdx,30,en,https://manage.auth0.com/#/logs,rewritten,https://manage.auth0.com/dashboard/#/logging/logs,path changed,
main/docs/customize/email/smtp-email-providers/smtp-server.mdx,30,en,https://manage.auth0.com/#/branding/email-provider,rewritten,https://manage.auth0.com/dashboard/#/emails/provider,path changed,
main/docs/customize/email/smtp-email-providers/smtp-server.mdx,38,en,https://manage.auth0.com/#/logs,rewritten,https://manage.auth0.com/dashboard/#/logging/logs,path changed,
main/docs/customize/email/smtp-email-providers/sparkpost.mdx,18,en,https://manage.auth0.com/#/branding/email_provider,rewritten,https://manage.auth0.com/dashboard/#/emails/provider,path changed,
main/docs/customize/email/smtp-email-providers/sparkpost.mdx,26,en,https://manage.auth0.com/#/logs,rewritten,https://manage.auth0.com/dashboard/#/logging/logs,path changed,
main/docs/customize/email/smtp-email-providers/troubleshooting.mdx,12,en,https://manage.auth0.com/#/logs,rewritten,https://manage.auth0.com/dashboard/#/logging/logs,path changed,
main/docs/customize/events/create-an-event-stream.mdx,21,en,https://manage.auth0.com/#/applications,rewritten,https://manage.auth0.com/dashboard/#/applications,http → https + new path,
main/docs/customize/events/send-outbound-scim.mdx,77,en,https://manage.auth0.com/#/event-streams,rewritten,https://manage.auth0.com/dashboard/#/events/event-streams,path changed,
main/docs/customize/extensions/account-link-extension.mdx,25,en,https://manage.auth0.com/#/extensions,rewritten,https://manage.auth0.com/dashboard/#/extensions/list,path changed,
main/docs/customize/extensions/account-link-extension.mdx,61,en,https://manage.auth0.com/#/login_settings,rewritten,https://manage.auth0.com/dashboard/#/login_settings,add /dashboard/ prefix,
main/docs/customize/extensions/account-link-extension.mdx,87,en,https://manage.auth0.com/#/extensions/installed,rewritten,https://manage.auth0.com/dashboard/#/extensions/installed,add /dashboard/ prefix,
main/docs/customize/extensions/account-link-extension.mdx,100,en,https://manage.auth0.com/#/rules,rewritten,https://manage.auth0.com/dashboard/#/rules,add /dashboard/ prefix,
main/docs/customize/extensions/ad-ldap-connector-health-monitor.mdx,11,en,https://manage.auth0.com/#/extensions,rewritten,https://manage.auth0.com/dashboard/#/extensions/list,path changed,
main/docs/customize/extensions/ad-ldap-connector-health-monitor.mdx,14,en,https://manage.auth0.com/#/applications/{yourClientId}/settings,rewritten,https://manage.auth0.com/dashboard/#/applications/{yourClientId}/settings,path changed,
main/docs/customize/extensions/ad-ldap-connector-health-monitor.mdx,15,en,https://manage.auth0.com/#/tenant/advanced,rewritten,https://manage.auth0.com/dashboard/#/tenant/advanced,add /dashboard/ prefix,
main/docs/customize/extensions/ad-ldap-connector-health-monitor.mdx,16,en,https://manage.auth0.com/#/tenant/advanced,rewritten,https://manage.auth0.com/dashboard/#/tenant/advanced,add /dashboard/ prefix,
main/docs/customize/extensions/ad-ldap-connector-health-monitor.mdx,22,en,https://manage.auth0.com/#/extensions,rewritten,https://manage.auth0.com/dashboard/#/extensions/list,path changed,
main/docs/customize/extensions/ad-ldap-connector-health-monitor.mdx,31,en,https://manage.auth0.com/#/connections/enterprise,rewritten,https://manage.auth0.com/dashboard/#/connections/enterprise,add /dashboard/ prefix,
main/docs/customize/extensions/authentication-api-debugger-extension.mdx,11,en,https://manage.auth0.com/#/extensions,rewritten,https://manage.auth0.com/dashboard/#/extensions/list,path changed,
main/docs/customize/extensions/authentication-api-debugger-extension.mdx,20,en,https://manage.auth0.com/#/extensions,rewritten,https://manage.auth0.com/dashboard/#/extensions/list,path changed,
main/docs/customize/extensions/authentication-api-debugger-extension.mdx,20,en,https://manage.auth0.com/#/extensions,rewritten,https://manage.auth0.com/dashboard/#/extensions/list,path changed,
main/docs/customize/extensions/authentication-api-debugger-extension.mdx,33,en,https://manage.auth0.com/#/applications,rewritten,https://manage.auth0.com/dashboard/#/applications,http → https + new path,
main/docs/customize/extensions/authorization-extension.mdx,48,en,https://manage.auth0.com/#/extensions,rewritten,https://manage.auth0.com/dashboard/#/extensions/list,path changed,
main/docs/customize/extensions/authorization-extension.mdx,63,en,https://manage.auth0.com/#/rules,rewritten,https://manage.auth0.com/dashboard/#/rules,add /dashboard/ prefix,
main/docs/customize/extensions/authorization-extension/configure-authorization-extension.mdx,26,en,https://manage.auth0.com/#/extensions,rewritten,https://manage.auth0.com/dashboard/#/extensions/list,path changed,
main/docs/customize/extensions/authorization-extension/configure-authorization-extension.mdx,58,en,https://manage.auth0.com/#/users,rewritten,https://manage.auth0.com/dashboard/#/users,add /dashboard/ prefix,
main/docs/customize/extensions/authorization-extension/configure-authorization-extension.mdx,68,en,https://manage.auth0.com/#/rules,rewritten,https://manage.auth0.com/dashboard/#/rules,add /dashboard/ prefix,
main/docs/customize/extensions/authorization-extension/enable-api-access-to-authorization-extension.mdx,22,en,https://manage.auth0.com/#/extensions,rewritten,https://manage.auth0.com/dashboard/#/extensions/list,path changed,
main/docs/customize/extensions/authorization-extension/enable-api-access-to-authorization-extension.mdx,35,en,https://manage.auth0.com/#/apis,rewritten,https://manage.auth0.com/dashboard/#/apis,http → https + new path,
main/docs/customize/extensions/authorization-extension/enable-api-access-to-authorization-extension.mdx,39,en,https://manage.auth0.com/#/applications,rewritten,https://manage.auth0.com/dashboard/#/applications,http → https + new path,
main/docs/customize/extensions/authorization-extension/install-authorization-extension.mdx,30,en,https://manage.auth0.com/#/extensions,rewritten,https://manage.auth0.com/dashboard/#/extensions/list,path changed,
main/docs/customize/extensions/authorization-extension/migrate-to-authorization-extension-v2.mdx,34,en,https://manage.auth0.com/#/extensions,rewritten,https://manage.auth0.com/dashboard/#/extensions/list,path changed,
main/docs/customize/extensions/authorization-extension/use-rules-with-the-authorization-extension.mdx,64,en,https://manage.auth0.com/#/applications,rewritten,https://manage.auth0.com/dashboard/#/applications,http → https + new path,
main/docs/customize/extensions/authorization-extension/use-rules-with-the-authorization-extension.mdx,75,en,https://manage.auth0.com/#/rules,rewritten,https://manage.auth0.com/dashboard/#/rules,add /dashboard/ prefix,
main/docs/customize/extensions/delegated-administration-extension/create-delegated-admin-applications.mdx,7,en,https://manage.auth0.com/#/applications,rewritten,https://manage.auth0.com/dashboard/#/applications,http → https + new path,
main/docs/customize/extensions/delegated-administration-extension/delegated-administration-manage-users.mdx,23,en,https://manage.auth0.com/#/logs,rewritten,https://manage.auth0.com/dashboard/#/logging/logs,path changed,
main/docs/customize/extensions/delegated-administration-extension/install-delegated-admin-extension.mdx,13,en,https://manage.auth0.com/#/extensions,rewritten,https://manage.auth0.com/dashboard/#/extensions/list,path changed,
main/docs/customize/extensions/delegated-administration-extension/install-delegated-admin-extension.mdx,29,en,https://manage.auth0.com/#/applications,rewritten,https://manage.auth0.com/dashboard/#/applications,http → https + new path,
main/docs/customize/extensions/delegated-administration-extension/install-delegated-admin-extension.mdx,33,en,https://manage.auth0.com/#/applications,rewritten,https://manage.auth0.com/dashboard/#/applications,http → https + new path,
main/docs/customize/extensions/delegated-administration-extension/install-delegated-admin-extension.mdx,53,en,https://manage.auth0.com/#/extensions,rewritten,https://manage.auth0.com/dashboard/#/extensions/list,path changed,
main/docs/customize/extensions/single-sign-on-dashboard-extension/add-applications-to-the-sso-dashboard.mdx,14,en,https://manage.auth0.com/#/extensions,rewritten,https://manage.auth0.com/dashboard/#/extensions/list,path changed,
main/docs/customize/extensions/single-sign-on-dashboard-extension/add-applications-to-the-sso-dashboard.mdx,28,en,https://manage.auth0.com/#/applications,rewritten,https://manage.auth0.com/dashboard/#/applications,http → https + new path,
main/docs/customize/extensions/single-sign-on-dashboard-extension/add-applications-to-the-sso-dashboard.mdx,29,en,https://manage.auth0.com/#/connections/database,rewritten,https://manage.auth0.com/dashboard/#/authentication/database,http → https + new path,
main/docs/customize/extensions/single-sign-on-dashboard-extension/create-sso-dashboard-application.mdx,11,en,https://manage.auth0.com/#/applications,rewritten,https://manage.auth0.com/dashboard/#/applications,http → https + new path,
main/docs/customize/extensions/single-sign-on-dashboard-extension/install-sso-dashboard-extension.mdx,18,en,https://manage.auth0.com/#/extensions,rewritten,https://manage.auth0.com/dashboard/#/extensions/list,path changed,
main/docs/customize/extensions/single-sign-on-dashboard-extension/install-sso-dashboard-extension.mdx,38,en,https://manage.auth0.com/#/applications,rewritten,https://manage.auth0.com/dashboard/#/applications,http → https + new path,
main/docs/customize/extensions/single-sign-on-dashboard-extension/install-sso-dashboard-extension.mdx,42,en,https://manage.auth0.com/#/extensions,rewritten,https://manage.auth0.com/dashboard/#/extensions/list,path changed,
main/docs/customize/extensions/single-sign-on-dashboard-extension/update-applications-on-the-sso-dashboard.mdx,17,en,https://manage.auth0.com/#/extensions,rewritten,https://manage.auth0.com/dashboard/#/extensions/list,path changed,
main/docs/customize/extensions/user-import-export-extension.mdx,22,en,https://manage.auth0.com/#/extensions,rewritten,https://manage.auth0.com/dashboard/#/extensions/list,path changed,
main/docs/customize/extensions/user-import-export-extension.mdx,65,en,https://manage.auth0.com/#/users,rewritten,https://manage.auth0.com/dashboard/#/users,add /dashboard/ prefix,
main/docs/customize/hooks/create-hooks.mdx,47,en,https://manage.auth0.com/#/hooks,rewritten,https://manage.auth0.com/dashboard/#/hooks,add /dashboard/ prefix,
main/docs/customize/hooks/delete-hooks.mdx,33,en,https://manage.auth0.com/#/,unchanged-root,,,
main/docs/customize/hooks/enable-disable-hooks.mdx,45,en,https://manage.auth0.com/#/,unchanged-root,,,
main/docs/customize/hooks/hook-secrets/create-hook-secrets.mdx,41,en,https://manage.auth0.com/#/hooks,rewritten,https://manage.auth0.com/dashboard/#/hooks,add /dashboard/ prefix,
main/docs/customize/hooks/hook-secrets/create-hook-secrets.mdx,41,en,https://manage.auth0.com/#/,unchanged-root,,,
main/docs/customize/hooks/hook-secrets/delete-hook-secrets.mdx,35,en,https://manage.auth0.com/#/hooks,rewritten,https://manage.auth0.com/dashboard/#/hooks,add /dashboard/ prefix,
main/docs/customize/hooks/hook-secrets/delete-hook-secrets.mdx,35,en,https://manage.auth0.com/#/,unchanged-root,,,
main/docs/customize/hooks/hook-secrets/update-hook-secrets.mdx,35,en,https://manage.auth0.com/#/,unchanged-root,,,
main/docs/customize/hooks/hook-secrets/view-hook-secrets.mdx,33,en,https://manage.auth0.com/#/,unchanged-root,,,
main/docs/customize/hooks/update-hooks.mdx,41,en,https://manage.auth0.com/#/,unchanged-root,,,
main/docs/customize/hooks/update-hooks.mdx,49,en,https://manage.auth0.com/#/,unchanged-root,,,
main/docs/customize/hooks/view-hooks.mdx,33,en,https://manage.auth0.com/#/,unchanged-root,,,
main/docs/customize/hooks/view-logs-for-hooks.mdx,27,en,https://manage.auth0.com/#/,unchanged-root,,,
main/docs/customize/integrations/apigee.mdx,32,en,https://manage.auth0.com/#/applications,rewritten,https://manage.auth0.com/dashboard/#/applications,http → https + new path,
main/docs/customize/integrations/aws/amazon-cognito.mdx,13,en,https://manage.auth0.com/#/applications,rewritten,https://manage.auth0.com/dashboard/#/applications,http → https + new path,
main/docs/customize/integrations/aws/amazon-cognito.mdx,54,en,https://manage.auth0.com/#/applications,rewritten,https://manage.auth0.com/dashboard/#/applications,http → https + new path,
main/docs/customize/integrations/aws/amazon-cognito.mdx,73,en,https://manage.auth0.com/#/applications,rewritten,https://manage.auth0.com/dashboard/#/applications,http → https + new path,
main/docs/customize/integrations/aws/aws-api-gateway-custom-authorizers.mdx,58,en,https://manage.auth0.com/#/apis,rewritten,https://manage.auth0.com/dashboard/#/apis,http → https + new path,
main/docs/customize/integrations/aws/aws-api-gateway-custom-authorizers.mdx,197,en,https://manage.auth0.com/#/apis,rewritten,https://manage.auth0.com/dashboard/#/apis,http → https + new path,
main/docs/customize/integrations/aws/configure-amazon-web-services-for-sso.mdx,191,en,https://manage.auth0.com/#/applications,rewritten,https://manage.auth0.com/dashboard/#/applications,http → https + new path,
main/docs/customize/integrations/aws/session-tags.mdx,132,en,https://manage.auth0.com/#/applications,rewritten,https://manage.auth0.com/dashboard/#/applications,http → https + new path,
main/docs/customize/integrations/azure-api-management.mdx,21,en,https://manage.auth0.com/#/apis,rewritten,https://manage.auth0.com/dashboard/#/apis,http → https + new path,
main/docs/customize/integrations/azure-api-management.mdx,35,en,https://manage.auth0.com/#/applications,rewritten,https://manage.auth0.com/dashboard/#/applications,http → https + new path,
main/docs/customize/integrations/azure-api-management.mdx,42,en,https://manage.auth0.com/#/connections/database,rewritten,https://manage.auth0.com/dashboard/#/authentication/database,http → https + new path,
main/docs/customize/integrations/azure-api-management.mdx,59,en,https://manage.auth0.com/#/users,rewritten,https://manage.auth0.com/dashboard/#/users,add /dashboard/ prefix,
main/docs/customize/integrations/azure-api-management.mdx,130,en,https://manage.auth0.com/#/applications,rewritten,https://manage.auth0.com/dashboard/#/applications,http → https + new path,
main/docs/customize/integrations/cms/wordpress-plugin/configure-login-by-auth0.mdx,21,en,https://manage.auth0.com/#/applications,rewritten,https://manage.auth0.com/dashboard/#/applications,http → https + new path,
main/docs/customize/integrations/cms/wordpress-plugin/configure-login-by-auth0.mdx,22,en,https://manage.auth0.com/#/applications,rewritten,https://manage.auth0.com/dashboard/#/applications,http → https + new path,
main/docs/customize/integrations/cms/wordpress-plugin/configure-login-by-auth0.mdx,54,en,https://manage.auth0.com/#/apis,rewritten,https://manage.auth0.com/dashboard/#/apis,http → https + new path,
main/docs/customize/integrations/cms/wordpress-plugin/configure-login-by-auth0.mdx,63,en,https://manage.auth0.com/#/connections/database,rewritten,https://manage.auth0.com/dashboard/#/authentication/database,http → https + new path,
main/docs/customize/integrations/cms/wordpress-plugin/configure-login-by-auth0.mdx,76,en,https://manage.auth0.com/#/applications,rewritten,https://manage.auth0.com/dashboard/#/applications,http → https + new path,
main/docs/customize/integrations/cms/wordpress-plugin/configure-login-by-auth0.mdx,163,en,https://manage.auth0.com/#,unchanged-root,,,
main/docs/customize/integrations/cms/wordpress-plugin/install-login-by-auth0.mdx,127,en,https://manage.auth0.com/#,unchanged-root,,,
main/docs/customize/integrations/cms/wordpress-plugin/troubleshoot-login-by-auth0.mdx,56,en,https://manage.auth0.com/#/applications,rewritten,https://manage.auth0.com/dashboard/#/applications,http → https + new path,
main/docs/customize/integrations/cms/wordpress-plugin/troubleshoot-login-by-auth0.mdx,66,en,https://manage.auth0.com/#/applications,rewritten,https://manage.auth0.com/dashboard/#/applications,http → https + new path,
main/docs/customize/integrations/cms/wordpress-plugin/troubleshoot-login-by-auth0.mdx,69,en,https://manage.auth0.com/#/connections/database,rewritten,https://manage.auth0.com/dashboard/#/authentication/database,http → https + new path,
main/docs/customize/integrations/cms/wordpress-plugin/troubleshoot-login-by-auth0.mdx,79,en,https://manage.auth0.com/#/connections/passwordless,rewritten,https://manage.auth0.com/dashboard/#/authentication/passwordless,path changed,
main/docs/customize/integrations/cms/wordpress-plugin/troubleshoot-login-by-auth0.mdx,97,en,https://manage.auth0.com/#/logs,rewritten,https://manage.auth0.com/dashboard/#/logging/logs,path changed,
main/docs/customize/integrations/cms/wordpress-plugin/troubleshoot-wordpress-plugin-invalid-state-errors.mdx,28,en,https://manage.auth0.com/#/applications/{yourClientId}/settings,rewritten,https://manage.auth0.com/dashboard/#/applications/{yourClientId}/settings,path changed,
main/docs/customize/integrations/cms/wordpress-plugin/user-migration-in-login-by-auth0.mdx,63,en,https://manage.auth0.com/#/connections/database,rewritten,https://manage.auth0.com/dashboard/#/authentication/database,http → https + new path,
main/docs/customize/integrations/google-cloud-endpoints.mdx,135,en,https://manage.auth0.com/#/apis,rewritten,https://manage.auth0.com/dashboard/#/apis,http → https + new path,
main/docs/customize/integrations/google-cloud-endpoints.mdx,414,en,https://manage.auth0.com/#/apis,rewritten,https://manage.auth0.com/dashboard/#/apis,http → https + new path,
main/docs/customize/integrations/integrate-with-vercel.mdx,71,en,https://manage.auth0.com/,unchanged-root,,,
main/docs/customize/integrations/marketing-tool-integrations/adobe-campaign.mdx,9,en,https://manage.auth0.com/#/extensions,rewritten,https://manage.auth0.com/dashboard/#/extensions/list,path changed,
main/docs/customize/integrations/marketing-tool-integrations/alterian.mdx,9,en,https://manage.auth0.com/#/extensions,rewritten,https://manage.auth0.com/dashboard/#/extensions/list,path changed,
main/docs/customize/integrations/marketing-tool-integrations/constant-contact.mdx,9,en,https://manage.auth0.com/#/extensions,rewritten,https://manage.auth0.com/dashboard/#/extensions/list,path changed,
main/docs/customize/integrations/marketing-tool-integrations/eloqua.mdx,9,en,https://manage.auth0.com/#/extensions,rewritten,https://manage.auth0.com/dashboard/#/extensions/list,path changed,
main/docs/customize/integrations/marketing-tool-integrations/export-user-data-salesforce.mdx,9,en,https://manage.auth0.com/#/extensions,rewritten,https://manage.auth0.com/dashboard/#/extensions/list,path changed,
main/docs/customize/integrations/marketing-tool-integrations/mailchimp.mdx,9,en,https://manage.auth0.com/#/extensions,rewritten,https://manage.auth0.com/dashboard/#/extensions/list,path changed,
main/docs/customize/integrations/marketing-tool-integrations/marketo.mdx,12,en,https://manage.auth0.com/#/extensions,rewritten,https://manage.auth0.com/dashboard/#/extensions/list,path changed,
main/docs/customize/integrations/marketing-tool-integrations/sailthru.mdx,9,en,https://manage.auth0.com/#/extensions,rewritten,https://manage.auth0.com/dashboard/#/extensions/list,path changed,
main/docs/customize/integrations/marketing-tool-integrations/salesforce-marketing-cloud.mdx,11,en,https://manage.auth0.com/#/extensions,rewritten,https://manage.auth0.com/dashboard/#/extensions/list,path changed,
main/docs/customize/integrations/marketing-tool-integrations/watson-campaign-automation.mdx,9,en,https://manage.auth0.com/#/extensions,rewritten,https://manage.auth0.com/dashboard/#/extensions/list,path changed,
main/docs/customize/integrations/sharepoint-2010-2013.mdx,17,en,https://manage.auth0.com/#/externalapps/create,rewritten,https://manage.auth0.com/dashboard/#/applications/sso,path changed,
main/docs/customize/integrations/sharepoint-2010-2013.mdx,201,en,https://manage.auth0.com/#/rules,rewritten,https://manage.auth0.com/dashboard/#/rules,add /dashboard/ prefix,
main/docs/customize/internationalization-and-localization/universal-login-internationalization.mdx,101,en,https://manage.auth0.com/#/tenant,rewritten,https://manage.auth0.com/dashboard/#/tenant/general,path changed,
main/docs/customize/log-streams/check-log-stream-health.mdx,7,en,https://manage.auth0.com/#/log-streams,rewritten,https://manage.auth0.com/dashboard/#/logging/log-streams,path changed,
main/docs/customize/log-streams/custom-log-streams.mdx,25,en,https://manage.auth0.com/#/log-streams,rewritten,https://manage.auth0.com/dashboard/#/logging/log-streams,path changed,
main/docs/customize/log-streams/event-filters.mdx,7,en,https://manage.auth0.com/#/log-streams,rewritten,https://manage.auth0.com/dashboard/#/logging/log-streams,path changed,
main/docs/customize/login-pages/advanced-customizations/configure/overview.mdx,19,en,https://manage.auth0.com/dashboard/#/universal-login/customizations-new,rewritten,https://manage.auth0.com/dashboard/#/pages,path changed,
main/docs/customize/login-pages/advanced-customizations/deployment-workflow.mdx,38,en,https://manage.auth0.com/#/applications,rewritten,https://manage.auth0.com/dashboard/#/applications,http → https + new path,
main/docs/customize/login-pages/classic-login/customization-classic.mdx,18,en,https://manage.auth0.com/#/login_settings,rewritten,https://manage.auth0.com/dashboard/#/login_settings,add /dashboard/ prefix,
main/docs/customize/login-pages/classic-login/customization-classic.mdx,44,en,https://manage.auth0.com/#/login_settings,rewritten,https://manage.auth0.com/dashboard/#/login_settings,add /dashboard/ prefix,
main/docs/customize/login-pages/classic-login/customization-classic.mdx,65,en,https://manage.auth0.com/#/login_page,rewritten,https://manage.auth0.com/dashboard/#/login_page,add /dashboard/ prefix,
main/docs/customize/login-pages/classic-login/customize-password-reset-page.mdx,36,en,https://manage.auth0.com/#/password_reset,rewritten,https://manage.auth0.com/dashboard/#/password_reset,add /dashboard/ prefix,
main/docs/customize/login-pages/classic-login/customize-password-reset-page.mdx,93,en,https://manage.auth0.com/#/tenant,rewritten,https://manage.auth0.com/dashboard/#/tenant/general,path changed,
main/docs/customize/login-pages/classic-login/customize-password-reset-page.mdx,125,en,https://manage.auth0.com/#/connections/database/con_YOUR-CONNECTION-ID/security,pattern-rewritten,https://manage.auth0.com/dashboard/#/connections/database/con_YOUR-CONNECTION-ID/security,database connection security tab,
main/docs/customize/login-pages/classic-login/customize-password-reset-page.mdx,131,en,https://manage.auth0.com/#/tenant,rewritten,https://manage.auth0.com/dashboard/#/tenant/general,path changed,
main/docs/customize/login-pages/classic-login/customize-with-lock-sdk.mdx,16,en,https://manage.auth0.com/#/login_page,rewritten,https://manage.auth0.com/dashboard/#/login_page,add /dashboard/ prefix,
main/docs/customize/login-pages/custom-error-pages.mdx,42,en,https://manage.auth0.com/#/tenant/,rewritten,https://manage.auth0.com/dashboard/#/tenant/general,path changed,
main/docs/customize/login-pages/universal-login/customize-signup-and-login-prompts.mdx,70,en,https://manage.auth0.com/#/universal-login/customize-partials,rewritten,https://manage.auth0.com/dashboard/#/pages/customize-partials,path changed,
main/docs/customize/login-pages/universal-login/customize-signup-and-login-prompts/language-selection.mdx,25,en,https://manage.auth0.com/#/tenant/general,rewritten,https://manage.auth0.com/dashboard/#/tenant/general,add /dashboard/ prefix,
main/docs/customize/login-pages/universal-login/customize-signup-and-login-prompts/use-actions-to-validate-and-store-end-user-data-gathered-by-signup-prompt.mdx,34,en,https://manage.auth0.com/dashboard/us/dev-6endizjt/actions/library,rewritten,https://manage.auth0.com/dashboard/#/actions/custom,path changed,
main/docs/customize/login-pages/universal-login/customize-signup-and-login-prompts/use-actions-to-validate-and-store-end-user-data-gathered-by-signup-prompt.mdx,73,en,https://manage.auth0.com/dashboard/us/dev-6endizjt/actions/flows/pre-user-signup/,rewritten,https://manage.auth0.com/dashboard/#/actions/triggers/pre-user-registration,path changed,
main/docs/customize/login-pages/universal-login/customize-signup-and-login-prompts/use-actions-to-validate-and-store-end-user-data-gathered-by-signup-prompt.mdx,89,en,https://manage.auth0.com/dashboard/us/dev-6endizjt/users,rewritten,https://manage.auth0.com/dashboard/#/users,path changed,
main/docs/customize/login-pages/universal-login/customize-signup-and-login-prompts/use-dynamic-variables-to-internationalize-custom-form-elements.mdx,77,en,https://manage.auth0.com/dashboard/us/dev-6endizjt/universal-login/customizations/colors,rewritten,https://manage.auth0.com/dashboard/#/branding/customizations/colors,path changed,
main/docs/customize/login-pages/universal-login/customize-templates.mdx,184,en,https://manage.auth0.com/#/universal-login/customizations-new,rewritten,https://manage.auth0.com/dashboard/#/pages,path changed,
main/docs/customize/login-pages/universal-login/customize-text-elements.mdx,23,en,https://manage.auth0.com/#/custom_text,rewritten,https://manage.auth0.com/dashboard/#/pages/customize-text,path changed,
main/docs/customize/login-pages/universal-login/customize-themes.mdx,19,en,https://manage.auth0.com/#/universal-login/customizations/colors,rewritten,https://manage.auth0.com/dashboard/#/branding/customizations/colors,path changed,
main/docs/customize/phone-messages/configure-phone-messaging-providers/configure-a-custom-phone-provider.mdx,26,en,https://manage.auth0.com/dashboard/#/phone/templates/phone/provider,rewritten,https://manage.auth0.com/dashboard/#/phone/provider,path changed,
main/docs/customize/phone-messages/configure-phone-messaging-providers/configure-a-custom-phone-provider.mdx,51,en,https://manage.auth0.com/dashboard/#/phone/templates/phone/provider,rewritten,https://manage.auth0.com/dashboard/#/phone/provider,path changed,
main/docs/customize/phone-messages/configure-phone-messaging-providers/configure-a-custom-phone-provider/configure-a-custom-phone-provider-with-terraform.mdx,85,en,https://manage.auth0.com/#/phone/templates/phone/provider,rewritten,https://manage.auth0.com/dashboard/#/phone/provider,path changed,
main/docs/customize/phone-messages/configure-phone-messaging-providers/configure-a-custom-phone-provider/configure-a-custom-phone-provider-with-twilio-verify.mdx,16,en,https://manage.auth0.com/dashboard/#/phone/templates/phone/provider,rewritten,https://manage.auth0.com/dashboard/#/phone/provider,path changed,
main/docs/customize/phone-messages/configure-phone-messaging-providers/configure-twilio-as-a-phone-messaging-provider.mdx,15,en,https://manage.auth0.com/#/branding/phone/provider,rewritten,https://manage.auth0.com/dashboard/#/phone/provider,path changed,
main/docs/customize/phone-messages/configure-phone-messaging-providers/configure-twilio-as-a-phone-messaging-provider.mdx,25,en,https://manage.auth0.com/#/logs,rewritten,https://manage.auth0.com/dashboard/#/logging/logs,path changed,
main/docs/customize/phone-messages/phone-templates.mdx,17,en,https://manage.auth0.com/#/phone,rewritten,https://manage.auth0.com/dashboard/#/phone/templates,path changed,
main/docs/customize/phone-messages/phone-templates/customize.mdx,15,en,https://manage.auth0.com/#/phone,rewritten,https://manage.auth0.com/dashboard/#/phone/templates,path changed,
main/docs/customize/phone-messages/phone-templates/supported-liquid-syntax.mdx,55,en,https://manage.auth0.com/#/tenant,rewritten,https://manage.auth0.com/dashboard/#/tenant/general,path changed,
main/docs/customize/phone-messages/unified-phone/configure-unified-phone.mdx,27,en,https://manage.auth0.com/#/phone/templates/phone/provider,rewritten,https://manage.auth0.com/dashboard/#/phone/provider,path changed,
main/docs/customize/phone-messages/unified-phone/configure-unified-phone.mdx,43,en,https://manage.auth0.com/#/security/mfa,rewritten,https://manage.auth0.com/dashboard/#/authentication/mfa,path changed,
main/docs/customize/phone-messages/unified-phone/configure-unified-phone.mdx,52,en,https://manage.auth0.com/#/phone/templates/phone/provider,rewritten,https://manage.auth0.com/dashboard/#/phone/provider,path changed,
main/docs/customize/phone-messages/unified-phone/configure-unified-phone.mdx,68,en,https://manage.auth0.com/#/connections/passwordless,rewritten,https://manage.auth0.com/dashboard/#/authentication/passwordless,path changed,
main/docs/customize/phone-messages/unified-phone/configure-unified-phone.mdx,72,en,https://manage.auth0.com/#/applications,rewritten,https://manage.auth0.com/dashboard/#/applications,http → https + new path,
main/docs/customize/phone-messages/unified-phone/configure-unified-phone.mdx,75,en,https://manage.auth0.com/#/connections/passwordless,rewritten,https://manage.auth0.com/dashboard/#/authentication/passwordless,path changed,
main/docs/customize/phone-messages/unified-phone/configure-unified-phone.mdx,89,en,https://manage.auth0.com/#/phone/templates/phone/provider,rewritten,https://manage.auth0.com/dashboard/#/phone/provider,path changed,
main/docs/customize/phone-messages/unified-phone/unified-phone-experience-passwordless.mdx,43,en,https://manage.auth0.com/#/connections/passwordless,rewritten,https://manage.auth0.com/dashboard/#/authentication/passwordless,path changed,
main/docs/customize/phone-messages/unified-phone/unified-phone-experience-passwordless.mdx,59,en,https://manage.auth0.com/#/phone/templates/phone/provider,rewritten,https://manage.auth0.com/dashboard/#/phone/provider,path changed,
main/docs/customize/phone-messages/unified-phone/unified-phone-experience-passwordless.mdx,73,en,https://manage.auth0.com/#/connections/passwordless,rewritten,https://manage.auth0.com/dashboard/#/authentication/passwordless,path changed,
main/docs/customize/phone-messages/unified-phone/unified-phone-experience-passwordless.mdx,91,en,https://manage.auth0.com/#/phone/templates/phone/provider,rewritten,https://manage.auth0.com/dashboard/#/phone/provider,path changed,
main/docs/customize/phone-messages/unified-phone/unified-phone-experience-passwordless.mdx,98,en,https://manage.auth0.com/#/connections/passwordless,rewritten,https://manage.auth0.com/dashboard/#/authentication/passwordless,path changed,
main/docs/customize/phone-messages/unified-phone/use-auth0s-unified-phone-experience-for-multi-factor-authentication.mdx,45,en,https://manage.auth0.com/#/security/mfa,rewritten,https://manage.auth0.com/dashboard/#/authentication/mfa,path changed,
main/docs/customize/phone-messages/unified-phone/use-auth0s-unified-phone-experience-for-multi-factor-authentication.mdx,58,en,https://manage.auth0.com/#/tenant/advanced,rewritten,https://manage.auth0.com/dashboard/#/tenant/advanced,add /dashboard/ prefix,
main/docs/customize/phone-messages/unified-phone/use-auth0s-unified-phone-experience-for-multi-factor-authentication.mdx,69,en,https://manage.auth0.com/#/phone/templates/phone/provider,rewritten,https://manage.auth0.com/dashboard/#/phone/provider,path changed,
main/docs/customize/phone-messages/unified-phone/use-auth0s-unified-phone-experience-for-multi-factor-authentication.mdx,86,en,https://manage.auth0.com/#/security/mfa,rewritten,https://manage.auth0.com/dashboard/#/authentication/mfa,path changed,
main/docs/customize/phone-messages/unified-phone/use-auth0s-unified-phone-experience-for-multi-factor-authentication.mdx,240,en,https://manage.auth0.com/#/phone/templates/phone/provider,rewritten,https://manage.auth0.com/dashboard/#/phone/provider,path changed,
main/docs/customize/phone-messages/unified-phone/use-auth0s-unified-phone-experience-for-multi-factor-authentication.mdx,247,en,https://manage.auth0.com/#/security/mfa,rewritten,https://manage.auth0.com/dashboard/#/authentication/mfa,path changed,
main/docs/customize/portals/quickstart.mdx,95,en,https://manage.auth0.com/#/applications,rewritten,https://manage.auth0.com/dashboard/#/applications,http → https + new path,
main/docs/customize/rules/configuration.mdx,21,en,https://manage.auth0.com/#/rules/,rewritten,https://manage.auth0.com/dashboard/#/rules,add /dashboard/ prefix,
main/docs/customize/rules/configure-global-variables-for-rules.mdx,19,en,https://manage.auth0.com/#/rules,rewritten,https://manage.auth0.com/dashboard/#/rules,add /dashboard/ prefix,
main/docs/customize/rules/create-rules.mdx,50,en,https://manage.auth0.com/#/rules,rewritten,https://manage.auth0.com/dashboard/#/rules,add /dashboard/ prefix,
main/docs/customize/rules/debug-rules.mdx,29,en,https://manage.auth0.com/#/rules/create,rewritten,https://manage.auth0.com/dashboard/#/rules,path changed,
main/docs/customize/rules/redirect-users.mdx,259,en,https://manage.auth0.com/#/tenant/advanced,rewritten,https://manage.auth0.com/dashboard/#/tenant/advanced,add /dashboard/ prefix,
main/docs/deploy-monitor/auth0-cli.mdx,8,en,https://manage.auth0.com/,unchanged-root,,,
main/docs/deploy-monitor/deploy-cli-tool.mdx,9,en,https://manage.auth0.com/,unchanged-root,,,
main/docs/deploy-monitor/logs/log-event-filters.mdx,5,en,https://manage.auth0.com/#/logs,rewritten,https://manage.auth0.com/dashboard/#/logging/logs,path changed,
main/docs/deploy-monitor/logs/view-log-events.mdx,13,en,https://manage.auth0.com/#/logs,rewritten,https://manage.auth0.com/dashboard/#/logging/logs,path changed,
main/docs/deploy-monitor/metric-streams.mdx,136,en,https://manage.auth0.com,unchanged-root,,,
main/docs/deploy-monitor/metric-streams.mdx,206,en,https://manage.auth0.com,unchanged-root,,,
main/docs/deploy-monitor/metric-streams.mdx,278,en,https://manage.auth0.com,unchanged-root,,,
main/docs/deploy-monitor/metric-streams.mdx,348,en,https://manage.auth0.com,unchanged-root,,,
main/docs/deploy-monitor/metric-streams.mdx,411,en,https://manage.auth0.com,unchanged-root,,,
main/docs/deploy-monitor/monitor/check-auth0-status.mdx,19,en,https://manage.auth0.com/dashboard/#/applications,unchanged-new,,already in new form,
main/docs/deploy-monitor/pre-deployment-checks/pre-launch-tips.mdx,22,en,https://manage.auth0.com/#/security/attack-protection,rewritten,https://manage.auth0.com/dashboard/#/security/attack-protection,add /dashboard/ prefix,
main/docs/deploy-monitor/pre-deployment-checks/pre-launch-tips.mdx,23,en,https://manage.auth0.com/#/tenant/admins,rewritten,https://manage.auth0.com/dashboard/#/tenant/admins,add /dashboard/ prefix,
main/docs/deploy-monitor/pre-deployment-checks/pre-launch-tips.mdx,25,en,https://manage.auth0.com/#/rules,rewritten,https://manage.auth0.com/dashboard/#/rules,add /dashboard/ prefix,
main/docs/deploy-monitor/pre-deployment-checks/pre-launch-tips.mdx,27,en,https://manage.auth0.com/#/tenant,rewritten,https://manage.auth0.com/dashboard/#/tenant/general,path changed,
main/docs/deploy-monitor/pre-deployment-checks/predeployment-tests.mdx,15,en,https://manage.auth0.com/#/logs,rewritten,https://manage.auth0.com/dashboard/#/logging/logs,path changed,
main/docs/deploy-monitor/pre-deployment-checks/production-check-recommended-fixes.mdx,12,en,https://manage.auth0.com/#/tenant/custom_domains,rewritten,https://manage.auth0.com/dashboard/#/tenant/custom_domains,add /dashboard/ prefix,
main/docs/deploy-monitor/pre-deployment-checks/production-check-recommended-fixes.mdx,13,en,https://manage.auth0.com/#/account,rewritten,https://manage.auth0.com/dashboard/#/tenant/general,path changed,
main/docs/deploy-monitor/pre-deployment-checks/production-check-recommended-fixes.mdx,15,en,https://manage.auth0.com/#/emails,rewritten,https://manage.auth0.com/dashboard/#/emails/templates,path changed,
main/docs/deploy-monitor/pre-deployment-checks/production-check-recommended-fixes.mdx,17,en,https://manage.auth0.com/#/account/admins,rewritten,https://manage.auth0.com/dashboard/#/tenant/admins,path changed,
main/docs/deploy-monitor/pre-deployment-checks/production-check-recommended-fixes.mdx,18,en,https://manage.auth0.com/#/account/advanced,rewritten,https://manage.auth0.com/dashboard/#/tenant/advanced,path changed,
main/docs/deploy-monitor/pre-deployment-checks/production-check-required-fixes.mdx,12,en,https://manage.auth0.com/#/tenant/advanced,rewritten,https://manage.auth0.com/dashboard/#/tenant/advanced,add /dashboard/ prefix,
main/docs/deploy-monitor/pre-deployment-checks/production-check-required-fixes.mdx,17,en,https://manage.auth0.com/#/applications,rewritten,https://manage.auth0.com/dashboard/#/applications,http → https + new path,
main/docs/deploy-monitor/pre-deployment-checks/production-check-required-fixes.mdx,18,en,https://manage.auth0.com/#/applications,rewritten,https://manage.auth0.com/dashboard/#/applications,http → https + new path,
main/docs/deploy-monitor/pre-deployment-checks/production-check-required-fixes.mdx,19,en,https://manage.auth0.com/#/applications,rewritten,https://manage.auth0.com/dashboard/#/applications,http → https + new path,
main/docs/deploy-monitor/pre-deployment-checks/production-check-required-fixes.mdx,20,en,https://manage.auth0.com/#/emails/provider,rewritten,https://manage.auth0.com/dashboard/#/emails/provider,add /dashboard/ prefix,
main/docs/deploy-monitor/pre-deployment-checks/production-check-required-fixes.mdx,22,en,https://manage.auth0.com/#/mfa,rewritten,https://manage.auth0.com/dashboard/#/authentication/mfa,path changed,
main/docs/deploy-monitor/pre-deployment-checks/production-check-required-fixes.mdx,23,en,https://manage.auth0.com/#/account/advanced,rewritten,https://manage.auth0.com/dashboard/#/tenant/advanced,path changed,
main/docs/deploy-monitor/pre-deployment-checks/production-check-required-fixes.mdx,25,en,https://manage.auth0.com/#/connections/social,rewritten,https://manage.auth0.com/dashboard/#/connections,path changed,
main/docs/deploy-monitor/pre-deployment-checks/production-check-required-fixes.mdx,26,en,https://manage.auth0.com/#/account,rewritten,https://manage.auth0.com/dashboard/#/tenant/general,path changed,
main/docs/deploy-monitor/pre-deployment-checks/production-check-required-fixes.mdx,27,en,https://manage.auth0.com/#/account,rewritten,https://manage.auth0.com/dashboard/#/tenant/general,path changed,
main/docs/deploy-monitor/pre-deployment-checks/production-check-required-fixes.mdx,30,en,https://manage.auth0.com/#/tenant/advanced,rewritten,https://manage.auth0.com/dashboard/#/tenant/advanced,add /dashboard/ prefix,
main/docs/deploy-monitor/pre-deployment-checks/production-checks-best-practices.mdx,9,en,https://manage.auth0.com/#/connections/database,rewritten,https://manage.auth0.com/dashboard/#/authentication/database,http → https + new path,
main/docs/deploy-monitor/pre-deployment-checks/production-checks-best-practices.mdx,10,en,https://manage.auth0.com/#/account/advanced,rewritten,https://manage.auth0.com/dashboard/#/tenant/advanced,path changed,
main/docs/fr-ca/api/authentication.mdx,98,fr-ca,https://manage.auth0.com/dashboard/,rewritten,https://manage.auth0.com/dashboard/#/,path changed,
main/docs/fr-ca/api/authentication/account-linking-legacy/link.mdx,20,fr-ca,https://manage.auth0.com/dashboard,rewritten,https://manage.auth0.com/dashboard/#/,path changed,
main/docs/fr-ca/api/authentication/implicit-flow/authorize.mdx,25,fr-ca,https://manage.auth0.com/dashboard,rewritten,https://manage.auth0.com/dashboard/#/,path changed,
main/docs/fr-ca/api/authentication/login-legacy/database-ad-lapd-active.mdx,22,fr-ca,http://manage.auth0.com/login,unchanged-root,,,
main/docs/fr-ca/api/authentication/login/authenticate-using-database.mdx,10,fr-ca,http://manage.auth0.com/login,unchanged-root,,,
main/docs/fr-ca/api/authentication/login/authenticate-using-database.mdx,13,fr-ca,http://manage.auth0.com/login,unchanged-root,,,
main/docs/fr-ca/api/authentication/login/authenticate-using-database.mdx,19,fr-ca,http://manage.auth0.com/login,unchanged-root,,,
main/docs/fr-ca/api/authentication/login/authenticate-using-database.mdx,43,fr-ca,http://manage.auth0.com/login,unchanged-root,,,
main/docs/fr-ca/api/authentication/login/authenticate-using-database.mdx,47,fr-ca,https://manage.auth0.com/dashboard/#/applications,unchanged-new,,already in new form,
main/docs/fr-ca/api/authentication/login/enterprise-saml-and-others.mdx,17,fr-ca,http://manage.auth0.com/login,unchanged-root,,,
main/docs/fr-ca/api/authentication/login/enterprise-saml-and-others.mdx,40,fr-ca,http://manage.auth0.com/login,unchanged-root,,,
main/docs/fr-ca/api/authentication/revoke-refresh-token/revoke-refresh-token.mdx,20,fr-ca,https://manage.auth0.com/dashboard,rewritten,https://manage.auth0.com/dashboard/#/,path changed,
main/docs/fr-ca/api/myorganization.mdx,32,fr-ca,https://manage.auth0.com/#/apis,rewritten,https://manage.auth0.com/dashboard/#/apis,http → https + new path,
main/docs/fr-ca/api/myorganization.mdx,60,fr-ca,https://manage.auth0.com/#/apis,rewritten,https://manage.auth0.com/dashboard/#/apis,http → https + new path,
main/docs/fr-ca/authenticate/database-connections.mdx,10,fr-ca,https://manage.auth0.com/#/connections/database,rewritten,https://manage.auth0.com/dashboard/#/authentication/database,http → https + new path,
main/docs/fr-ca/authenticate/database-connections/activate-and-configure-attributes-for-flexible-identifiers.mdx,17,fr-ca,https://manage.auth0.com/#/connections/database,rewritten,https://manage.auth0.com/dashboard/#/authentication/database,http → https + new path,
main/docs/fr-ca/authenticate/database-connections/activate-and-configure-attributes-for-flexible-identifiers.mdx,24,fr-ca,https://manage.auth0.com/#/connections/database,rewritten,https://manage.auth0.com/dashboard/#/authentication/database,http → https + new path,
main/docs/fr-ca/authenticate/database-connections/custom-db/create-db-connection.mdx,35,fr-ca,https://manage.auth0.com/#/connections/database,rewritten,https://manage.auth0.com/dashboard/#/authentication/database,http → https + new path,
main/docs/fr-ca/authenticate/database-connections/custom-db/create-db-connection.mdx,35,fr-ca,https://manage.auth0.com/#/connections/database/new,rewritten,https://manage.auth0.com/dashboard/#/authentication/database,path changed,
main/docs/fr-ca/authenticate/database-connections/custom-db/create-db-connection.mdx,161,fr-ca,https://manage.auth0.com/dashboard/us/#/connections/database/,rewritten,https://manage.auth0.com/dashboard/#/authentication/database,path changed,
main/docs/fr-ca/authenticate/database-connections/custom-db/test-custom-database-connections.mdx,15,fr-ca,https://manage.auth0.com/#/applications/applications/create,rewritten,https://manage.auth0.com/dashboard/#/applications,path changed,
main/docs/fr-ca/authenticate/database-connections/custom-db/test-custom-database-connections.mdx,23,fr-ca,https://manage.auth0.com/#/apis,rewritten,https://manage.auth0.com/dashboard/#/apis,http → https + new path,
main/docs/fr-ca/authenticate/database-connections/custom-db/test-custom-database-connections.mdx,41,fr-ca,https://manage.auth0.com/#/connections/database,rewritten,https://manage.auth0.com/dashboard/#/authentication/database,http → https + new path,
main/docs/fr-ca/authenticate/database-connections/custom-db/test-custom-database-connections.mdx,47,fr-ca,https://manage.auth0.com/#/users,rewritten,https://manage.auth0.com/dashboard/#/users,add /dashboard/ prefix,
main/docs/fr-ca/authenticate/database-connections/custom-db/test-custom-database-connections.mdx,76,fr-ca,https://manage.auth0.com/#/connections/database,rewritten,https://manage.auth0.com/dashboard/#/authentication/database,http → https + new path,
main/docs/fr-ca/authenticate/database-connections/flexible-password-policy.mdx,38,fr-ca,https://manage.auth0.com/#/connections/database,rewritten,https://manage.auth0.com/dashboard/#/authentication/database,http → https + new path,
main/docs/fr-ca/authenticate/database-connections/passkeys.mdx,130,fr-ca,https://manage.auth0.com/#/applications,rewritten,https://manage.auth0.com/dashboard/#/applications,http → https + new path,
main/docs/fr-ca/authenticate/database-connections/passkeys/configure-passkey-policy.mdx,19,fr-ca,https://manage.auth0.com/#/login_page,rewritten,https://manage.auth0.com/dashboard/#/login_page,add /dashboard/ prefix,
main/docs/fr-ca/authenticate/database-connections/passkeys/configure-passkey-policy.mdx,119,fr-ca,https://manage.auth0.com/#/connections/database,rewritten,https://manage.auth0.com/dashboard/#/authentication/database,http → https + new path,
main/docs/fr-ca/authenticate/database-connections/passkeys/configure-passkey-policy.mdx,177,fr-ca,https://manage.auth0.com/#/applications,rewritten,https://manage.auth0.com/dashboard/#/applications,http → https + new path,
main/docs/fr-ca/authenticate/database-connections/passkeys/configure-passkey-policy.mdx,181,fr-ca,https://manage.auth0.com/#/tenant/relying_party_ids,rewritten,https://manage.auth0.com/dashboard/#/tenant/relying_party_ids,add /dashboard/ prefix,
main/docs/fr-ca/authenticate/database-connections/passkeys/monitor-passkey-events-in-tenant-logs.mdx,8,fr-ca,https://manage.auth0.com/#/logs,rewritten,https://manage.auth0.com/dashboard/#/logging/logs,path changed,
main/docs/fr-ca/authenticate/database-connections/passkeys/passkey-apis.mdx,49,fr-ca,https://manage.auth0.com/#/applications,rewritten,https://manage.auth0.com/dashboard/#/applications,http → https + new path,
main/docs/fr-ca/authenticate/database-connections/passkeys/passkey-apis.mdx,65,fr-ca,https://manage.auth0.com/#/applications,rewritten,https://manage.auth0.com/dashboard/#/applications,http → https + new path,
main/docs/fr-ca/authenticate/database-connections/passkeys/passkey-apis.mdx,78,fr-ca,https://manage.auth0.com/#/applications,rewritten,https://manage.auth0.com/dashboard/#/applications,http → https + new path,
main/docs/fr-ca/authenticate/database-connections/passkeys/passkey-apis.mdx,92,fr-ca,https://manage.auth0.com/#/applications,rewritten,https://manage.auth0.com/dashboard/#/applications,http → https + new path,
main/docs/fr-ca/authenticate/database-connections/passkeys/passkey-apis.mdx,104,fr-ca,https://manage.auth0.com/#/tenant/relying_party_ids,rewritten,https://manage.auth0.com/dashboard/#/tenant/relying_party_ids,add /dashboard/ prefix,
main/docs/fr-ca/authenticate/database-connections/password-change.mdx,50,fr-ca,https://manage.auth0.com/#/applications/\{yourClientId}/settings,rewritten,https://manage.auth0.com/dashboard/#/applications/{yourClientId}/settings,path changed,
main/docs/fr-ca/authenticate/database-connections/password-change.mdx,398,fr-ca,https://manage.auth0.com/#/users,rewritten,https://manage.auth0.com/dashboard/#/users,add /dashboard/ prefix,
main/docs/fr-ca/authenticate/database-connections/password-options.mdx,28,fr-ca,https://manage.auth0.com/#/connections/database,rewritten,https://manage.auth0.com/dashboard/#/authentication/database,http → https + new path,
main/docs/fr-ca/authenticate/database-connections/passwordless-authentication-for-db-connect.mdx,30,fr-ca,https://manage.auth0.com/#/phone/templates/phone/provider,rewritten,https://manage.auth0.com/dashboard/#/phone/provider,path changed,
main/docs/fr-ca/authenticate/database-connections/passwordless-authentication-for-db-connect.mdx,33,fr-ca,https://manage.auth0.com/#/connections/passwordless,rewritten,https://manage.auth0.com/dashboard/#/authentication/passwordless,path changed,
main/docs/fr-ca/authenticate/database-connections/passwordless-authentication-for-db-connect.mdx,66,fr-ca,https://manage.auth0.com/#/connections/database,rewritten,https://manage.auth0.com/dashboard/#/authentication/database,http → https + new path,
main/docs/fr-ca/authenticate/database-connections/passwordless-authentication-for-db-connect.mdx,274,fr-ca,https://manage.auth0.com/#/connections/database,rewritten,https://manage.auth0.com/dashboard/#/authentication/database,http → https + new path,
main/docs/fr-ca/authenticate/database-connections/passwordless-authentication-for-db-connect.mdx,403,fr-ca,https://manage.auth0.com/#/actions/triggers,rewritten,https://manage.auth0.com/dashboard/#/actions/triggers,add /dashboard/ prefix,
main/docs/fr-ca/authenticate/database-connections/require-username.mdx,10,fr-ca,https://manage.auth0.com/#/connections/database,rewritten,https://manage.auth0.com/dashboard/#/authentication/database,http → https + new path,
main/docs/fr-ca/authenticate/enterprise-connections.mdx,34,fr-ca,https://manage.auth0.com/#/connections/enterprise,rewritten,https://manage.auth0.com/dashboard/#/connections/enterprise,add /dashboard/ prefix,
main/docs/fr-ca/authenticate/enterprise-connections/enable-dpop-enterprise-connections.mdx,57,fr-ca,https://manage.auth0.com/dashboard/#/connections/enterprise/,unchanged-new,,already in new form,
main/docs/fr-ca/authenticate/enterprise-connections/enable-dpop-enterprise-connections.mdx,101,fr-ca,https://manage.auth0.com/#/logs,rewritten,https://manage.auth0.com/dashboard/#/logging/logs,path changed,
main/docs/fr-ca/authenticate/enterprise-connections/enable-dpop-enterprise-connections.mdx,128,fr-ca,https://manage.auth0.com/dashboard/#/connections/enterprise/,unchanged-new,,already in new form,
main/docs/fr-ca/authenticate/enterprise-connections/enable-dpop-enterprise-connections.mdx,163,fr-ca,https://manage.auth0.com/#/connections/enterprise,rewritten,https://manage.auth0.com/dashboard/#/connections/enterprise,add /dashboard/ prefix,
main/docs/fr-ca/authenticate/enterprise-connections/private-key-jwt-client-auth.mdx,80,fr-ca,https://manage.auth0.com/#/connections/enterprise,rewritten,https://manage.auth0.com/dashboard/#/connections/enterprise,add /dashboard/ prefix,
main/docs/fr-ca/authenticate/enterprise-connections/private-key-jwt-client-auth.mdx,91,fr-ca,https://manage.auth0.com/#/connections/enterprise,rewritten,https://manage.auth0.com/dashboard/#/connections/enterprise,add /dashboard/ prefix,
main/docs/fr-ca/authenticate/enterprise-connections/private-key-jwt-client-auth.mdx,175,fr-ca,https://manage.auth0.com/#/connections/enterprise,rewritten,https://manage.auth0.com/dashboard/#/connections/enterprise,add /dashboard/ prefix,
main/docs/fr-ca/authenticate/enterprise-connections/private-key-jwt-client-auth.mdx,267,fr-ca,https://manage.auth0.com/#/connections/enterprise,rewritten,https://manage.auth0.com/dashboard/#/connections/enterprise,add /dashboard/ prefix,
main/docs/fr-ca/authenticate/enterprise-connections/self-service-enterprise-configuration/manage-self-service-enterprise-config.mdx,41,fr-ca,https://manage.auth0.com/#/connections/enterprise,rewritten,https://manage.auth0.com/dashboard/#/connections/enterprise,add /dashboard/ prefix,
main/docs/fr-ca/authenticate/enterprise-connections/self-service-enterprise-configuration/manage-self-service-enterprise-config.mdx,240,fr-ca,https://manage.auth0.com/#/connections/enterprise,rewritten,https://manage.auth0.com/dashboard/#/connections/enterprise,add /dashboard/ prefix,
main/docs/fr-ca/authenticate/enterprise-connections/self-service-enterprise-configuration/manage-self-service-enterprise-config.mdx,330,fr-ca,https://manage.auth0.com/#/organizations,rewritten,https://manage.auth0.com/dashboard/#/organizations/list,path changed,
main/docs/fr-ca/authenticate/enterprise-connections/self-service-enterprise-configuration/manage-self-service-enterprise-config.mdx,432,fr-ca,https://manage.auth0.com/#/connections/enterprise,rewritten,https://manage.auth0.com/dashboard/#/connections/enterprise,add /dashboard/ prefix,
main/docs/fr-ca/authenticate/enterprise-connections/self-service-enterprise-configuration/manage-self-service-enterprise-config.mdx,493,fr-ca,https://manage.auth0.com/#/connections/enterprise,rewritten,https://manage.auth0.com/dashboard/#/connections/enterprise,add /dashboard/ prefix,
main/docs/fr-ca/authenticate/enterprise-connections/session-expiry-enterprise-connections.mdx,69,fr-ca,https://manage.auth0.com/#/connections/enterprise,rewritten,https://manage.auth0.com/dashboard/#/connections/enterprise,add /dashboard/ prefix,
main/docs/fr-ca/authenticate/enterprise-connections/session-expiry-enterprise-connections.mdx,111,fr-ca,https://manage.auth0.com/#/actions/library,rewritten,https://manage.auth0.com/dashboard/#/actions/custom,path changed,
main/docs/fr-ca/authenticate/enterprise-connections/session-expiry-enterprise-connections.mdx,129,fr-ca,https://manage.auth0.com/#/actions/triggers,rewritten,https://manage.auth0.com/dashboard/#/actions/triggers,add /dashboard/ prefix,
main/docs/fr-ca/authenticate/enterprise-connections/session-expiry-enterprise-connections.mdx,252,fr-ca,https://manage.auth0.com/#/logs,rewritten,https://manage.auth0.com/dashboard/#/logging/logs,path changed,
main/docs/fr-ca/authenticate/enterprise-connections/session-expiry-enterprise-connections.mdx,270,fr-ca,https://manage.auth0.com/#/connections/enterprise,rewritten,https://manage.auth0.com/dashboard/#/connections/enterprise,add /dashboard/ prefix,
main/docs/fr-ca/authenticate/enterprise-connections/user-attribute-profile.mdx,143,fr-ca,http://manage.auth0.com/*/connections/enterprise/self-service-profiles,rewritten,https://manage.auth0.com/login?connection={assignedConnectionName},http → https + new path,
main/docs/fr-ca/authenticate/identity-providers/adding-scopes-for-an-external-idp.mdx,14,fr-ca,https://manage.auth0.com/#/connections/social,rewritten,https://manage.auth0.com/dashboard/#/connections,path changed,
main/docs/fr-ca/authenticate/identity-providers/calling-an-external-idp-api.mdx,45,fr-ca,https://manage.auth0.com/#/apis,rewritten,https://manage.auth0.com/dashboard/#/apis,http → https + new path,
main/docs/fr-ca/authenticate/identity-providers/calling-an-external-idp-api.mdx,45,fr-ca,https://manage.auth0.com/#/apis/management/authorized-clients,rewritten,https://manage.auth0.com/dashboard/#/apis/{apiId}/authorized-clients,path changed,
main/docs/fr-ca/authenticate/identity-providers/calling-an-external-idp-api.mdx,53,fr-ca,https://manage.auth0.com/#/applications,rewritten,https://manage.auth0.com/dashboard/#/applications,http → https + new path,
main/docs/fr-ca/authenticate/identity-providers/calling-an-external-idp-api.mdx,64,fr-ca,https://manage.auth0.com/#/apis/management/authorized-clients,rewritten,https://manage.auth0.com/dashboard/#/apis/{apiId}/authorized-clients,path changed,
main/docs/fr-ca/authenticate/identity-providers/calling-an-external-idp-api.mdx,64,fr-ca,https://manage.auth0.com/#/apis/management/authorized-clients,rewritten,https://manage.auth0.com/dashboard/#/apis/{apiId}/authorized-clients,path changed,
main/docs/fr-ca/authenticate/identity-providers/calling-an-external-idp-api.mdx,72,fr-ca,https://manage.auth0.com/#/apis/management/authorized-clients,rewritten,https://manage.auth0.com/dashboard/#/apis/{apiId}/authorized-clients,path changed,
main/docs/fr-ca/authenticate/identity-providers/calling-an-external-idp-api.mdx,72,fr-ca,https://manage.auth0.com/#/apis/management/test,rewritten,https://manage.auth0.com/dashboard/#/apis/{apiId}/test,path changed,
main/docs/fr-ca/authenticate/identity-providers/calling-an-external-idp-api.mdx,85,fr-ca,https://manage.auth0.com/#/apis,rewritten,https://manage.auth0.com/dashboard/#/apis,http → https + new path,
main/docs/fr-ca/authenticate/identity-providers/calling-an-external-idp-api.mdx,85,fr-ca,https://manage.auth0.com/#/apis/management/authorized-clients,rewritten,https://manage.auth0.com/dashboard/#/apis/{apiId}/authorized-clients,path changed,
main/docs/fr-ca/authenticate/identity-providers/calling-an-external-idp-api.mdx,236,fr-ca,https://manage.auth0.com/#/users,rewritten,https://manage.auth0.com/dashboard/#/users,add /dashboard/ prefix,
main/docs/fr-ca/authenticate/identity-providers/enterprise-identity-providers/active-directory-ldap.mdx,36,fr-ca,https://manage.auth0.com/#/connections/enterprise,rewritten,https://manage.auth0.com/dashboard/#/connections/enterprise,add /dashboard/ prefix,
main/docs/fr-ca/authenticate/identity-providers/enterprise-identity-providers/active-directory-ldap/ad-ldap-connector/ad-ldap-connector-test-environment.mdx,34,fr-ca,https://manage.auth0.com/#/connections/enterprise,rewritten,https://manage.auth0.com/dashboard/#/connections/enterprise,add /dashboard/ prefix,
main/docs/fr-ca/authenticate/identity-providers/enterprise-identity-providers/active-directory-ldap/ad-ldap-connector/ad-ldap-connector-test-environment.mdx,51,fr-ca,https://manage.auth0.com/#/applications,rewritten,https://manage.auth0.com/dashboard/#/applications,http → https + new path,
main/docs/fr-ca/authenticate/identity-providers/enterprise-identity-providers/active-directory-ldap/ad-ldap-connector/ad-ldap-high-availability.mdx,42,fr-ca,https://manage.auth0.com/#/connections/enterprise/ad,rewritten,https://manage.auth0.com/dashboard/#/connections/enterprise/ad,add /dashboard/ prefix,
main/docs/fr-ca/authenticate/identity-providers/enterprise-identity-providers/active-directory-ldap/ad-ldap-connector/configure-ad-ldap-connector-client-certificates.mdx,10,fr-ca,https://manage.auth0.com/#/connections/enterprise/ad,rewritten,https://manage.auth0.com/dashboard/#/connections/enterprise/ad,add /dashboard/ prefix,
main/docs/fr-ca/authenticate/identity-providers/enterprise-identity-providers/active-directory-ldap/ad-ldap-connector/configure-ad-ldap-connector-with-kerberos.mdx,10,fr-ca,https://manage.auth0.com/#/connections/enterprise/ad,rewritten,https://manage.auth0.com/dashboard/#/connections/enterprise/ad,add /dashboard/ prefix,
main/docs/fr-ca/authenticate/identity-providers/enterprise-identity-providers/active-directory-ldap/ad-ldap-connector/disable-credential-caching.mdx,8,fr-ca,https://manage.auth0.com/#/connections/enterprise,rewritten,https://manage.auth0.com/dashboard/#/connections/enterprise,add /dashboard/ prefix,
main/docs/fr-ca/authenticate/identity-providers/enterprise-identity-providers/active-directory-ldap/ad-ldap-connector/install-configure-ad-ldap-connector.mdx,25,fr-ca,https://manage.auth0.com/#/connections/enterprise/ad,rewritten,https://manage.auth0.com/dashboard/#/connections/enterprise/ad,add /dashboard/ prefix,
main/docs/fr-ca/authenticate/identity-providers/enterprise-identity-providers/azure-active-directory-native.mdx,129,fr-ca,https://manage.auth0.com/#/connections/enterprise,rewritten,https://manage.auth0.com/dashboard/#/connections/enterprise,add /dashboard/ prefix,
main/docs/fr-ca/authenticate/identity-providers/enterprise-identity-providers/azure-active-directory/v2.mdx,90,fr-ca,https://manage.auth0.com/#/connections/enterprise,rewritten,https://manage.auth0.com/dashboard/#/connections/enterprise,add /dashboard/ prefix,
main/docs/fr-ca/authenticate/identity-providers/enterprise-identity-providers/azuread-adfs-email-verification.mdx,28,fr-ca,https://manage.auth0.com/#/tenant/advanced,rewritten,https://manage.auth0.com/dashboard/#/tenant/advanced,add /dashboard/ prefix,
main/docs/fr-ca/authenticate/identity-providers/enterprise-identity-providers/choose-a-connection-type-for-azure-ad.mdx,22,fr-ca,https://manage.auth0.com/dashboard/#/connections/enterprise,unchanged-new,,already in new form,
main/docs/fr-ca/authenticate/identity-providers/enterprise-identity-providers/configure-pkce-claim-mapping-for-oidc.mdx,27,fr-ca,https://manage.auth0.com/#/connections/enterprise,rewritten,https://manage.auth0.com/dashboard/#/connections/enterprise,add /dashboard/ prefix,
main/docs/fr-ca/authenticate/identity-providers/enterprise-identity-providers/enable-enterprise-connections.mdx,8,fr-ca,https://manage.auth0.com/#/connections/enterprise,rewritten,https://manage.auth0.com/dashboard/#/connections/enterprise,add /dashboard/ prefix,
main/docs/fr-ca/authenticate/identity-providers/enterprise-identity-providers/google-apps.mdx,54,fr-ca,https://manage.auth0.com/#/connections/enterprise,rewritten,https://manage.auth0.com/dashboard/#/connections/enterprise,add /dashboard/ prefix,
main/docs/fr-ca/authenticate/identity-providers/enterprise-identity-providers/google-directory-sync.mdx,48,fr-ca,https://manage.auth0.com/#/connections/enterprise,rewritten,https://manage.auth0.com/dashboard/#/connections/enterprise,add /dashboard/ prefix,
main/docs/fr-ca/authenticate/identity-providers/enterprise-identity-providers/google-directory-sync.mdx,176,fr-ca,https://manage.auth0.com/#/connections/enterprise,rewritten,https://manage.auth0.com/dashboard/#/connections/enterprise,add /dashboard/ prefix,
main/docs/fr-ca/authenticate/identity-providers/enterprise-identity-providers/oidc.mdx,56,fr-ca,https://manage.auth0.com/#/connections/enterprise,rewritten,https://manage.auth0.com/dashboard/#/connections/enterprise,add /dashboard/ prefix,
main/docs/fr-ca/authenticate/identity-providers/enterprise-identity-providers/okta/express-configuration.mdx,132,fr-ca,https://manage.auth0.com/dashboard/#/applications,unchanged-new,,already in new form,
main/docs/fr-ca/authenticate/identity-providers/enterprise-identity-providers/okta/express-configuration.mdx,447,fr-ca,https://manage.auth0.com/dashboard/#/applications/#/okta-integration-network/wizard,rewritten,https://manage.auth0.com/dashboard/#/applications/{yourClientId}/okta-integration-network,path changed,
main/docs/fr-ca/authenticate/identity-providers/enterprise-identity-providers/okta/express-configuration.mdx,459,fr-ca,https://manage.auth0.com/dashboard/#/applications/#/okta-integration-network/wizard,rewritten,https://manage.auth0.com/dashboard/#/applications/{yourClientId}/okta-integration-network,path changed,
main/docs/fr-ca/authenticate/identity-providers/enterprise-identity-providers/ping-federate.mdx,51,fr-ca,https://manage.auth0.com/#/connections/enterprise,rewritten,https://manage.auth0.com/dashboard/#/connections/enterprise,add /dashboard/ prefix,
main/docs/fr-ca/authenticate/identity-providers/enterprise-identity-providers/saml.mdx,55,fr-ca,https://manage.auth0.com/#/connections/enterprise,rewritten,https://manage.auth0.com/dashboard/#/connections/enterprise,add /dashboard/ prefix,
main/docs/fr-ca/authenticate/identity-providers/enterprise-identity-providers/test-enterprise-connections.mdx,11,fr-ca,https://manage.auth0.com/#/connections/enterprise,rewritten,https://manage.auth0.com/dashboard/#/connections/enterprise,add /dashboard/ prefix,
main/docs/fr-ca/authenticate/identity-providers/locate-the-connection-id.mdx,8,fr-ca,https://manage.auth0.com/#/,unchanged-root,,,
main/docs/fr-ca/authenticate/identity-providers/okta.mdx,58,fr-ca,https://manage.auth0.com/#/connections/enterprise,rewritten,https://manage.auth0.com/dashboard/#/connections/enterprise,add /dashboard/ prefix,
main/docs/fr-ca/authenticate/identity-providers/social-identity-providers.mdx,20,fr-ca,https://manage.auth0.com/#/connections/social,rewritten,https://manage.auth0.com/dashboard/#/connections,path changed,
main/docs/fr-ca/authenticate/identity-providers/social-identity-providers/apple-native.mdx,41,fr-ca,https://manage.auth0.com/#/applications,rewritten,https://manage.auth0.com/dashboard/#/applications,http → https + new path,
main/docs/fr-ca/authenticate/identity-providers/social-identity-providers/apple-native.mdx,46,fr-ca,https://manage.auth0.com/#/connections/social,rewritten,https://manage.auth0.com/dashboard/#/connections,path changed,
main/docs/fr-ca/authenticate/identity-providers/social-identity-providers/facebook-native.mdx,31,fr-ca,https://manage.auth0.com/#/applications,rewritten,https://manage.auth0.com/dashboard/#/applications,http → https + new path,
main/docs/fr-ca/authenticate/identity-providers/social-identity-providers/github.mdx,16,fr-ca,https://manage.auth0.com/#/applications,rewritten,https://manage.auth0.com/dashboard/#/applications,http → https + new path,
main/docs/fr-ca/authenticate/identity-providers/social-identity-providers/github.mdx,40,fr-ca,https://manage.auth0.com/#/applications,rewritten,https://manage.auth0.com/dashboard/#/applications,http → https + new path,
main/docs/fr-ca/authenticate/identity-providers/social-identity-providers/github.mdx,64,fr-ca,https://manage.auth0.com/#/social,rewritten,https://manage.auth0.com/dashboard/#/connections,http → https + new path,
main/docs/fr-ca/authenticate/identity-providers/social-identity-providers/github.mdx,90,fr-ca,https://manage.auth0.com/#/social,rewritten,https://manage.auth0.com/dashboard/#/connections,http → https + new path,
main/docs/fr-ca/authenticate/identity-providers/social-identity-providers/google-native.mdx,71,fr-ca,https://manage.auth0.com/#/applications,rewritten,https://manage.auth0.com/dashboard/#/applications,http → https + new path,
main/docs/fr-ca/authenticate/identity-providers/social-identity-providers/google-one-tap.mdx,64,fr-ca,https://manage.auth0.com/#/applications,rewritten,https://manage.auth0.com/dashboard/#/applications,http → https + new path,
main/docs/fr-ca/authenticate/identity-providers/social-identity-providers/google-one-tap.mdx,69,fr-ca,https://manage.auth0.com/#/connections/social,rewritten,https://manage.auth0.com/dashboard/#/connections,path changed,
main/docs/fr-ca/authenticate/identity-providers/social-identity-providers/google.mdx,20,fr-ca,https://manage.auth0.com/#/applications,rewritten,https://manage.auth0.com/dashboard/#/applications,http → https + new path,
main/docs/fr-ca/authenticate/identity-providers/social-identity-providers/google.mdx,64,fr-ca,https://manage.auth0.com/#/custom_domains,rewritten,https://manage.auth0.com/dashboard/#/custom-domains-v2,path changed,
main/docs/fr-ca/authenticate/identity-providers/social-identity-providers/google.mdx,107,fr-ca,https://manage.auth0.com/#/social,rewritten,https://manage.auth0.com/dashboard/#/connections,http → https + new path,
main/docs/fr-ca/authenticate/identity-providers/social-identity-providers/google.mdx,132,fr-ca,https://manage.auth0.com/#/social,rewritten,https://manage.auth0.com/dashboard/#/connections,http → https + new path,
main/docs/fr-ca/authenticate/identity-providers/social-identity-providers/oauth2.mdx,10,fr-ca,https://manage.auth0.com/#,unchanged-root,,,
main/docs/fr-ca/authenticate/identity-providers/social-identity-providers/oauth2.mdx,12,fr-ca,https://manage.auth0.com/#/connections/social,rewritten,https://manage.auth0.com/dashboard/#/connections,path changed,
main/docs/fr-ca/authenticate/identity-providers/social-identity-providers/tiktok.mdx,30,fr-ca,http://manage.auth0.com/#/applications,rewritten,https://manage.auth0.com/dashboard/#/applications,http → https + new path,
main/docs/fr-ca/authenticate/identity-providers/social-identity-providers/tiktok.mdx,38,fr-ca,http://manage.auth0.com/#/social,rewritten,https://manage.auth0.com/dashboard/#/connections,http → https + new path,
main/docs/fr-ca/authenticate/identity-providers/social-identity-providers/tiktok.mdx,81,fr-ca,http://manage.auth0.com/#/applications,rewritten,https://manage.auth0.com/dashboard/#/applications,http → https + new path,
main/docs/fr-ca/authenticate/identity-providers/social-identity-providers/tiktok.mdx,91,fr-ca,http://manage.auth0.com/#/apis,rewritten,https://manage.auth0.com/dashboard/#/apis,http → https + new path,
main/docs/fr-ca/authenticate/identity-providers/test-connections.mdx,12,fr-ca,https://manage.auth0.com/#,unchanged-root,,,
main/docs/fr-ca/authenticate/identity-providers/test-connections.mdx,25,fr-ca,https://manage.auth0.com/#/applications,rewritten,https://manage.auth0.com/dashboard/#/applications,http → https + new path,
main/docs/fr-ca/authenticate/identity-providers/view-connections.mdx,8,fr-ca,https://manage.auth0.com/#/connections,rewritten,https://manage.auth0.com/dashboard/#/connections,add /dashboard/ prefix,
main/docs/fr-ca/authenticate/identity-providers/view-connections.mdx,11,fr-ca,https://manage.auth0.com/#/connections/database,rewritten,https://manage.auth0.com/dashboard/#/authentication/database,http → https + new path,
main/docs/fr-ca/authenticate/identity-providers/view-connections.mdx,12,fr-ca,https://manage.auth0.com/#/connections/social,rewritten,https://manage.auth0.com/dashboard/#/connections,path changed,
main/docs/fr-ca/authenticate/identity-providers/view-connections.mdx,13,fr-ca,https://manage.auth0.com/#/connections/enterprise,rewritten,https://manage.auth0.com/dashboard/#/connections/enterprise,add /dashboard/ prefix,
main/docs/fr-ca/authenticate/identity-providers/view-connections.mdx,14,fr-ca,https://manage.auth0.com/#/connections/passwordless,rewritten,https://manage.auth0.com/dashboard/#/authentication/passwordless,path changed,
main/docs/fr-ca/authenticate/login/auth0-universal-login.mdx,21,fr-ca,https://manage.auth0.com/#/universal-login/customizations-new,rewritten,https://manage.auth0.com/dashboard/#/pages,path changed,
main/docs/fr-ca/authenticate/login/auth0-universal-login/configure-default-login-routes.mdx,12,fr-ca,https://manage.auth0.com/#/applications/settings,rewritten,https://manage.auth0.com/dashboard/#/applications/{yourClientId}/settings,path changed,
main/docs/fr-ca/authenticate/login/auth0-universal-login/configure-default-login-routes.mdx,12,fr-ca,https://manage.auth0.com/#/tenant/advanced,rewritten,https://manage.auth0.com/dashboard/#/tenant/advanced,add /dashboard/ prefix,
main/docs/fr-ca/authenticate/login/auth0-universal-login/error-pages.mdx,12,fr-ca,https://manage.auth0.com/#/tenant/,rewritten,https://manage.auth0.com/dashboard/#/tenant/general,path changed,
main/docs/fr-ca/authenticate/login/auth0-universal-login/identifier-first.mdx,20,fr-ca,https://manage.auth0.com/#/authentication-profiles,rewritten,https://manage.auth0.com/dashboard/#/authentication/authentication-profile,path changed,
main/docs/fr-ca/authenticate/login/auth0-universal-login/identifier-first.mdx,32,fr-ca,https://manage.auth0.com/#/connections/enterprise,rewritten,https://manage.auth0.com/dashboard/#/connections/enterprise,add /dashboard/ prefix,
main/docs/fr-ca/authenticate/login/auth0-universal-login/passwordless-login/email-or-sms.mdx,20,fr-ca,https://manage.auth0.com/#/login_settings,rewritten,https://manage.auth0.com/dashboard/#/login_settings,add /dashboard/ prefix,
main/docs/fr-ca/authenticate/login/auth0-universal-login/passwordless-login/webauthn-device-biometrics.mdx,11,fr-ca,https://manage.auth0.com/#/connections/database,rewritten,https://manage.auth0.com/dashboard/#/authentication/database,http → https + new path,
main/docs/fr-ca/authenticate/login/auth0-universal-login/passwordless-login/webauthn-device-biometrics.mdx,18,fr-ca,https://manage.auth0.com/#/login_settings,rewritten,https://manage.auth0.com/dashboard/#/login_settings,add /dashboard/ prefix,
main/docs/fr-ca/authenticate/login/auth0-universal-login/passwordless-login/webauthn-device-biometrics.mdx,19,fr-ca,https://manage.auth0.com/#/authentication-profiles,rewritten,https://manage.auth0.com/dashboard/#/authentication/authentication-profile,path changed,
main/docs/fr-ca/authenticate/login/auth0-universal-login/universal-login-vs-classic-login/universal-experience.mdx,52,fr-ca,https://manage.auth0.com/#/mfa,rewritten,https://manage.auth0.com/dashboard/#/authentication/mfa,path changed,
main/docs/fr-ca/authenticate/login/auth0-universal-login/universal-login-vs-classic-login/universal-experience.mdx,53,fr-ca,https://manage.auth0.com/#/mfa,rewritten,https://manage.auth0.com/dashboard/#/authentication/mfa,path changed,
main/docs/fr-ca/authenticate/login/configure-silent-authentication.mdx,54,fr-ca,https://manage.auth0.com/#/applications,rewritten,https://manage.auth0.com/dashboard/#/applications,http → https + new path,
main/docs/fr-ca/authenticate/login/logout/back-channel-logout/configure-back-channel-logout.mdx,48,fr-ca,https://manage.auth0.com/#/applications,rewritten,https://manage.auth0.com/dashboard/#/applications,http → https + new path,
main/docs/fr-ca/authenticate/login/logout/back-channel-logout/configure-back-channel-logout.mdx,62,fr-ca,http://manage.auth0.com/#/applications,rewritten,https://manage.auth0.com/dashboard/#/applications,http → https + new path,
main/docs/fr-ca/authenticate/login/logout/log-users-out-of-auth0.mdx,64,fr-ca,https://manage.auth0.com/#/tenant/advanced,rewritten,https://manage.auth0.com/dashboard/#/tenant/advanced,add /dashboard/ prefix,
main/docs/fr-ca/authenticate/login/logout/log-users-out-of-auth0.mdx,178,fr-ca,https://manage.auth0.com/#/applications,rewritten,https://manage.auth0.com/dashboard/#/applications,http → https + new path,
main/docs/fr-ca/authenticate/login/logout/log-users-out-of-auth0.mdx,208,fr-ca,https://manage.auth0.com/#/tenant/advanced,rewritten,https://manage.auth0.com/dashboard/#/tenant/advanced,add /dashboard/ prefix,
main/docs/fr-ca/authenticate/login/logout/log-users-out-of-auth0.mdx,282,fr-ca,https://manage.auth0.com/#/tenant/advanced,rewritten,https://manage.auth0.com/dashboard/#/tenant/advanced,add /dashboard/ prefix,
main/docs/fr-ca/authenticate/login/logout/log-users-out-of-saml-idps.mdx,16,fr-ca,https://manage.auth0.com/#/connections/enterprise/samlp,rewritten,https://manage.auth0.com/dashboard/#/connections/enterprise/samlp,add /dashboard/ prefix,
main/docs/fr-ca/authenticate/login/logout/log-users-out-of-saml-idps.mdx,30,fr-ca,https://manage.auth0.com/#/applications,rewritten,https://manage.auth0.com/dashboard/#/applications,http → https + new path,
main/docs/fr-ca/authenticate/login/logout/redirect-users-after-logout.mdx,14,fr-ca,https://manage.auth0.com/#/tenant/advanced,rewritten,https://manage.auth0.com/dashboard/#/tenant/advanced,add /dashboard/ prefix,
main/docs/fr-ca/authenticate/login/logout/redirect-users-after-logout.mdx,16,fr-ca,https://manage.auth0.com/#/tenant/advanced,rewritten,https://manage.auth0.com/dashboard/#/tenant/advanced,add /dashboard/ prefix,
main/docs/fr-ca/authenticate/login/logout/redirect-users-after-logout.mdx,54,fr-ca,https://manage.auth0.com/#,unchanged-root,,,
main/docs/fr-ca/authenticate/login/logout/universal-logout.mdx,46,fr-ca,https://manage.auth0.com/#/connections/enterprise/okta,rewritten,https://manage.auth0.com/dashboard/#/connections/enterprise/okta,add /dashboard/ prefix,
main/docs/fr-ca/authenticate/login/logout/universal-logout.mdx,55,fr-ca,https://manage.auth0.com/#/connections/enterprise/oidc,rewritten,https://manage.auth0.com/dashboard/#/connections/enterprise/oidc,add /dashboard/ prefix,
main/docs/fr-ca/authenticate/login/logout/universal-logout.mdx,61,fr-ca,https://manage.auth0.com/#/connections/enterprise/samlp,rewritten,https://manage.auth0.com/dashboard/#/connections/enterprise/samlp,add /dashboard/ prefix,
main/docs/fr-ca/authenticate/login/logout/universal-logout.mdx,109,fr-ca,https://manage.auth0.com/#/*/logs,rewritten,https://manage.auth0.com/dashboard/#/logging/logs,path changed,
main/docs/fr-ca/authenticate/login/oidc-conformant-authentication.mdx,30,fr-ca,https://manage.auth0.com/#/applications,rewritten,https://manage.auth0.com/dashboard/#/applications,http → https + new path,
main/docs/fr-ca/authenticate/login/redirect-users-after-login.mdx,10,fr-ca,https://manage.auth0.com/#/applications/\{yourClientId}/settings,rewritten,https://manage.auth0.com/dashboard/#/applications/{yourClientId}/settings,path changed,
main/docs/fr-ca/authenticate/passwordless/authentication-methods/email-magic-link.mdx,39,fr-ca,https://manage.auth0.com/#/connections/passwordless,rewritten,https://manage.auth0.com/dashboard/#/authentication/passwordless,path changed,
main/docs/fr-ca/authenticate/passwordless/authentication-methods/email-magic-link.mdx,84,fr-ca,https://manage.auth0.com/#/login_settings,rewritten,https://manage.auth0.com/dashboard/#/login_settings,add /dashboard/ prefix,
main/docs/fr-ca/authenticate/passwordless/authentication-methods/email-otp.mdx,26,fr-ca,https://manage.auth0.com/#/connections/passwordless,rewritten,https://manage.auth0.com/dashboard/#/authentication/passwordless,path changed,
main/docs/fr-ca/authenticate/passwordless/authentication-methods/sms-otp.mdx,26,fr-ca,https://manage.auth0.com/#/phone/templates/phone/provider,rewritten,https://manage.auth0.com/dashboard/#/phone/provider,path changed,
main/docs/fr-ca/authenticate/passwordless/best-practices.mdx,55,fr-ca,https://manage.auth0.com/#/connections/passwordless,rewritten,https://manage.auth0.com/dashboard/#/authentication/passwordless,path changed,
main/docs/fr-ca/authenticate/passwordless/implement-login/embedded-login/native.mdx,10,fr-ca,https://manage.auth0.com/#/applications,rewritten,https://manage.auth0.com/dashboard/#/applications,http → https + new path,
main/docs/fr-ca/authenticate/passwordless/implement-login/embedded-login/relevant-api-endpoints.mdx,21,fr-ca,https://manage.auth0.com/#/applications,rewritten,https://manage.auth0.com/dashboard/#/applications,http → https + new path,
main/docs/fr-ca/authenticate/passwordless/implement-login/embedded-login/relevant-api-endpoints.mdx,58,fr-ca,https://manage.auth0.com/#/applications,rewritten,https://manage.auth0.com/dashboard/#/applications,http → https + new path,
main/docs/fr-ca/authenticate/passwordless/implement-login/embedded-login/spa.mdx,23,fr-ca,https://manage.auth0.com/#/applications,rewritten,https://manage.auth0.com/dashboard/#/applications,http → https + new path,
main/docs/fr-ca/authenticate/passwordless/implement-login/embedded-login/webapps.mdx,10,fr-ca,https://manage.auth0.com/#/applications,rewritten,https://manage.auth0.com/dashboard/#/applications,http → https + new path,
main/docs/fr-ca/authenticate/passwordless/implement-login/universal-login.mdx,10,fr-ca,https://manage.auth0.com/#/login_settings,rewritten,https://manage.auth0.com/dashboard/#/login_settings,add /dashboard/ prefix,
main/docs/fr-ca/authenticate/passwordless/passwordless-with-universal-login.mdx,22,fr-ca,https://manage.auth0.com/?/authentication-profiles,rewritten,https://manage.auth0.com/dashboard/#/authentication/authentication-profile,path changed,
main/docs/fr-ca/authenticate/passwordless/sample-use-cases-actions.mdx,13,fr-ca,https://manage.auth0.com/#/templates/provider,rewritten,https://manage.auth0.com/dashboard/#/phone/provider,path changed,
main/docs/fr-ca/authenticate/passwordless/sample-use-cases-actions.mdx,62,fr-ca,https://manage.auth0.com/dashboard/#/phone/templates/phone/provider,rewritten,https://manage.auth0.com/dashboard/#/phone/provider,path changed,
main/docs/fr-ca/authenticate/protocols/oauth.mdx,112,fr-ca,https://manage.auth0.com/#/applications/\{yourClientId}/settings,rewritten,https://manage.auth0.com/dashboard/#/applications/{yourClientId}/settings,path changed,
main/docs/fr-ca/authenticate/protocols/saml/saml-configuration/configure-auth0-as-service-and-identity-provider.mdx,18,fr-ca,https://manage.auth0.com/#/,unchanged-root,,,
main/docs/fr-ca/authenticate/protocols/saml/saml-configuration/configure-auth0-as-service-and-identity-provider.mdx,28,fr-ca,https://manage.auth0.com/#/applications,rewritten,https://manage.auth0.com/dashboard/#/applications,http → https + new path,
main/docs/fr-ca/authenticate/protocols/saml/saml-configuration/configure-auth0-as-service-and-identity-provider.mdx,36,fr-ca,https://manage.auth0.com/#/users,rewritten,https://manage.auth0.com/dashboard/#/users,add /dashboard/ prefix,
main/docs/fr-ca/authenticate/protocols/saml/saml-configuration/configure-auth0-as-service-and-identity-provider.mdx,47,fr-ca,https://manage.auth0.com/#/connections/enterprise,rewritten,https://manage.auth0.com/dashboard/#/connections/enterprise,add /dashboard/ prefix,
main/docs/fr-ca/authenticate/protocols/saml/saml-configuration/configure-auth0-as-service-and-identity-provider.mdx,71,fr-ca,https://manage.auth0.com/#/applications,rewritten,https://manage.auth0.com/dashboard/#/applications,http → https + new path,
main/docs/fr-ca/authenticate/protocols/saml/saml-configuration/configure-auth0-as-service-and-identity-provider.mdx,90,fr-ca,https://manage.auth0.com/#/applications,rewritten,https://manage.auth0.com/dashboard/#/applications,http → https + new path,
main/docs/fr-ca/authenticate/protocols/saml/saml-configuration/configure-auth0-as-service-and-identity-provider.mdx,102,fr-ca,https://manage.auth0.com/#/connections/enterprise,rewritten,https://manage.auth0.com/dashboard/#/connections/enterprise,add /dashboard/ prefix,
main/docs/fr-ca/authenticate/protocols/saml/saml-configuration/configure-auth0-as-service-and-identity-provider.mdx,170,fr-ca,https://manage.auth0.com/#/applications,rewritten,https://manage.auth0.com/dashboard/#/applications,http → https + new path,
main/docs/fr-ca/authenticate/protocols/saml/saml-configuration/customize-saml-assertions.mdx,14,fr-ca,https://manage.auth0.com/#/applications/\{yourClientId}/addons,rewritten,https://manage.auth0.com/dashboard/#/applications/{yourClientId}/addons,path changed,
main/docs/fr-ca/authenticate/protocols/saml/saml-configuration/deprovision-users-in-saml-integrations.mdx,10,fr-ca,https://manage.auth0.com/#/users,rewritten,https://manage.auth0.com/dashboard/#/users,add /dashboard/ prefix,
main/docs/fr-ca/authenticate/protocols/saml/saml-sso-integrations/configure-auth0-saml-service-provider.mdx,26,fr-ca,https://manage.auth0.com/#/connections/enterprise/samlp,rewritten,https://manage.auth0.com/dashboard/#/connections/enterprise/samlp,add /dashboard/ prefix,
main/docs/fr-ca/authenticate/protocols/saml/saml-sso-integrations/configure-auth0-saml-service-provider.mdx,126,fr-ca,https://manage.auth0.com/#/connections/enterprise/samlp,rewritten,https://manage.auth0.com/dashboard/#/connections/enterprise/samlp,add /dashboard/ prefix,
main/docs/fr-ca/authenticate/protocols/saml/saml-sso-integrations/configure-auth0-saml-service-provider.mdx,158,fr-ca,https://manage.auth0.com/#/connections/enterprise/samlp,rewritten,https://manage.auth0.com/dashboard/#/connections/enterprise/samlp,add /dashboard/ prefix,
main/docs/fr-ca/authenticate/protocols/saml/saml-sso-integrations/configure-auth0-saml-service-provider/configure-adfs-saml-connections.mdx,114,fr-ca,https://manage.auth0.com/#/connections/enterprise/samlp,rewritten,https://manage.auth0.com/dashboard/#/connections/enterprise/samlp,add /dashboard/ prefix,
main/docs/fr-ca/authenticate/protocols/saml/saml-sso-integrations/configure-auth0-saml-service-provider/configure-okta-as-saml-identity-provider.mdx,50,fr-ca,https://manage.auth0.com/#,unchanged-root,,,
main/docs/fr-ca/authenticate/protocols/saml/saml-sso-integrations/configure-auth0-saml-service-provider/configure-okta-as-saml-identity-provider.mdx,51,fr-ca,https://manage.auth0.com/#/connections/enterprise/samlp,rewritten,https://manage.auth0.com/dashboard/#/connections/enterprise/samlp,add /dashboard/ prefix,
main/docs/fr-ca/authenticate/protocols/saml/saml-sso-integrations/configure-auth0-saml-service-provider/configure-okta-as-saml-identity-provider.mdx,71,fr-ca,https://manage.auth0.com/#,unchanged-root,,,
main/docs/fr-ca/authenticate/protocols/saml/saml-sso-integrations/configure-auth0-saml-service-provider/configure-okta-as-saml-identity-provider.mdx,72,fr-ca,https://manage.auth0.com/#/organizations,rewritten,https://manage.auth0.com/dashboard/#/organizations/list,path changed,
main/docs/fr-ca/authenticate/protocols/saml/saml-sso-integrations/configure-auth0-saml-service-provider/configure-okta-as-saml-identity-provider.mdx,81,fr-ca,https://manage.auth0.com/#,unchanged-root,,,
main/docs/fr-ca/authenticate/protocols/saml/saml-sso-integrations/configure-auth0-saml-service-provider/configure-okta-as-saml-identity-provider.mdx,82,fr-ca,https://manage.auth0.com/#/connections/enterprise/samlp,rewritten,https://manage.auth0.com/dashboard/#/connections/enterprise/samlp,add /dashboard/ prefix,
main/docs/fr-ca/authenticate/protocols/saml/saml-sso-integrations/configure-auth0-saml-service-provider/configure-okta-as-saml-identity-provider.mdx,89,fr-ca,https://manage.auth0.com/#,unchanged-root,,,
main/docs/fr-ca/authenticate/protocols/saml/saml-sso-integrations/configure-auth0-saml-service-provider/configure-okta-as-saml-identity-provider.mdx,90,fr-ca,https://manage.auth0.com/#/connections/enterprise/samlp,rewritten,https://manage.auth0.com/dashboard/#/connections/enterprise/samlp,add /dashboard/ prefix,
main/docs/fr-ca/authenticate/protocols/saml/saml-sso-integrations/configure-auth0-saml-service-provider/configure-onelogin-as-saml-identity-provider.mdx,28,fr-ca,https://manage.auth0.com/#,unchanged-root,,,
main/docs/fr-ca/authenticate/protocols/saml/saml-sso-integrations/configure-auth0-saml-service-provider/configure-onelogin-as-saml-identity-provider.mdx,94,fr-ca,https://manage.auth0.com/#/connections/enterprise,rewritten,https://manage.auth0.com/dashboard/#/connections/enterprise,add /dashboard/ prefix,
main/docs/fr-ca/authenticate/protocols/saml/saml-sso-integrations/configure-auth0-saml-service-provider/configure-onelogin-as-saml-identity-provider.mdx,109,fr-ca,https://manage.auth0.com/#/connections/enterprise,rewritten,https://manage.auth0.com/dashboard/#/connections/enterprise,add /dashboard/ prefix,
main/docs/fr-ca/authenticate/protocols/saml/saml-sso-integrations/configure-auth0-saml-service-provider/configure-onelogin-as-saml-identity-provider.mdx,110,fr-ca,https://manage.auth0.com/#/users,rewritten,https://manage.auth0.com/dashboard/#/users,add /dashboard/ prefix,
main/docs/fr-ca/authenticate/protocols/saml/saml-sso-integrations/configure-auth0-saml-service-provider/configure-salesforce-as-saml-identity-provider.mdx,33,fr-ca,https://manage.auth0.com/#/connections/enterprise,rewritten,https://manage.auth0.com/dashboard/#/connections/enterprise,add /dashboard/ prefix,
main/docs/fr-ca/authenticate/protocols/saml/saml-sso-integrations/configure-auth0-saml-service-provider/configure-salesforce-as-saml-identity-provider.mdx,86,fr-ca,https://manage.auth0.com/#/connections/enterprise,rewritten,https://manage.auth0.com/dashboard/#/connections/enterprise,add /dashboard/ prefix,
main/docs/fr-ca/authenticate/protocols/saml/saml-sso-integrations/configure-auth0-saml-service-provider/configure-ssocircle-as-saml-identity-provider.mdx,28,fr-ca,https://manage.auth0.com/#/connections,rewritten,https://manage.auth0.com/dashboard/#/connections,add /dashboard/ prefix,
main/docs/fr-ca/authenticate/protocols/saml/saml-sso-integrations/configure-auth0-saml-service-provider/configure-ssocircle-as-saml-identity-provider.mdx,75,fr-ca,https://manage.auth0.com/#,unchanged-root,,,
main/docs/fr-ca/authenticate/protocols/saml/saml-sso-integrations/configure-idp-initiated-saml-sign-on-to-oidc-apps.mdx,119,fr-ca,https://manage.auth0.com/#/applications,rewritten,https://manage.auth0.com/dashboard/#/applications,http → https + new path,
main/docs/fr-ca/authenticate/protocols/saml/saml-sso-integrations/configure-idp-initiated-saml-sign-on-to-oidc-apps.mdx,125,fr-ca,https://manage.auth0.com/#/connections/enterprise/samlp,rewritten,https://manage.auth0.com/dashboard/#/connections/enterprise/samlp,add /dashboard/ prefix,
main/docs/fr-ca/authenticate/protocols/saml/saml-sso-integrations/enable-saml2-web-app-addon.mdx,8,fr-ca,https://manage.auth0.com/#/applications,rewritten,https://manage.auth0.com/dashboard/#/applications,http → https + new path,
main/docs/fr-ca/authenticate/protocols/saml/saml-sso-integrations/identity-provider-initiated-single-sign-on.mdx,73,fr-ca,https://manage.auth0.com/#/connections/enterprise,rewritten,https://manage.auth0.com/dashboard/#/connections/enterprise,add /dashboard/ prefix,
main/docs/fr-ca/authenticate/protocols/saml/saml-sso-integrations/sign-and-encrypt-saml-requests.mdx,21,fr-ca,https://manage.auth0.com/#/connections/enterprise,rewritten,https://manage.auth0.com/dashboard/#/connections/enterprise,add /dashboard/ prefix,
main/docs/fr-ca/authenticate/protocols/saml/saml-sso-integrations/sign-and-encrypt-saml-requests.mdx,89,fr-ca,https://manage.auth0.com/#/connections/enterprise,rewritten,https://manage.auth0.com/dashboard/#/connections/enterprise,add /dashboard/ prefix,
main/docs/fr-ca/authenticate/protocols/saml/saml-sso-integrations/sign-and-encrypt-saml-requests.mdx,181,fr-ca,https://manage.auth0.com/#/applications,rewritten,https://manage.auth0.com/dashboard/#/applications,http → https + new path,
main/docs/fr-ca/authenticate/protocols/saml/saml-sso-integrations/sign-and-encrypt-saml-requests.mdx,188,fr-ca,https://manage.auth0.com/#/applications,rewritten,https://manage.auth0.com/dashboard/#/applications,http → https + new path,
main/docs/fr-ca/authenticate/protocols/saml/saml-sso-integrations/sign-and-encrypt-saml-requests.mdx,250,fr-ca,https://manage.auth0.com/#/tenant/signing_keys,rewritten,https://manage.auth0.com/dashboard/#/tenant/signing_keys,add /dashboard/ prefix,
main/docs/fr-ca/authenticate/protocols/saml/saml-sso-integrations/sign-and-encrypt-saml-requests.mdx,281,fr-ca,https://manage.auth0.com/#/applications,rewritten,https://manage.auth0.com/dashboard/#/applications,http → https + new path,
main/docs/fr-ca/authenticate/protocols/scim/configure-inbound-scim.mdx,22,fr-ca,https://manage.auth0.com/#/,unchanged-root,,,
main/docs/fr-ca/authenticate/protocols/scim/configure-inbound-scim.mdx,23,fr-ca,https://manage.auth0.com/#/connections/enterprise/,rewritten,https://manage.auth0.com/dashboard/#/connections/enterprise,add /dashboard/ prefix,
main/docs/fr-ca/authenticate/protocols/scim/configure-inbound-scim.mdx,40,fr-ca,https://manage.auth0.com/#/users,rewritten,https://manage.auth0.com/dashboard/#/users,add /dashboard/ prefix,
main/docs/fr-ca/authenticate/protocols/scim/configure-inbound-scim.mdx,40,fr-ca,https://manage.auth0.com/#/enterprise-groups,rewritten,https://manage.auth0.com/dashboard/#/enterprise-groups,add /dashboard/ prefix,
main/docs/fr-ca/authenticate/protocols/scim/configure-inbound-scim.mdx,40,fr-ca,https://manage.auth0.com/#/logs,rewritten,https://manage.auth0.com/dashboard/#/logging/logs,path changed,
main/docs/fr-ca/authenticate/protocols/scim/configure-inbound-scim.mdx,106,fr-ca,https://manage.auth0.com/#/logs,rewritten,https://manage.auth0.com/dashboard/#/logging/logs,path changed,
main/docs/fr-ca/authenticate/protocols/scim/inbound-scim-for-azure-ad-saml-connections.mdx,17,fr-ca,https://manage.auth0.com/#/,unchanged-root,,,
main/docs/fr-ca/authenticate/protocols/scim/inbound-scim-for-azure-ad-saml-connections.mdx,35,fr-ca,https://manage.auth0.com/#/,unchanged-root,,,
main/docs/fr-ca/authenticate/protocols/scim/inbound-scim-for-new-azure-ad-connections.mdx,16,fr-ca,https://manage.auth0.com/#/,unchanged-root,,,
main/docs/fr-ca/authenticate/protocols/scim/inbound-scim-for-new-azure-ad-connections.mdx,27,fr-ca,https://manage.auth0.com/#/,unchanged-root,,,
main/docs/fr-ca/authenticate/protocols/scim/inbound-scim-for-okta-workforce-connections.mdx,18,fr-ca,https://manage.auth0.com/#/,unchanged-root,,,
main/docs/fr-ca/authenticate/protocols/scim/inbound-scim-for-okta-workforce-saml-connections.mdx,14,fr-ca,https://manage.auth0.com/#/,unchanged-root,,,
main/docs/fr-ca/authenticate/protocols/scim/inbound-scim-for-older-azure-ad-connections.mdx,18,fr-ca,https://manage.auth0.com/#/,unchanged-root,,,
main/docs/fr-ca/authenticate/protocols/scim/manage-an-inbound-scim-deployment-with-the-management-api.mdx,12,fr-ca,https://manage.auth0.com/#/,unchanged-root,,,
main/docs/fr-ca/authenticate/protocols/ws-fed-protocol.mdx,14,fr-ca,https://manage.auth0.com/#/applications/\{yourClientId}/settings,rewritten,https://manage.auth0.com/dashboard/#/applications/{yourClientId}/settings,path changed,
main/docs/fr-ca/authenticate/single-sign-on/native-to-web/configure-implement-native-to-web.mdx,58,fr-ca,https://manage.auth0.com/dashboard/#/applications,unchanged-new,,already in new form,
main/docs/fr-ca/authenticate/single-sign-on/native-to-web/configure-implement-native-to-web.mdx,98,fr-ca,https://manage.auth0.com/dashboard/#/applications,unchanged-new,,already in new form,
main/docs/fr-ca/authenticate/single-sign-on/outbound-single-sign-on/configure-auth0-saml-identity-provider.mdx,10,fr-ca,https://manage.auth0.com/#/externalapps,rewritten,https://manage.auth0.com/dashboard/#/applications/sso,path changed,
main/docs/fr-ca/authenticate/single-sign-on/outbound-single-sign-on/configure-auth0-saml-identity-provider.mdx,28,fr-ca,https://manage.auth0.com/#/applications,rewritten,https://manage.auth0.com/dashboard/#/applications,http → https + new path,
main/docs/fr-ca/authenticate/single-sign-on/outbound-single-sign-on/configure-auth0-saml-identity-provider/configure-auth0-as-identity-provider-for-atlassian.mdx,8,fr-ca,https://manage.auth0.com/#/applications,rewritten,https://manage.auth0.com/dashboard/#/applications,http → https + new path,
main/docs/fr-ca/authenticate/single-sign-on/outbound-single-sign-on/configure-auth0-saml-identity-provider/configure-auth0-as-identity-provider-for-cisco-webex.mdx,8,fr-ca,https://manage.auth0.com/#/applications,rewritten,https://manage.auth0.com/dashboard/#/applications,http → https + new path,
main/docs/fr-ca/authenticate/single-sign-on/outbound-single-sign-on/configure-auth0-saml-identity-provider/configure-auth0-as-identity-provider-for-datadog.mdx,8,fr-ca,https://manage.auth0.com/#/applications,rewritten,https://manage.auth0.com/dashboard/#/applications,http → https + new path,
main/docs/fr-ca/authenticate/single-sign-on/outbound-single-sign-on/configure-auth0-saml-identity-provider/configure-auth0-as-identity-provider-for-egencia.mdx,8,fr-ca,https://manage.auth0.com/#/applications,rewritten,https://manage.auth0.com/dashboard/#/applications,http → https + new path,
main/docs/fr-ca/authenticate/single-sign-on/outbound-single-sign-on/configure-auth0-saml-identity-provider/configure-auth0-as-identity-provider-for-freshdesk.mdx,8,fr-ca,https://manage.auth0.com/#/applications,rewritten,https://manage.auth0.com/dashboard/#/applications,http → https + new path,
main/docs/fr-ca/authenticate/single-sign-on/outbound-single-sign-on/configure-auth0-saml-identity-provider/configure-auth0-as-identity-provider-for-hosted-graphite.mdx,8,fr-ca,https://manage.auth0.com/#/applications,rewritten,https://manage.auth0.com/dashboard/#/applications,http → https + new path,
main/docs/fr-ca/authenticate/single-sign-on/outbound-single-sign-on/configure-auth0-saml-identity-provider/configure-auth0-as-identity-provider-for-litmos.mdx,32,fr-ca,https://manage.auth0.com/#/applications,rewritten,https://manage.auth0.com/dashboard/#/applications,http → https + new path,
main/docs/fr-ca/authenticate/single-sign-on/outbound-single-sign-on/configure-auth0-saml-identity-provider/configure-auth0-as-identity-provider-for-pluralsight.mdx,8,fr-ca,https://manage.auth0.com/#/applications,rewritten,https://manage.auth0.com/dashboard/#/applications,http → https + new path,
main/docs/fr-ca/authenticate/single-sign-on/outbound-single-sign-on/configure-auth0-saml-identity-provider/configure-auth0-as-identity-provider-for-sprout-video.mdx,8,fr-ca,https://manage.auth0.com/#/applications,rewritten,https://manage.auth0.com/dashboard/#/applications,http → https + new path,
main/docs/fr-ca/authenticate/single-sign-on/outbound-single-sign-on/configure-auth0-saml-identity-provider/configure-auth0-as-identity-provider-for-tableau-online.mdx,8,fr-ca,https://manage.auth0.com/#/applications,rewritten,https://manage.auth0.com/dashboard/#/applications,http → https + new path,
main/docs/fr-ca/authenticate/single-sign-on/outbound-single-sign-on/configure-auth0-saml-identity-provider/configure-auth0-as-identity-provider-for-tableau-server.mdx,8,fr-ca,https://manage.auth0.com/#/applications,rewritten,https://manage.auth0.com/dashboard/#/applications,http → https + new path,
main/docs/fr-ca/authenticate/single-sign-on/outbound-single-sign-on/configure-auth0-saml-identity-provider/configure-auth0-as-identity-provider-for-workday.mdx,8,fr-ca,https://manage.auth0.com/#/applications,rewritten,https://manage.auth0.com/dashboard/#/applications,http → https + new path,
main/docs/fr-ca/authenticate/single-sign-on/outbound-single-sign-on/configure-auth0-saml-identity-provider/configure-auth0-as-identity-provider-for-workpath.mdx,8,fr-ca,https://manage.auth0.com/#/applications,rewritten,https://manage.auth0.com/dashboard/#/applications,http → https + new path,
main/docs/fr-ca/authenticate/single-sign-on/outbound-single-sign-on/configure-auth0-saml-identity-provider/configure-auth0-as-idp-for-google-g-suite.mdx,8,fr-ca,https://manage.auth0.com/#/applications,rewritten,https://manage.auth0.com/dashboard/#/applications,http → https + new path,
main/docs/fr-ca/authenticate/single-sign-on/outbound-single-sign-on/configure-auth0-saml-identity-provider/configure-saml2-addon-eloqua.mdx,10,fr-ca,https://manage.auth0.com/#/applications,rewritten,https://manage.auth0.com/dashboard/#/applications,http → https + new path,
main/docs/fr-ca/authenticate/single-sign-on/outbound-single-sign-on/configure-auth0-saml-identity-provider/configure-saml2-addon-eloqua.mdx,55,fr-ca,https://manage.auth0.com/#/applications,rewritten,https://manage.auth0.com/dashboard/#/applications,http → https + new path,
main/docs/fr-ca/authenticate/single-sign-on/outbound-single-sign-on/configure-auth0-saml-identity-provider/configure-saml2-web-app-addon-for-aws.mdx,8,fr-ca,https://manage.auth0.com/#/applications,rewritten,https://manage.auth0.com/dashboard/#/applications,http → https + new path,
main/docs/fr-ca/authenticate/single-sign-on/outbound-single-sign-on/configure-auth0-saml-identity-provider/configure-saml2-web-app-addon-for-github-enterprise-cloud.mdx,13,fr-ca,https://manage.auth0.com/#/applications,rewritten,https://manage.auth0.com/dashboard/#/applications,http → https + new path,
main/docs/fr-ca/authenticate/single-sign-on/outbound-single-sign-on/configure-auth0-saml-identity-provider/configure-saml2-web-app-addon-for-github-enterprise-cloud.mdx,14,fr-ca,https://manage.auth0.com/#/applications/\{yourClientId}/addons,rewritten,https://manage.auth0.com/dashboard/#/applications/{yourClientId}/addons,path changed,
main/docs/fr-ca/authenticate/single-sign-on/outbound-single-sign-on/configure-auth0-saml-identity-provider/configure-saml2-web-app-addon-for-github-enterprise-server.mdx,10,fr-ca,https://manage.auth0.com/#/applications,rewritten,https://manage.auth0.com/dashboard/#/applications,http → https + new path,
main/docs/fr-ca/authenticate/single-sign-on/outbound-single-sign-on/configure-auth0-saml-identity-provider/configure-saml2-web-app-addon-for-github-enterprise-server.mdx,11,fr-ca,https://manage.auth0.com/#/applications/\{yourClientId}/addons,rewritten,https://manage.auth0.com/dashboard/#/applications/{yourClientId}/addons,path changed,
main/docs/fr-ca/authenticate/single-sign-on/outbound-single-sign-on/configure-auth0-saml-identity-provider/configure-saml2-web-app-addon-for-heroku.mdx,10,fr-ca,https://manage.auth0.com/#/applications,rewritten,https://manage.auth0.com/dashboard/#/applications,http → https + new path,
main/docs/fr-ca/customize/actions/actions-real-time-logs.mdx,18,fr-ca,https://manage.auth0.com/#/tenant/action-logs,rewritten,https://manage.auth0.com/dashboard/#/actions/logs,path changed,
main/docs/fr-ca/customize/actions/actions-real-time-logs.mdx,92,fr-ca,https://manage.auth0.com/#/tenant/action-logs,rewritten,https://manage.auth0.com/dashboard/#/actions/logs,path changed,
main/docs/fr-ca/customize/actions/explore-triggers/post-login.mdx,57,fr-ca,https://manage.auth0.com/#/apis,rewritten,https://manage.auth0.com/dashboard/#/apis,http → https + new path,
main/docs/fr-ca/customize/actions/manage-dependencies.mdx,12,fr-ca,https://manage.auth0.com/#/actions/library,rewritten,https://manage.auth0.com/dashboard/#/actions/custom,path changed,
main/docs/fr-ca/customize/actions/manage-versions.mdx,12,fr-ca,https://manage.auth0.com/#/actions/library,rewritten,https://manage.auth0.com/dashboard/#/actions/custom,path changed,
main/docs/fr-ca/customize/actions/manage-versions.mdx,22,fr-ca,https://manage.auth0.com/#/actions/library,rewritten,https://manage.auth0.com/dashboard/#/actions/custom,path changed,
main/docs/fr-ca/customize/actions/migrate/migrate-a-rule-to-an-action.mdx,6,fr-ca,https://manage.auth0.com/,unchanged-root,,,
main/docs/fr-ca/customize/actions/migrate/migrate-from-hooks-to-actions.mdx,48,fr-ca,https://manage.auth0.com/#/select-tenant?path=/actions/library,rewritten,https://manage.auth0.com/dashboard/#/actions/custom,path changed,
main/docs/fr-ca/customize/actions/migrate/migrate-from-rules-to-actions.mdx,50,fr-ca,https://manage.auth0.com/#/select-tenant?path=/actions/library,rewritten,https://manage.auth0.com/dashboard/#/actions/custom,path changed,
main/docs/fr-ca/customize/actions/modules/write-your-first-action-module.mdx,47,fr-ca,https://manage.auth0.com/#/actions/library,rewritten,https://manage.auth0.com/dashboard/#/actions/custom,path changed,
main/docs/fr-ca/customize/actions/modules/write-your-first-action-module.mdx,239,fr-ca,https://manage.auth0.com/#/actions/library,rewritten,https://manage.auth0.com/dashboard/#/actions/custom,path changed,
main/docs/fr-ca/customize/actions/test-actions.mdx,14,fr-ca,https://manage.auth0.com/#/actions,rewritten,https://manage.auth0.com/dashboard/#/actions,add /dashboard/ prefix,
main/docs/fr-ca/customize/actions/test-actions.mdx,34,fr-ca,https://manage.auth0.com/#/authentication-profiles,rewritten,https://manage.auth0.com/dashboard/#/authentication/authentication-profile,path changed,
main/docs/fr-ca/customize/actions/write-your-first-action.mdx,32,fr-ca,https://manage.auth0.com/#/actions/library,rewritten,https://manage.auth0.com/dashboard/#/actions/custom,path changed,
main/docs/fr-ca/customize/actions/write-your-first-action.mdx,43,fr-ca,https://manage.auth0.com/#/actions/library,rewritten,https://manage.auth0.com/dashboard/#/actions/custom,path changed,
main/docs/fr-ca/customize/actions/write-your-first-action.mdx,135,fr-ca,https://manage.auth0.com/#/actions/flows,rewritten,https://manage.auth0.com/dashboard/#/actions/triggers,path changed,
main/docs/fr-ca/customize/actions/write-your-first-action.mdx,145,fr-ca,https://manage.auth0.com/#/logs,rewritten,https://manage.auth0.com/dashboard/#/logging/logs,path changed,
main/docs/fr-ca/customize/custom-domains.mdx,37,fr-ca,https://manage.auth0.com/#/custom_domains,rewritten,https://manage.auth0.com/dashboard/#/custom-domains-v2,path changed,
main/docs/fr-ca/customize/custom-domains/auth0-managed-certificates.mdx,12,fr-ca,https://manage.auth0.com/#/tenant/custom_domains,rewritten,https://manage.auth0.com/dashboard/#/tenant/custom_domains,add /dashboard/ prefix,
main/docs/fr-ca/customize/custom-domains/auth0-managed-certificates.mdx,12,fr-ca,https://manage.auth0.com/#/custom_domains,rewritten,https://manage.auth0.com/dashboard/#/custom-domains-v2,path changed,
main/docs/fr-ca/customize/custom-domains/auth0-managed-certificates.mdx,19,fr-ca,https://manage.auth0.com/#/branding/custom_domains,rewritten,https://manage.auth0.com/dashboard/#/custom-domains-v2,path changed,
main/docs/fr-ca/customize/custom-domains/configure-features-to-use-custom-domains.mdx,119,fr-ca,https://manage.auth0.com/#/branding/custom_domains,rewritten,https://manage.auth0.com/dashboard/#/custom-domains-v2,path changed,
main/docs/fr-ca/customize/custom-domains/multiple-custom-domains.mdx,57,fr-ca,https://manage.auth0.com/#/applications,rewritten,https://manage.auth0.com/dashboard/#/applications,http → https + new path,
main/docs/fr-ca/customize/custom-domains/multiple-custom-domains/migration-guide.mdx,212,fr-ca,https://manage.auth0.com/#/applications,rewritten,https://manage.auth0.com/dashboard/#/applications,http → https + new path,
main/docs/fr-ca/customize/custom-domains/self-managed-certificates.mdx,25,fr-ca,https://manage.auth0.com/#/tenant/custom_domains,rewritten,https://manage.auth0.com/dashboard/#/tenant/custom_domains,add /dashboard/ prefix,
main/docs/fr-ca/customize/custom-domains/self-managed-certificates.mdx,25,fr-ca,https://manage.auth0.com/#/custom_domains,rewritten,https://manage.auth0.com/dashboard/#/custom-domains-v2,path changed,
main/docs/fr-ca/customize/custom-domains/self-managed-certificates.mdx,33,fr-ca,https://manage.auth0.com/#/branding/custom_domains,rewritten,https://manage.auth0.com/dashboard/#/custom-domains-v2,path changed,
main/docs/fr-ca/customize/custom-domains/self-managed-certificates.mdx,70,fr-ca,https://manage.auth0.com/#/branding/custom_domains,rewritten,https://manage.auth0.com/dashboard/#/custom-domains-v2,path changed,
main/docs/fr-ca/customize/custom-domains/self-managed-certificates/configure-akamai-for-use-as-reverse-proxy.mdx,13,fr-ca,https://manage.auth0.com/#/tenant/custom_domains,rewritten,https://manage.auth0.com/dashboard/#/tenant/custom_domains,add /dashboard/ prefix,
main/docs/fr-ca/customize/custom-domains/self-managed-certificates/configure-gcp-as-reverse-proxy.mdx,7,fr-ca,https://manage.auth0.com/#/tenant/billing/subscription,rewritten,https://manage.auth0.com/dashboard/#/tenant/billing/subscription,add /dashboard/ prefix,
main/docs/fr-ca/customize/custom-domains/self-managed-certificates/configure-gcp-as-reverse-proxy.mdx,18,fr-ca,https://manage.auth0.com/#/tenant/custom_domains,rewritten,https://manage.auth0.com/dashboard/#/tenant/custom_domains,add /dashboard/ prefix,
main/docs/fr-ca/customize/customize-sms-or-voice-messages.mdx,8,fr-ca,https://manage.auth0.com/#/security/mfa,rewritten,https://manage.auth0.com/dashboard/#/authentication/mfa,path changed,
main/docs/fr-ca/customize/email/email-templates.mdx,16,fr-ca,https://manage.auth0.com/#/templates,rewritten,https://manage.auth0.com/dashboard/#/pages,path changed,
main/docs/fr-ca/customize/email/email-templates.mdx,55,fr-ca,https://manage.auth0.com/#/connections/passwordless,rewritten,https://manage.auth0.com/dashboard/#/authentication/passwordless,path changed,
main/docs/fr-ca/customize/email/email-templates/customize-email-templates.mdx,14,fr-ca,https://manage.auth0.com/#/templates,rewritten,https://manage.auth0.com/dashboard/#/pages,path changed,
main/docs/fr-ca/customize/email/email-templates/supported-liquid-syntax.mdx,68,fr-ca,https://manage.auth0.com/#/tenant,rewritten,https://manage.auth0.com/dashboard/#/tenant/general,path changed,
main/docs/fr-ca/customize/email/smtp-email-providers/amazon-ses.mdx,39,fr-ca,https://manage.auth0.com/#/branding/email_provider,rewritten,https://manage.auth0.com/dashboard/#/emails/provider,path changed,
main/docs/fr-ca/customize/email/smtp-email-providers/amazon-ses.mdx,51,fr-ca,https://manage.auth0.com/#/emails/provider,rewritten,https://manage.auth0.com/dashboard/#/emails/provider,add /dashboard/ prefix,
main/docs/fr-ca/customize/email/smtp-email-providers/amazon-ses.mdx,58,fr-ca,https://manage.auth0.com/#/logs,rewritten,https://manage.auth0.com/dashboard/#/logging/logs,path changed,
main/docs/fr-ca/customize/email/smtp-email-providers/azure-communication-services.mdx,28,fr-ca,https://manage.auth0.com/#/branding/email_provider,rewritten,https://manage.auth0.com/dashboard/#/emails/provider,path changed,
main/docs/fr-ca/customize/email/smtp-email-providers/azure-communication-services.mdx,46,fr-ca,https://manage.auth0.com/#/logs,rewritten,https://manage.auth0.com/dashboard/#/logging/logs,path changed,
main/docs/fr-ca/customize/email/smtp-email-providers/custom/configure-action.mdx,11,fr-ca,https://manage.auth0.com/#/templates/provider,rewritten,https://manage.auth0.com/dashboard/#/phone/provider,path changed,
main/docs/fr-ca/customize/email/smtp-email-providers/custom/configure-action.mdx,41,fr-ca,https://manage.auth0.com/#/templates/provider,rewritten,https://manage.auth0.com/dashboard/#/phone/provider,path changed,
main/docs/fr-ca/customize/email/smtp-email-providers/mailgun.mdx,18,fr-ca,https://manage.auth0.com/#/branding/email_provider,rewritten,https://manage.auth0.com/dashboard/#/emails/provider,path changed,
main/docs/fr-ca/customize/email/smtp-email-providers/mailgun.mdx,26,fr-ca,https://manage.auth0.com/#/logs,rewritten,https://manage.auth0.com/dashboard/#/logging/logs,path changed,
main/docs/fr-ca/customize/email/smtp-email-providers/mandrill.mdx,17,fr-ca,https://manage.auth0.com/#/branding/email_provider,rewritten,https://manage.auth0.com/dashboard/#/emails/provider,path changed,
main/docs/fr-ca/customize/email/smtp-email-providers/mandrill.mdx,25,fr-ca,https://manage.auth0.com/#/logs,rewritten,https://manage.auth0.com/dashboard/#/logging/logs,path changed,
main/docs/fr-ca/customize/email/smtp-email-providers/microsoft-365-exchange-online.mdx,35,fr-ca,https://manage.auth0.com/#/branding/email_provider,rewritten,https://manage.auth0.com/dashboard/#/emails/provider,path changed,
main/docs/fr-ca/customize/email/smtp-email-providers/microsoft-365-exchange-online.mdx,42,fr-ca,https://manage.auth0.com/#/logs,rewritten,https://manage.auth0.com/dashboard/#/logging/logs,path changed,
main/docs/fr-ca/customize/email/smtp-email-providers/resend.mdx,26,fr-ca,https://manage.auth0.com/#/branding/email_provider,rewritten,https://manage.auth0.com/dashboard/#/emails/provider,path changed,
main/docs/fr-ca/customize/email/smtp-email-providers/resend.mdx,35,fr-ca,https://manage.auth0.com/#/logs,rewritten,https://manage.auth0.com/dashboard/#/logging/logs,path changed,
main/docs/fr-ca/customize/email/smtp-email-providers/sendgrid.mdx,21,fr-ca,https://manage.auth0.com/#/branding/email_provider,rewritten,https://manage.auth0.com/dashboard/#/emails/provider,path changed,
main/docs/fr-ca/customize/email/smtp-email-providers/sendgrid.mdx,30,fr-ca,https://manage.auth0.com/#/logs,rewritten,https://manage.auth0.com/dashboard/#/logging/logs,path changed,
main/docs/fr-ca/customize/email/smtp-email-providers/smtp-server.mdx,30,fr-ca,https://manage.auth0.com/#/branding/email-provider,rewritten,https://manage.auth0.com/dashboard/#/emails/provider,path changed,
main/docs/fr-ca/customize/email/smtp-email-providers/smtp-server.mdx,38,fr-ca,https://manage.auth0.com/#/logs,rewritten,https://manage.auth0.com/dashboard/#/logging/logs,path changed,
main/docs/fr-ca/customize/email/smtp-email-providers/sparkpost.mdx,18,fr-ca,https://manage.auth0.com/#/branding/email_provider,rewritten,https://manage.auth0.com/dashboard/#/emails/provider,path changed,
main/docs/fr-ca/customize/email/smtp-email-providers/sparkpost.mdx,26,fr-ca,https://manage.auth0.com/#/logs,rewritten,https://manage.auth0.com/dashboard/#/logging/logs,path changed,
main/docs/fr-ca/customize/email/smtp-email-providers/troubleshooting.mdx,12,fr-ca,https://manage.auth0.com/#/logs,rewritten,https://manage.auth0.com/dashboard/#/logging/logs,path changed,
main/docs/fr-ca/customize/events/create-an-event-stream.mdx,23,fr-ca,https://manage.auth0.com/#/applications,rewritten,https://manage.auth0.com/dashboard/#/applications,http → https + new path,
main/docs/fr-ca/customize/events/send-outbound-scim.mdx,77,fr-ca,https://manage.auth0.com/#/event-streams,rewritten,https://manage.auth0.com/dashboard/#/events/event-streams,path changed,
main/docs/fr-ca/customize/experiment-center/quickstart.mdx,156,fr-ca,https://manage.auth0.com/dashboard/#/logs,rewritten,https://manage.auth0.com/dashboard/#/logging/logs,path changed,
main/docs/fr-ca/customize/extensions/account-link-extension.mdx,26,fr-ca,https://manage.auth0.com/#/extensions,rewritten,https://manage.auth0.com/dashboard/#/extensions/list,path changed,
main/docs/fr-ca/customize/extensions/account-link-extension.mdx,60,fr-ca,https://manage.auth0.com/#/login_settings,rewritten,https://manage.auth0.com/dashboard/#/login_settings,add /dashboard/ prefix,
main/docs/fr-ca/customize/extensions/account-link-extension.mdx,84,fr-ca,https://manage.auth0.com/#/extensions/installed,rewritten,https://manage.auth0.com/dashboard/#/extensions/installed,add /dashboard/ prefix,
main/docs/fr-ca/customize/extensions/account-link-extension.mdx,95,fr-ca,https://manage.auth0.com/#/rules,rewritten,https://manage.auth0.com/dashboard/#/rules,add /dashboard/ prefix,
main/docs/fr-ca/customize/extensions/ad-ldap-connector-health-monitor.mdx,12,fr-ca,https://manage.auth0.com/#/extensions,rewritten,https://manage.auth0.com/dashboard/#/extensions/list,path changed,
main/docs/fr-ca/customize/extensions/ad-ldap-connector-health-monitor.mdx,15,fr-ca,https://manage.auth0.com/#/applications/\{yourClientId}/settings,rewritten,https://manage.auth0.com/dashboard/#/applications/{yourClientId}/settings,path changed,
main/docs/fr-ca/customize/extensions/ad-ldap-connector-health-monitor.mdx,16,fr-ca,https://manage.auth0.com/#/tenant/advanced,rewritten,https://manage.auth0.com/dashboard/#/tenant/advanced,add /dashboard/ prefix,
main/docs/fr-ca/customize/extensions/ad-ldap-connector-health-monitor.mdx,17,fr-ca,https://manage.auth0.com/#/tenant/advanced,rewritten,https://manage.auth0.com/dashboard/#/tenant/advanced,add /dashboard/ prefix,
main/docs/fr-ca/customize/extensions/ad-ldap-connector-health-monitor.mdx,23,fr-ca,https://manage.auth0.com/#/extensions,rewritten,https://manage.auth0.com/dashboard/#/extensions/list,path changed,
main/docs/fr-ca/customize/extensions/ad-ldap-connector-health-monitor.mdx,33,fr-ca,https://manage.auth0.com/#/connections/enterprise,rewritten,https://manage.auth0.com/dashboard/#/connections/enterprise,add /dashboard/ prefix,
main/docs/fr-ca/customize/extensions/authentication-api-debugger-extension.mdx,12,fr-ca,https://manage.auth0.com/#/extensions,rewritten,https://manage.auth0.com/dashboard/#/extensions/list,path changed,
main/docs/fr-ca/customize/extensions/authentication-api-debugger-extension.mdx,21,fr-ca,https://manage.auth0.com/#/extensions,rewritten,https://manage.auth0.com/dashboard/#/extensions/list,path changed,
main/docs/fr-ca/customize/extensions/authentication-api-debugger-extension.mdx,21,fr-ca,https://manage.auth0.com/#/extensions,rewritten,https://manage.auth0.com/dashboard/#/extensions/list,path changed,
main/docs/fr-ca/customize/extensions/authentication-api-debugger-extension.mdx,34,fr-ca,https://manage.auth0.com/#/applications,rewritten,https://manage.auth0.com/dashboard/#/applications,http → https + new path,
main/docs/fr-ca/customize/extensions/authorization-extension.mdx,47,fr-ca,https://manage.auth0.com/#/extensions,rewritten,https://manage.auth0.com/dashboard/#/extensions/list,path changed,
main/docs/fr-ca/customize/extensions/authorization-extension.mdx,62,fr-ca,https://manage.auth0.com/#/rules,rewritten,https://manage.auth0.com/dashboard/#/rules,add /dashboard/ prefix,
main/docs/fr-ca/customize/extensions/authorization-extension/configure-authorization-extension.mdx,25,fr-ca,https://manage.auth0.com/#/extensions,rewritten,https://manage.auth0.com/dashboard/#/extensions/list,path changed,
main/docs/fr-ca/customize/extensions/authorization-extension/configure-authorization-extension.mdx,55,fr-ca,https://manage.auth0.com/#/users,rewritten,https://manage.auth0.com/dashboard/#/users,add /dashboard/ prefix,
main/docs/fr-ca/customize/extensions/authorization-extension/configure-authorization-extension.mdx,65,fr-ca,https://manage.auth0.com/#/rules,rewritten,https://manage.auth0.com/dashboard/#/rules,add /dashboard/ prefix,
main/docs/fr-ca/customize/extensions/authorization-extension/enable-api-access-to-authorization-extension.mdx,21,fr-ca,https://manage.auth0.com/#/extensions,rewritten,https://manage.auth0.com/dashboard/#/extensions/list,path changed,
main/docs/fr-ca/customize/extensions/authorization-extension/enable-api-access-to-authorization-extension.mdx,34,fr-ca,https://manage.auth0.com/#/apis,rewritten,https://manage.auth0.com/dashboard/#/apis,http → https + new path,
main/docs/fr-ca/customize/extensions/authorization-extension/enable-api-access-to-authorization-extension.mdx,38,fr-ca,https://manage.auth0.com/#/applications,rewritten,https://manage.auth0.com/dashboard/#/applications,http → https + new path,
main/docs/fr-ca/customize/extensions/authorization-extension/install-authorization-extension.mdx,29,fr-ca,https://manage.auth0.com/#/extensions,rewritten,https://manage.auth0.com/dashboard/#/extensions/list,path changed,
main/docs/fr-ca/customize/extensions/authorization-extension/migrate-to-authorization-extension-v2.mdx,31,fr-ca,https://manage.auth0.com/#/extensions,rewritten,https://manage.auth0.com/dashboard/#/extensions/list,path changed,
main/docs/fr-ca/customize/extensions/authorization-extension/use-rules-with-the-authorization-extension.mdx,63,fr-ca,https://manage.auth0.com/#/applications,rewritten,https://manage.auth0.com/dashboard/#/applications,http → https + new path,
main/docs/fr-ca/customize/extensions/authorization-extension/use-rules-with-the-authorization-extension.mdx,74,fr-ca,https://manage.auth0.com/#/rules,rewritten,https://manage.auth0.com/dashboard/#/rules,add /dashboard/ prefix,
main/docs/fr-ca/customize/extensions/delegated-administration-extension/create-delegated-admin-applications.mdx,8,fr-ca,https://manage.auth0.com/#/applications,rewritten,https://manage.auth0.com/dashboard/#/applications,http → https + new path,
main/docs/fr-ca/customize/extensions/delegated-administration-extension/delegated-administration-manage-users.mdx,24,fr-ca,https://manage.auth0.com/#/logs,rewritten,https://manage.auth0.com/dashboard/#/logging/logs,path changed,
main/docs/fr-ca/customize/extensions/delegated-administration-extension/install-delegated-admin-extension.mdx,14,fr-ca,https://manage.auth0.com/#/extensions,rewritten,https://manage.auth0.com/dashboard/#/extensions/list,path changed,
main/docs/fr-ca/customize/extensions/delegated-administration-extension/install-delegated-admin-extension.mdx,30,fr-ca,https://manage.auth0.com/#/applications,rewritten,https://manage.auth0.com/dashboard/#/applications,http → https + new path,
main/docs/fr-ca/customize/extensions/delegated-administration-extension/install-delegated-admin-extension.mdx,34,fr-ca,https://manage.auth0.com/#/applications,rewritten,https://manage.auth0.com/dashboard/#/applications,http → https + new path,
main/docs/fr-ca/customize/extensions/delegated-administration-extension/install-delegated-admin-extension.mdx,54,fr-ca,https://manage.auth0.com/#/extensions,rewritten,https://manage.auth0.com/dashboard/#/extensions/list,path changed,
main/docs/fr-ca/customize/extensions/single-sign-on-dashboard-extension/add-applications-to-the-sso-dashboard.mdx,15,fr-ca,https://manage.auth0.com/#/extensions,rewritten,https://manage.auth0.com/dashboard/#/extensions/list,path changed,
main/docs/fr-ca/customize/extensions/single-sign-on-dashboard-extension/add-applications-to-the-sso-dashboard.mdx,29,fr-ca,https://manage.auth0.com/#/applications,rewritten,https://manage.auth0.com/dashboard/#/applications,http → https + new path,
main/docs/fr-ca/customize/extensions/single-sign-on-dashboard-extension/add-applications-to-the-sso-dashboard.mdx,30,fr-ca,https://manage.auth0.com/#/connections/database,rewritten,https://manage.auth0.com/dashboard/#/authentication/database,http → https + new path,
main/docs/fr-ca/customize/extensions/single-sign-on-dashboard-extension/create-sso-dashboard-application.mdx,12,fr-ca,https://manage.auth0.com/#/applications,rewritten,https://manage.auth0.com/dashboard/#/applications,http → https + new path,
main/docs/fr-ca/customize/extensions/single-sign-on-dashboard-extension/install-sso-dashboard-extension.mdx,17,fr-ca,https://manage.auth0.com/#/extensions,rewritten,https://manage.auth0.com/dashboard/#/extensions/list,path changed,
main/docs/fr-ca/customize/extensions/single-sign-on-dashboard-extension/install-sso-dashboard-extension.mdx,35,fr-ca,https://manage.auth0.com/#/applications,rewritten,https://manage.auth0.com/dashboard/#/applications,http → https + new path,
main/docs/fr-ca/customize/extensions/single-sign-on-dashboard-extension/install-sso-dashboard-extension.mdx,39,fr-ca,https://manage.auth0.com/#/extensions,rewritten,https://manage.auth0.com/dashboard/#/extensions/list,path changed,
main/docs/fr-ca/customize/extensions/single-sign-on-dashboard-extension/update-applications-on-the-sso-dashboard.mdx,18,fr-ca,https://manage.auth0.com/#/extensions,rewritten,https://manage.auth0.com/dashboard/#/extensions/list,path changed,
main/docs/fr-ca/customize/extensions/user-import-export-extension.mdx,21,fr-ca,https://manage.auth0.com/#/extensions,rewritten,https://manage.auth0.com/dashboard/#/extensions/list,path changed,
main/docs/fr-ca/customize/extensions/user-import-export-extension.mdx,62,fr-ca,https://manage.auth0.com/#/users,rewritten,https://manage.auth0.com/dashboard/#/users,add /dashboard/ prefix,
main/docs/fr-ca/customize/hooks/create-hooks.mdx,40,fr-ca,https://manage.auth0.com/#/hooks,rewritten,https://manage.auth0.com/dashboard/#/hooks,add /dashboard/ prefix,
main/docs/fr-ca/customize/hooks/delete-hooks.mdx,30,fr-ca,https://manage.auth0.com/#/,unchanged-root,,,
main/docs/fr-ca/customize/hooks/enable-disable-hooks.mdx,38,fr-ca,https://manage.auth0.com/#/,unchanged-root,,,
main/docs/fr-ca/customize/hooks/hook-secrets/create-hook-secrets.mdx,36,fr-ca,https://manage.auth0.com/#/hooks,rewritten,https://manage.auth0.com/dashboard/#/hooks,add /dashboard/ prefix,
main/docs/fr-ca/customize/hooks/hook-secrets/create-hook-secrets.mdx,36,fr-ca,https://manage.auth0.com/#/,unchanged-root,,,
main/docs/fr-ca/customize/hooks/hook-secrets/delete-hook-secrets.mdx,32,fr-ca,https://manage.auth0.com/#/hooks,rewritten,https://manage.auth0.com/dashboard/#/hooks,add /dashboard/ prefix,
main/docs/fr-ca/customize/hooks/hook-secrets/delete-hook-secrets.mdx,32,fr-ca,https://manage.auth0.com/#/,unchanged-root,,,
main/docs/fr-ca/customize/hooks/hook-secrets/update-hook-secrets.mdx,32,fr-ca,https://manage.auth0.com/#/,unchanged-root,,,
main/docs/fr-ca/customize/hooks/hook-secrets/view-hook-secrets.mdx,30,fr-ca,https://manage.auth0.com/#/,unchanged-root,,,
main/docs/fr-ca/customize/hooks/update-hooks.mdx,36,fr-ca,https://manage.auth0.com/#/,unchanged-root,,,
main/docs/fr-ca/customize/hooks/update-hooks.mdx,44,fr-ca,https://manage.auth0.com/#/,unchanged-root,,,
main/docs/fr-ca/customize/hooks/view-hooks.mdx,30,fr-ca,https://manage.auth0.com/#/,unchanged-root,,,
main/docs/fr-ca/customize/hooks/view-logs-for-hooks.mdx,24,fr-ca,https://manage.auth0.com/#/,unchanged-root,,,
main/docs/fr-ca/customize/integrations/apigee.mdx,33,fr-ca,https://manage.auth0.com/#/applications,rewritten,https://manage.auth0.com/dashboard/#/applications,http → https + new path,
main/docs/fr-ca/customize/integrations/aws/amazon-cognito.mdx,14,fr-ca,https://manage.auth0.com/#/applications,rewritten,https://manage.auth0.com/dashboard/#/applications,http → https + new path,
main/docs/fr-ca/customize/integrations/aws/amazon-cognito.mdx,53,fr-ca,https://manage.auth0.com/#/applications,rewritten,https://manage.auth0.com/dashboard/#/applications,http → https + new path,
main/docs/fr-ca/customize/integrations/aws/amazon-cognito.mdx,72,fr-ca,https://manage.auth0.com/#/applications,rewritten,https://manage.auth0.com/dashboard/#/applications,http → https + new path,
main/docs/fr-ca/customize/integrations/aws/aws-api-gateway-custom-authorizers.mdx,59,fr-ca,https://manage.auth0.com/#/apis,rewritten,https://manage.auth0.com/dashboard/#/apis,http → https + new path,
main/docs/fr-ca/customize/integrations/aws/aws-api-gateway-custom-authorizers.mdx,191,fr-ca,https://manage.auth0.com/#/apis,rewritten,https://manage.auth0.com/dashboard/#/apis,http → https + new path,
main/docs/fr-ca/customize/integrations/aws/configure-amazon-web-services-for-sso.mdx,171,fr-ca,https://manage.auth0.com/#/applications,rewritten,https://manage.auth0.com/dashboard/#/applications,http → https + new path,
main/docs/fr-ca/customize/integrations/aws/session-tags.mdx,121,fr-ca,https://manage.auth0.com/#/applications,rewritten,https://manage.auth0.com/dashboard/#/applications,http → https + new path,
main/docs/fr-ca/customize/integrations/azure-api-management.mdx,20,fr-ca,https://manage.auth0.com/#/apis,rewritten,https://manage.auth0.com/dashboard/#/apis,http → https + new path,
main/docs/fr-ca/customize/integrations/azure-api-management.mdx,34,fr-ca,https://manage.auth0.com/#/applications,rewritten,https://manage.auth0.com/dashboard/#/applications,http → https + new path,
main/docs/fr-ca/customize/integrations/azure-api-management.mdx,41,fr-ca,https://manage.auth0.com/#/connections/database,rewritten,https://manage.auth0.com/dashboard/#/authentication/database,http → https + new path,
main/docs/fr-ca/customize/integrations/azure-api-management.mdx,56,fr-ca,https://manage.auth0.com/#/users,rewritten,https://manage.auth0.com/dashboard/#/users,add /dashboard/ prefix,
main/docs/fr-ca/customize/integrations/azure-api-management.mdx,127,fr-ca,https://manage.auth0.com/#/applications,rewritten,https://manage.auth0.com/dashboard/#/applications,http → https + new path,
main/docs/fr-ca/customize/integrations/cms/wordpress-plugin/configure-login-by-auth0.mdx,20,fr-ca,https://manage.auth0.com/#/applications,rewritten,https://manage.auth0.com/dashboard/#/applications,http → https + new path,
main/docs/fr-ca/customize/integrations/cms/wordpress-plugin/configure-login-by-auth0.mdx,21,fr-ca,https://manage.auth0.com/#/applications,rewritten,https://manage.auth0.com/dashboard/#/applications,http → https + new path,
main/docs/fr-ca/customize/integrations/cms/wordpress-plugin/configure-login-by-auth0.mdx,49,fr-ca,https://manage.auth0.com/#/apis,rewritten,https://manage.auth0.com/dashboard/#/apis,http → https + new path,
main/docs/fr-ca/customize/integrations/cms/wordpress-plugin/configure-login-by-auth0.mdx,58,fr-ca,https://manage.auth0.com/#/connections/database,rewritten,https://manage.auth0.com/dashboard/#/authentication/database,http → https + new path,
main/docs/fr-ca/customize/integrations/cms/wordpress-plugin/configure-login-by-auth0.mdx,71,fr-ca,https://manage.auth0.com/#/applications,rewritten,https://manage.auth0.com/dashboard/#/applications,http → https + new path,
main/docs/fr-ca/customize/integrations/cms/wordpress-plugin/configure-login-by-auth0.mdx,154,fr-ca,https://manage.auth0.com/#,unchanged-root,,,
main/docs/fr-ca/customize/integrations/cms/wordpress-plugin/install-login-by-auth0.mdx,124,fr-ca,https://manage.auth0.com/#,unchanged-root,,,
main/docs/fr-ca/customize/integrations/cms/wordpress-plugin/troubleshoot-login-by-auth0.mdx,52,fr-ca,https://manage.auth0.com/#/applications,rewritten,https://manage.auth0.com/dashboard/#/applications,http → https + new path,
main/docs/fr-ca/customize/integrations/cms/wordpress-plugin/troubleshoot-login-by-auth0.mdx,62,fr-ca,https://manage.auth0.com/#/applications,rewritten,https://manage.auth0.com/dashboard/#/applications,http → https + new path,
main/docs/fr-ca/customize/integrations/cms/wordpress-plugin/troubleshoot-login-by-auth0.mdx,65,fr-ca,https://manage.auth0.com/#/connections/database,rewritten,https://manage.auth0.com/dashboard/#/authentication/database,http → https + new path,
main/docs/fr-ca/customize/integrations/cms/wordpress-plugin/troubleshoot-login-by-auth0.mdx,75,fr-ca,https://manage.auth0.com/#/connections/passwordless,rewritten,https://manage.auth0.com/dashboard/#/authentication/passwordless,path changed,
main/docs/fr-ca/customize/integrations/cms/wordpress-plugin/troubleshoot-login-by-auth0.mdx,93,fr-ca,https://manage.auth0.com/#/logs,rewritten,https://manage.auth0.com/dashboard/#/logging/logs,path changed,
main/docs/fr-ca/customize/integrations/cms/wordpress-plugin/troubleshoot-wordpress-plugin-invalid-state-errors.mdx,29,fr-ca,https://manage.auth0.com/#/applications/\{yourClientId}/settings,rewritten,https://manage.auth0.com/dashboard/#/applications/{yourClientId}/settings,path changed,
main/docs/fr-ca/customize/integrations/cms/wordpress-plugin/user-migration-in-login-by-auth0.mdx,65,fr-ca,https://manage.auth0.com/#/connections/database,rewritten,https://manage.auth0.com/dashboard/#/authentication/database,http → https + new path,
main/docs/fr-ca/customize/integrations/google-cloud-endpoints.mdx,139,fr-ca,https://manage.auth0.com/#/apis,rewritten,https://manage.auth0.com/dashboard/#/apis,http → https + new path,
main/docs/fr-ca/customize/integrations/google-cloud-endpoints.mdx,394,fr-ca,https://manage.auth0.com/#/apis,rewritten,https://manage.auth0.com/dashboard/#/apis,http → https + new path,
main/docs/fr-ca/customize/integrations/integrate-with-vercel.mdx,71,fr-ca,https://manage.auth0.com/,unchanged-root,,,
main/docs/fr-ca/customize/integrations/marketing-tool-integrations/adobe-campaign.mdx,10,fr-ca,https://manage.auth0.com/#/extensions,rewritten,https://manage.auth0.com/dashboard/#/extensions/list,path changed,
main/docs/fr-ca/customize/integrations/marketing-tool-integrations/alterian.mdx,10,fr-ca,https://manage.auth0.com/#/extensions,rewritten,https://manage.auth0.com/dashboard/#/extensions/list,path changed,
main/docs/fr-ca/customize/integrations/marketing-tool-integrations/constant-contact.mdx,10,fr-ca,https://manage.auth0.com/#/extensions,rewritten,https://manage.auth0.com/dashboard/#/extensions/list,path changed,
main/docs/fr-ca/customize/integrations/marketing-tool-integrations/eloqua.mdx,10,fr-ca,https://manage.auth0.com/#/extensions,rewritten,https://manage.auth0.com/dashboard/#/extensions/list,path changed,
main/docs/fr-ca/customize/integrations/marketing-tool-integrations/export-user-data-salesforce.mdx,10,fr-ca,https://manage.auth0.com/#/extensions,rewritten,https://manage.auth0.com/dashboard/#/extensions/list,path changed,
main/docs/fr-ca/customize/integrations/marketing-tool-integrations/mailchimp.mdx,10,fr-ca,https://manage.auth0.com/#/extensions,rewritten,https://manage.auth0.com/dashboard/#/extensions/list,path changed,
main/docs/fr-ca/customize/integrations/marketing-tool-integrations/marketo.mdx,12,fr-ca,https://manage.auth0.com/#/extensions,rewritten,https://manage.auth0.com/dashboard/#/extensions/list,path changed,
main/docs/fr-ca/customize/integrations/marketing-tool-integrations/sailthru.mdx,10,fr-ca,https://manage.auth0.com/#/extensions,rewritten,https://manage.auth0.com/dashboard/#/extensions/list,path changed,
main/docs/fr-ca/customize/integrations/marketing-tool-integrations/salesforce-marketing-cloud.mdx,12,fr-ca,https://manage.auth0.com/#/extensions,rewritten,https://manage.auth0.com/dashboard/#/extensions/list,path changed,
main/docs/fr-ca/customize/integrations/marketing-tool-integrations/watson-campaign-automation.mdx,10,fr-ca,https://manage.auth0.com/#/extensions,rewritten,https://manage.auth0.com/dashboard/#/extensions/list,path changed,
main/docs/fr-ca/customize/integrations/sharepoint-2010-2013.mdx,16,fr-ca,https://manage.auth0.com/#/externalapps/create,rewritten,https://manage.auth0.com/dashboard/#/applications/sso,path changed,
main/docs/fr-ca/customize/integrations/sharepoint-2010-2013.mdx,178,fr-ca,https://manage.auth0.com/#/rules,rewritten,https://manage.auth0.com/dashboard/#/rules,add /dashboard/ prefix,
main/docs/fr-ca/customize/internationalization-and-localization/universal-login-internationalization.mdx,101,fr-ca,https://manage.auth0.com/#/tenant,rewritten,https://manage.auth0.com/dashboard/#/tenant/general,path changed,
main/docs/fr-ca/customize/log-streams/check-log-stream-health.mdx,8,fr-ca,https://manage.auth0.com/#/log-streams,rewritten,https://manage.auth0.com/dashboard/#/logging/log-streams,path changed,
main/docs/fr-ca/customize/log-streams/custom-log-streams.mdx,22,fr-ca,https://manage.auth0.com/#/log-streams,rewritten,https://manage.auth0.com/dashboard/#/logging/log-streams,path changed,
main/docs/fr-ca/customize/log-streams/event-filters.mdx,8,fr-ca,https://manage.auth0.com/#/log-streams,rewritten,https://manage.auth0.com/dashboard/#/logging/log-streams,path changed,
main/docs/fr-ca/customize/login-pages/advanced-customizations/configure/overview.mdx,19,fr-ca,https://manage.auth0.com/dashboard/#/universal-login/customizations-new,rewritten,https://manage.auth0.com/dashboard/#/pages,path changed,
main/docs/fr-ca/customize/login-pages/advanced-customizations/deployment-workflow.mdx,39,fr-ca,https://manage.auth0.com/#/applications,rewritten,https://manage.auth0.com/dashboard/#/applications,http → https + new path,
main/docs/fr-ca/customize/login-pages/classic-login/customization-classic.mdx,18,fr-ca,https://manage.auth0.com/#/login_settings,rewritten,https://manage.auth0.com/dashboard/#/login_settings,add /dashboard/ prefix,
main/docs/fr-ca/customize/login-pages/classic-login/customization-classic.mdx,44,fr-ca,https://manage.auth0.com/#/login_settings,rewritten,https://manage.auth0.com/dashboard/#/login_settings,add /dashboard/ prefix,
main/docs/fr-ca/customize/login-pages/classic-login/customization-classic.mdx,63,fr-ca,https://manage.auth0.com/#/login_page,rewritten,https://manage.auth0.com/dashboard/#/login_page,add /dashboard/ prefix,
main/docs/fr-ca/customize/login-pages/classic-login/customize-password-reset-page.mdx,34,fr-ca,https://manage.auth0.com/#/password_reset,rewritten,https://manage.auth0.com/dashboard/#/password_reset,add /dashboard/ prefix,
main/docs/fr-ca/customize/login-pages/classic-login/customize-password-reset-page.mdx,86,fr-ca,https://manage.auth0.com/#/tenant,rewritten,https://manage.auth0.com/dashboard/#/tenant/general,path changed,
main/docs/fr-ca/customize/login-pages/classic-login/customize-password-reset-page.mdx,113,fr-ca,https://manage.auth0.com/#/connections/database/con_YOUR-CONNECTION-ID/security,pattern-rewritten,https://manage.auth0.com/dashboard/#/connections/database/con_YOUR-CONNECTION-ID/security,database connection security tab,
main/docs/fr-ca/customize/login-pages/classic-login/customize-password-reset-page.mdx,119,fr-ca,https://manage.auth0.com/#/tenant,rewritten,https://manage.auth0.com/dashboard/#/tenant/general,path changed,
main/docs/fr-ca/customize/login-pages/classic-login/customize-with-lock-sdk.mdx,16,fr-ca,https://manage.auth0.com/#/login_page,rewritten,https://manage.auth0.com/dashboard/#/login_page,add /dashboard/ prefix,
main/docs/fr-ca/customize/login-pages/custom-error-pages.mdx,43,fr-ca,https://manage.auth0.com/#/tenant/,rewritten,https://manage.auth0.com/dashboard/#/tenant/general,path changed,
main/docs/fr-ca/customize/login-pages/universal-login/customize-signup-and-login-prompts.mdx,71,fr-ca,https://manage.auth0.com/#/universal-login/customize-partials,rewritten,https://manage.auth0.com/dashboard/#/pages/customize-partials,path changed,
main/docs/fr-ca/customize/login-pages/universal-login/customize-signup-and-login-prompts/language-selection.mdx,26,fr-ca,https://manage.auth0.com/#/tenant/general,rewritten,https://manage.auth0.com/dashboard/#/tenant/general,add /dashboard/ prefix,
main/docs/fr-ca/customize/login-pages/universal-login/customize-signup-and-login-prompts/use-actions-to-validate-and-store-end-user-data-gathered-by-signup-prompt.mdx,30,fr-ca,https://manage.auth0.com/dashboard/us/dev-6endizjt/actions/library,rewritten,https://manage.auth0.com/dashboard/#/actions/custom,path changed,
main/docs/fr-ca/customize/login-pages/universal-login/customize-signup-and-login-prompts/use-actions-to-validate-and-store-end-user-data-gathered-by-signup-prompt.mdx,59,fr-ca,https://manage.auth0.com/dashboard/us/dev-6endizjt/actions/flows/pre-user-signup/,rewritten,https://manage.auth0.com/dashboard/#/actions/triggers/pre-user-registration,path changed,
main/docs/fr-ca/customize/login-pages/universal-login/customize-signup-and-login-prompts/use-actions-to-validate-and-store-end-user-data-gathered-by-signup-prompt.mdx,75,fr-ca,https://manage.auth0.com/dashboard/us/dev-6endizjt/users,rewritten,https://manage.auth0.com/dashboard/#/users,path changed,
main/docs/fr-ca/customize/login-pages/universal-login/customize-signup-and-login-prompts/use-dynamic-variables-to-internationalize-custom-form-elements.mdx,68,fr-ca,https://manage.auth0.com/dashboard/us/dev-6endizjt/universal-login/customizations/colors,rewritten,https://manage.auth0.com/dashboard/#/branding/customizations/colors,path changed,
main/docs/fr-ca/customize/login-pages/universal-login/customize-templates.mdx,179,fr-ca,https://manage.auth0.com/#/universal-login/customizations-new,rewritten,https://manage.auth0.com/dashboard/#/pages,path changed,
main/docs/fr-ca/customize/login-pages/universal-login/customize-text-elements.mdx,24,fr-ca,https://manage.auth0.com/#/custom_text,rewritten,https://manage.auth0.com/dashboard/#/pages/customize-text,path changed,
main/docs/fr-ca/customize/login-pages/universal-login/customize-themes.mdx,18,fr-ca,https://manage.auth0.com/#/universal-login/customizations/colors,rewritten,https://manage.auth0.com/dashboard/#/branding/customizations/colors,path changed,
main/docs/fr-ca/customize/phone-messages/configure-phone-messaging-providers/configure-a-custom-phone-provider.mdx,26,fr-ca,https://manage.auth0.com/dashboard/#/phone/templates/phone/provider,rewritten,https://manage.auth0.com/dashboard/#/phone/provider,path changed,
main/docs/fr-ca/customize/phone-messages/configure-phone-messaging-providers/configure-a-custom-phone-provider.mdx,49,fr-ca,https://manage.auth0.com/dashboard/#/phone/templates/phone/provider,rewritten,https://manage.auth0.com/dashboard/#/phone/provider,path changed,
main/docs/fr-ca/customize/phone-messages/configure-phone-messaging-providers/configure-a-custom-phone-provider/configure-a-custom-phone-provider-with-terraform.mdx,85,fr-ca,https://manage.auth0.com/#/phone/templates/phone/provider,rewritten,https://manage.auth0.com/dashboard/#/phone/provider,path changed,
main/docs/fr-ca/customize/phone-messages/configure-phone-messaging-providers/configure-a-custom-phone-provider/configure-a-custom-phone-provider-with-twilio-verify.mdx,15,fr-ca,https://manage.auth0.com/dashboard/#/phone/templates/phone/provider,rewritten,https://manage.auth0.com/dashboard/#/phone/provider,path changed,
main/docs/fr-ca/customize/phone-messages/configure-phone-messaging-providers/configure-twilio-as-a-phone-messaging-provider.mdx,15,fr-ca,https://manage.auth0.com/#/branding/phone/provider,rewritten,https://manage.auth0.com/dashboard/#/phone/provider,path changed,
main/docs/fr-ca/customize/phone-messages/configure-phone-messaging-providers/configure-twilio-as-a-phone-messaging-provider.mdx,25,fr-ca,https://manage.auth0.com/#/logs,rewritten,https://manage.auth0.com/dashboard/#/logging/logs,path changed,
main/docs/fr-ca/customize/phone-messages/phone-templates.mdx,17,fr-ca,https://manage.auth0.com/#/phone,rewritten,https://manage.auth0.com/dashboard/#/phone/templates,path changed,
main/docs/fr-ca/customize/phone-messages/phone-templates/customize.mdx,15,fr-ca,https://manage.auth0.com/#/phone,rewritten,https://manage.auth0.com/dashboard/#/phone/templates,path changed,
main/docs/fr-ca/customize/phone-messages/phone-templates/supported-liquid-syntax.mdx,55,fr-ca,https://manage.auth0.com/#/tenant,rewritten,https://manage.auth0.com/dashboard/#/tenant/general,path changed,
main/docs/fr-ca/customize/phone-messages/unified-phone/configure-unified-phone.mdx,24,fr-ca,https://manage.auth0.com/#/phone/templates/phone/provider,rewritten,https://manage.auth0.com/dashboard/#/phone/provider,path changed,
main/docs/fr-ca/customize/phone-messages/unified-phone/configure-unified-phone.mdx,38,fr-ca,https://manage.auth0.com/#/security/mfa,rewritten,https://manage.auth0.com/dashboard/#/authentication/mfa,path changed,
main/docs/fr-ca/customize/phone-messages/unified-phone/configure-unified-phone.mdx,47,fr-ca,https://manage.auth0.com/#/phone/templates/phone/provider,rewritten,https://manage.auth0.com/dashboard/#/phone/provider,path changed,
main/docs/fr-ca/customize/phone-messages/unified-phone/configure-unified-phone.mdx,61,fr-ca,https://manage.auth0.com/#/connections/passwordless,rewritten,https://manage.auth0.com/dashboard/#/authentication/passwordless,path changed,
main/docs/fr-ca/customize/phone-messages/unified-phone/configure-unified-phone.mdx,65,fr-ca,https://manage.auth0.com/#/applications,rewritten,https://manage.auth0.com/dashboard/#/applications,http → https + new path,
main/docs/fr-ca/customize/phone-messages/unified-phone/configure-unified-phone.mdx,68,fr-ca,https://manage.auth0.com/#/connections/passwordless,rewritten,https://manage.auth0.com/dashboard/#/authentication/passwordless,path changed,
main/docs/fr-ca/customize/phone-messages/unified-phone/configure-unified-phone.mdx,80,fr-ca,https://manage.auth0.com/#/phone/templates/phone/provider,rewritten,https://manage.auth0.com/dashboard/#/phone/provider,path changed,
main/docs/fr-ca/customize/phone-messages/unified-phone/unified-phone-experience-passwordless.mdx,40,fr-ca,https://manage.auth0.com/#/connections/passwordless,rewritten,https://manage.auth0.com/dashboard/#/authentication/passwordless,path changed,
main/docs/fr-ca/customize/phone-messages/unified-phone/unified-phone-experience-passwordless.mdx,54,fr-ca,https://manage.auth0.com/#/phone/templates/phone/provider,rewritten,https://manage.auth0.com/dashboard/#/phone/provider,path changed,
main/docs/fr-ca/customize/phone-messages/unified-phone/unified-phone-experience-passwordless.mdx,69,fr-ca,https://manage.auth0.com/#/connections/passwordless,rewritten,https://manage.auth0.com/dashboard/#/authentication/passwordless,path changed,
main/docs/fr-ca/customize/phone-messages/unified-phone/unified-phone-experience-passwordless.mdx,85,fr-ca,https://manage.auth0.com/#/phone/templates/phone/provider,rewritten,https://manage.auth0.com/dashboard/#/phone/provider,path changed,
main/docs/fr-ca/customize/phone-messages/unified-phone/unified-phone-experience-passwordless.mdx,92,fr-ca,https://manage.auth0.com/#/connections/passwordless,rewritten,https://manage.auth0.com/dashboard/#/authentication/passwordless,path changed,
main/docs/fr-ca/customize/phone-messages/unified-phone/use-auth0s-unified-phone-experience-for-multi-factor-authentication.mdx,42,fr-ca,https://manage.auth0.com/#/security/mfa,rewritten,https://manage.auth0.com/dashboard/#/authentication/mfa,path changed,
main/docs/fr-ca/customize/phone-messages/unified-phone/use-auth0s-unified-phone-experience-for-multi-factor-authentication.mdx,56,fr-ca,https://manage.auth0.com/#/tenant/advanced,rewritten,https://manage.auth0.com/dashboard/#/tenant/advanced,add /dashboard/ prefix,
main/docs/fr-ca/customize/phone-messages/unified-phone/use-auth0s-unified-phone-experience-for-multi-factor-authentication.mdx,66,fr-ca,https://manage.auth0.com/#/phone/templates/phone/provider,rewritten,https://manage.auth0.com/dashboard/#/phone/provider,path changed,
main/docs/fr-ca/customize/phone-messages/unified-phone/use-auth0s-unified-phone-experience-for-multi-factor-authentication.mdx,82,fr-ca,https://manage.auth0.com/#/security/mfa,rewritten,https://manage.auth0.com/dashboard/#/authentication/mfa,path changed,
main/docs/fr-ca/customize/phone-messages/unified-phone/use-auth0s-unified-phone-experience-for-multi-factor-authentication.mdx,216,fr-ca,https://manage.auth0.com/#/phone/templates/phone/provider,rewritten,https://manage.auth0.com/dashboard/#/phone/provider,path changed,
main/docs/fr-ca/customize/phone-messages/unified-phone/use-auth0s-unified-phone-experience-for-multi-factor-authentication.mdx,223,fr-ca,https://manage.auth0.com/#/security/mfa,rewritten,https://manage.auth0.com/dashboard/#/authentication/mfa,path changed,
main/docs/fr-ca/customize/portals/quickstart.mdx,88,fr-ca,https://manage.auth0.com/#/applications,rewritten,https://manage.auth0.com/dashboard/#/applications,http → https + new path,
main/docs/fr-ca/customize/rules/configuration.mdx,20,fr-ca,https://manage.auth0.com/#/rules/,rewritten,https://manage.auth0.com/dashboard/#/rules,add /dashboard/ prefix,
main/docs/fr-ca/customize/rules/configure-global-variables-for-rules.mdx,18,fr-ca,https://manage.auth0.com/#/rules,rewritten,https://manage.auth0.com/dashboard/#/rules,add /dashboard/ prefix,
main/docs/fr-ca/customize/rules/create-rules.mdx,47,fr-ca,https://manage.auth0.com/#/rules,rewritten,https://manage.auth0.com/dashboard/#/rules,add /dashboard/ prefix,
main/docs/fr-ca/customize/rules/debug-rules.mdx,26,fr-ca,https://manage.auth0.com/#/rules/create,rewritten,https://manage.auth0.com/dashboard/#/rules,path changed,
main/docs/fr-ca/customize/rules/redirect-users.mdx,221,fr-ca,https://manage.auth0.com/#/tenant/advanced,rewritten,https://manage.auth0.com/dashboard/#/tenant/advanced,add /dashboard/ prefix,
main/docs/fr-ca/deploy-monitor/auth0-cli.mdx,7,fr-ca,https://manage.auth0.com/,unchanged-root,,,
main/docs/fr-ca/deploy-monitor/deploy-cli-tool.mdx,9,fr-ca,https://manage.auth0.com/,unchanged-root,,,
main/docs/fr-ca/deploy-monitor/logs/log-event-filters.mdx,6,fr-ca,https://manage.auth0.com/#/logs,rewritten,https://manage.auth0.com/dashboard/#/logging/logs,path changed,
main/docs/fr-ca/deploy-monitor/logs/view-log-events.mdx,12,fr-ca,https://manage.auth0.com/#/logs,rewritten,https://manage.auth0.com/dashboard/#/logging/logs,path changed,
main/docs/fr-ca/deploy-monitor/metric-streams.mdx,138,fr-ca,https://manage.auth0.com,unchanged-root,,,
main/docs/fr-ca/deploy-monitor/metric-streams.mdx,210,fr-ca,https://manage.auth0.com,unchanged-root,,,
main/docs/fr-ca/deploy-monitor/metric-streams.mdx,286,fr-ca,https://manage.auth0.com,unchanged-root,,,
main/docs/fr-ca/deploy-monitor/metric-streams.mdx,359,fr-ca,https://manage.auth0.com,unchanged-root,,,
main/docs/fr-ca/deploy-monitor/metric-streams.mdx,426,fr-ca,https://manage.auth0.com,unchanged-root,,,
main/docs/fr-ca/deploy-monitor/monitor/check-auth0-status.mdx,20,fr-ca,https://manage.auth0.com/dashboard/#/applications,unchanged-new,,already in new form,
main/docs/fr-ca/deploy-monitor/pre-deployment-checks/pre-launch-tips.mdx,23,fr-ca,https://manage.auth0.com/#/security/attack-protection,rewritten,https://manage.auth0.com/dashboard/#/security/attack-protection,add /dashboard/ prefix,
main/docs/fr-ca/deploy-monitor/pre-deployment-checks/pre-launch-tips.mdx,24,fr-ca,https://manage.auth0.com/#/tenant/admins,rewritten,https://manage.auth0.com/dashboard/#/tenant/admins,add /dashboard/ prefix,
main/docs/fr-ca/deploy-monitor/pre-deployment-checks/pre-launch-tips.mdx,26,fr-ca,https://manage.auth0.com/#/rules,rewritten,https://manage.auth0.com/dashboard/#/rules,add /dashboard/ prefix,
main/docs/fr-ca/deploy-monitor/pre-deployment-checks/pre-launch-tips.mdx,28,fr-ca,https://manage.auth0.com/#/tenant,rewritten,https://manage.auth0.com/dashboard/#/tenant/general,path changed,
main/docs/fr-ca/deploy-monitor/pre-deployment-checks/predeployment-tests.mdx,16,fr-ca,https://manage.auth0.com/#/logs,rewritten,https://manage.auth0.com/dashboard/#/logging/logs,path changed,
main/docs/fr-ca/deploy-monitor/pre-deployment-checks/production-check-recommended-fixes.mdx,13,fr-ca,https://manage.auth0.com/#/tenant/custom_domains,rewritten,https://manage.auth0.com/dashboard/#/tenant/custom_domains,add /dashboard/ prefix,
main/docs/fr-ca/deploy-monitor/pre-deployment-checks/production-check-recommended-fixes.mdx,14,fr-ca,https://manage.auth0.com/#/account,rewritten,https://manage.auth0.com/dashboard/#/tenant/general,path changed,
main/docs/fr-ca/deploy-monitor/pre-deployment-checks/production-check-recommended-fixes.mdx,16,fr-ca,https://manage.auth0.com/#/emails,rewritten,https://manage.auth0.com/dashboard/#/emails/templates,path changed,
main/docs/fr-ca/deploy-monitor/pre-deployment-checks/production-check-recommended-fixes.mdx,18,fr-ca,https://manage.auth0.com/#/account/admins,rewritten,https://manage.auth0.com/dashboard/#/tenant/admins,path changed,
main/docs/fr-ca/deploy-monitor/pre-deployment-checks/production-check-recommended-fixes.mdx,19,fr-ca,https://manage.auth0.com/#/account/advanced,rewritten,https://manage.auth0.com/dashboard/#/tenant/advanced,path changed,
main/docs/fr-ca/deploy-monitor/pre-deployment-checks/production-check-required-fixes.mdx,13,fr-ca,https://manage.auth0.com/#/tenant/advanced,rewritten,https://manage.auth0.com/dashboard/#/tenant/advanced,add /dashboard/ prefix,
main/docs/fr-ca/deploy-monitor/pre-deployment-checks/production-check-required-fixes.mdx,18,fr-ca,https://manage.auth0.com/#/applications,rewritten,https://manage.auth0.com/dashboard/#/applications,http → https + new path,
main/docs/fr-ca/deploy-monitor/pre-deployment-checks/production-check-required-fixes.mdx,19,fr-ca,https://manage.auth0.com/#/applications,rewritten,https://manage.auth0.com/dashboard/#/applications,http → https + new path,
main/docs/fr-ca/deploy-monitor/pre-deployment-checks/production-check-required-fixes.mdx,20,fr-ca,https://manage.auth0.com/#/applications,rewritten,https://manage.auth0.com/dashboard/#/applications,http → https + new path,
main/docs/fr-ca/deploy-monitor/pre-deployment-checks/production-check-required-fixes.mdx,21,fr-ca,https://manage.auth0.com/#/emails/provider,rewritten,https://manage.auth0.com/dashboard/#/emails/provider,add /dashboard/ prefix,
main/docs/fr-ca/deploy-monitor/pre-deployment-checks/production-check-required-fixes.mdx,23,fr-ca,https://manage.auth0.com/#/mfa,rewritten,https://manage.auth0.com/dashboard/#/authentication/mfa,path changed,
main/docs/fr-ca/deploy-monitor/pre-deployment-checks/production-check-required-fixes.mdx,24,fr-ca,https://manage.auth0.com/#/account/advanced,rewritten,https://manage.auth0.com/dashboard/#/tenant/advanced,path changed,
main/docs/fr-ca/deploy-monitor/pre-deployment-checks/production-check-required-fixes.mdx,26,fr-ca,https://manage.auth0.com/#/connections/social,rewritten,https://manage.auth0.com/dashboard/#/connections,path changed,
main/docs/fr-ca/deploy-monitor/pre-deployment-checks/production-check-required-fixes.mdx,27,fr-ca,https://manage.auth0.com/#/account,rewritten,https://manage.auth0.com/dashboard/#/tenant/general,path changed,
main/docs/fr-ca/deploy-monitor/pre-deployment-checks/production-check-required-fixes.mdx,28,fr-ca,https://manage.auth0.com/#/account,rewritten,https://manage.auth0.com/dashboard/#/tenant/general,path changed,
main/docs/fr-ca/deploy-monitor/pre-deployment-checks/production-check-required-fixes.mdx,31,fr-ca,https://manage.auth0.com/#/tenant/advanced,rewritten,https://manage.auth0.com/dashboard/#/tenant/advanced,add /dashboard/ prefix,
main/docs/fr-ca/deploy-monitor/pre-deployment-checks/production-checks-best-practices.mdx,10,fr-ca,https://manage.auth0.com/#/connections/database,rewritten,https://manage.auth0.com/dashboard/#/authentication/database,http → https + new path,
main/docs/fr-ca/deploy-monitor/pre-deployment-checks/production-checks-best-practices.mdx,11,fr-ca,https://manage.auth0.com/#/account/advanced,rewritten,https://manage.auth0.com/dashboard/#/tenant/advanced,path changed,
main/docs/fr-ca/get-started/apis/add-api-permissions.mdx,18,fr-ca,https://manage.auth0.com/#/apis,rewritten,https://manage.auth0.com/dashboard/#/apis,http → https + new path,
main/docs/fr-ca/get-started/apis/api-access-policies-for-applications.mdx,40,fr-ca,https://manage.auth0.com/#/apis,rewritten,https://manage.auth0.com/dashboard/#/apis,http → https + new path,
main/docs/fr-ca/get-started/apis/api-settings.mdx,6,fr-ca,https://manage.auth0.com/#/apis,rewritten,https://manage.auth0.com/dashboard/#/apis,http → https + new path,
main/docs/fr-ca/get-started/apis/configure-access-token-profile.mdx,21,fr-ca,https://manage.auth0.com/,unchanged-root,,,
main/docs/fr-ca/get-started/apis/configure-access-token-profile.mdx,27,fr-ca,https://manage.auth0.com/#/apis,rewritten,https://manage.auth0.com/dashboard/#/apis,http → https + new path,
main/docs/fr-ca/get-started/apis/configure-json-web-encryption.mdx,24,fr-ca,https://manage.auth0.com/,unchanged-root,,,
main/docs/fr-ca/get-started/apis/configure-rich-authorization-requests.mdx,104,fr-ca,https://manage.auth0.com/,unchanged-root,,,
main/docs/fr-ca/get-started/apis/configure-rich-authorization-requests.mdx,110,fr-ca,https://manage.auth0.com/#/apis,rewritten,https://manage.auth0.com/dashboard/#/apis,http → https + new path,
main/docs/fr-ca/get-started/apis/configure-rich-authorization-requests.mdx,297,fr-ca,https://manage.auth0.com/,unchanged-root,,,
main/docs/fr-ca/get-started/apis/configure-rich-authorization-requests.mdx,303,fr-ca,https://manage.auth0.com/#/apis,rewritten,https://manage.auth0.com/dashboard/#/apis,http → https + new path,
main/docs/fr-ca/get-started/apis/create-m2m-app-test.mdx,10,fr-ca,https://manage.auth0.com/#/apis,rewritten,https://manage.auth0.com/dashboard/#/apis,http → https + new path,
main/docs/fr-ca/get-started/apis/delete-api-permissions.mdx,14,fr-ca,https://manage.auth0.com/#/apis,rewritten,https://manage.auth0.com/dashboard/#/apis,http → https + new path,
main/docs/fr-ca/get-started/apis/enable-role-based-access-control-for-apis.mdx,20,fr-ca,https://manage.auth0.com/#/apis,rewritten,https://manage.auth0.com/dashboard/#/apis,http → https + new path,
main/docs/fr-ca/get-started/apis/scopes/sample-use-cases-scopes-and-claims.mdx,185,fr-ca,https://manage.auth0.com/#/actions/library,rewritten,https://manage.auth0.com/dashboard/#/actions/custom,path changed,
main/docs/fr-ca/get-started/apis/scopes/sample-use-cases-scopes-and-claims.mdx,208,fr-ca,https://manage.auth0.com/#/actions/flows/login/,rewritten,https://manage.auth0.com/dashboard/#/actions/triggers/post-login,path changed,
main/docs/fr-ca/get-started/applications.mdx,32,fr-ca,https://manage.auth0.com/#/applications/\{yourClientId}/settings,rewritten,https://manage.auth0.com/dashboard/#/applications/{yourClientId}/settings,path changed,
main/docs/fr-ca/get-started/applications/application-access-to-apis-client-grants.mdx,78,fr-ca,https://manage.auth0.com/#/apis,rewritten,https://manage.auth0.com/dashboard/#/apis,http → https + new path,
main/docs/fr-ca/get-started/applications/application-access-to-apis-client-grants.mdx,160,fr-ca,https://manage.auth0.com/#/apis,rewritten,https://manage.auth0.com/dashboard/#/apis,http → https + new path,
main/docs/fr-ca/get-started/applications/application-settings.mdx,6,fr-ca,https://manage.auth0.com/#/applications,rewritten,https://manage.auth0.com/dashboard/#/applications,http → https + new path,
main/docs/fr-ca/get-started/applications/change-application-signing-algorithms.mdx,8,fr-ca,https://manage.auth0.com/#/applications,rewritten,https://manage.auth0.com/dashboard/#/applications,http → https + new path,
main/docs/fr-ca/get-started/applications/confidential-and-public-applications.mdx,71,fr-ca,https://manage.auth0.com/#/applications,rewritten,https://manage.auth0.com/dashboard/#/applications,http → https + new path,
main/docs/fr-ca/get-started/applications/configure-application-metadata.mdx,51,fr-ca,https://manage.auth0.com/#/applications,rewritten,https://manage.auth0.com/dashboard/#/applications,http → https + new path,
main/docs/fr-ca/get-started/applications/configure-application-metadata.mdx,60,fr-ca,https://manage.auth0.com/#/applications,rewritten,https://manage.auth0.com/dashboard/#/applications,http → https + new path,
main/docs/fr-ca/get-started/applications/configure-application-metadata.mdx,67,fr-ca,https://manage.auth0.com/#/applications,rewritten,https://manage.auth0.com/dashboard/#/applications,http → https + new path,
main/docs/fr-ca/get-started/applications/configure-applications-with-oidc-discovery.mdx,168,fr-ca,https://manage.auth0.com/#/applications/\{YOUR_AUTH0_CLIENT_ID}/settings,rewritten,https://manage.auth0.com/dashboard/#/applications/{yourClientId}/settings,path changed,
main/docs/fr-ca/get-started/applications/configure-client-initiated-backchannel-authentication.mdx,27,fr-ca,https://manage.auth0.com/,unchanged-root,,,
main/docs/fr-ca/get-started/applications/configure-jar.mdx,49,fr-ca,https://manage.auth0.com/#/applications,rewritten,https://manage.auth0.com/dashboard/#/applications,http → https + new path,
main/docs/fr-ca/get-started/applications/configure-mtls.mdx,10,fr-ca,https://manage.auth0.com/,unchanged-root,,,
main/docs/fr-ca/get-started/applications/configure-mtls/configure-mtls-for-a-client.mdx,13,fr-ca,https://manage.auth0.com/#/applications,rewritten,https://manage.auth0.com/dashboard/#/applications,http → https + new path,
main/docs/fr-ca/get-started/applications/configure-mtls/configure-mtls-for-a-tenant.mdx,134,fr-ca,https://manage.auth0.com/#/tenant/general,rewritten,https://manage.auth0.com/dashboard/#/tenant/general,add /dashboard/ prefix,
main/docs/fr-ca/get-started/applications/configure-par.mdx,18,fr-ca,https://manage.auth0.com/,unchanged-root,,,
main/docs/fr-ca/get-started/applications/configure-private-key-jwt.mdx,26,fr-ca,https://manage.auth0.com/#/applications,rewritten,https://manage.auth0.com/dashboard/#/applications,http → https + new path,
main/docs/fr-ca/get-started/applications/configure-private-key-jwt.mdx,47,fr-ca,http://manage.auth0.com/#/applications,rewritten,https://manage.auth0.com/dashboard/#/applications,http → https + new path,
main/docs/fr-ca/get-started/applications/configure-private-key-jwt.mdx,61,fr-ca,https://manage.auth0.com/dashboard/#/applications/,unchanged-new,,already in new form,
main/docs/fr-ca/get-started/applications/configure-private-key-jwt.mdx,70,fr-ca,https://manage.auth0.com/dashboard/#/applications/,unchanged-new,,already in new form,
main/docs/fr-ca/get-started/applications/configure-sender-constraining/configure-client-for-sender-constraining.mdx,59,fr-ca,https://manage.auth0.com/#/applications,rewritten,https://manage.auth0.com/dashboard/#/applications,http → https + new path,
main/docs/fr-ca/get-started/applications/configure-sender-constraining/configure-client-for-sender-constraining.mdx,93,fr-ca,https://manage.auth0.com/#/apis,rewritten,https://manage.auth0.com/dashboard/#/apis,http → https + new path,
main/docs/fr-ca/get-started/applications/configure-sender-constraining/configure-resource-server-for-sender-constraining.mdx,59,fr-ca,https://manage.auth0.com/#/applications,rewritten,https://manage.auth0.com/dashboard/#/applications,http → https + new path,
main/docs/fr-ca/get-started/applications/configure-sender-constraining/configure-resource-server-for-sender-constraining.mdx,93,fr-ca,https://manage.auth0.com/#/apis,rewritten,https://manage.auth0.com/dashboard/#/apis,http → https + new path,
main/docs/fr-ca/get-started/applications/credentials.mdx,6,fr-ca,http://manage.auth0.com/#/applications,rewritten,https://manage.auth0.com/dashboard/#/applications,http → https + new path,
main/docs/fr-ca/get-started/applications/dynamic-client-registration.mdx,30,fr-ca,https://manage.auth0.com/#/tenant/advanced,rewritten,https://manage.auth0.com/dashboard/#/tenant/advanced,add /dashboard/ prefix,
main/docs/fr-ca/get-started/applications/enable-android-app-links-support.mdx,8,fr-ca,https://manage.auth0.com/#/applications,rewritten,https://manage.auth0.com/dashboard/#/applications,http → https + new path,
main/docs/fr-ca/get-started/applications/enable-sso-for-applications.mdx,16,fr-ca,https://manage.auth0.com/#/externalapps,rewritten,https://manage.auth0.com/dashboard/#/applications/sso,path changed,
main/docs/fr-ca/get-started/applications/enable-universal-links-support-in-apple-xcode.mdx,15,fr-ca,https://manage.auth0.com/#/clients,rewritten,https://manage.auth0.com/dashboard/#/applications,path changed,
main/docs/fr-ca/get-started/applications/first-party-and-third-party-applications.mdx,21,fr-ca,https://manage.auth0.com/#/applications,rewritten,https://manage.auth0.com/dashboard/#/applications,http → https + new path,
main/docs/fr-ca/get-started/applications/remove-applications.mdx,14,fr-ca,https://manage.auth0.com/#/applications,rewritten,https://manage.auth0.com/dashboard/#/applications,http → https + new path,
main/docs/fr-ca/get-started/applications/rotate-client-secret.mdx,25,fr-ca,https://manage.auth0.com/#/applications,rewritten,https://manage.auth0.com/dashboard/#/applications,http → https + new path,
main/docs/fr-ca/get-started/applications/rotate-credentials.mdx,16,fr-ca,https://manage.auth0.com/#/applications,rewritten,https://manage.auth0.com/dashboard/#/applications,http → https + new path,
main/docs/fr-ca/get-started/applications/set-up-cors.mdx,20,fr-ca,https://manage.auth0.com/#/applications,rewritten,https://manage.auth0.com/dashboard/#/applications,http → https + new path,
main/docs/fr-ca/get-started/applications/set-up-cors.mdx,60,fr-ca,https://manage.auth0.com/#/applications,rewritten,https://manage.auth0.com/dashboard/#/applications,http → https + new path,
main/docs/fr-ca/get-started/applications/set-up-database-connections.mdx,10,fr-ca,http://manage.auth0.com/#/connections/database,rewritten,https://manage.auth0.com/dashboard/#/authentication/database,http → https + new path,
main/docs/fr-ca/get-started/applications/test-database-connections.mdx,10,fr-ca,https://manage.auth0.com/#/connections/database,rewritten,https://manage.auth0.com/dashboard/#/authentication/database,http → https + new path,
main/docs/fr-ca/get-started/applications/third-party-applications/troubleshooting.mdx,13,fr-ca,https://manage.auth0.com/#/logs,rewritten,https://manage.auth0.com/dashboard/#/logging/logs,path changed,
main/docs/fr-ca/get-started/applications/update-application-connections.mdx,8,fr-ca,https://manage.auth0.com/#/applications,rewritten,https://manage.auth0.com/dashboard/#/applications,http → https + new path,
main/docs/fr-ca/get-started/applications/update-grant-types.mdx,14,fr-ca,https://manage.auth0.com/#/applications,rewritten,https://manage.auth0.com/dashboard/#/applications,http → https + new path,
main/docs/fr-ca/get-started/applications/wildcards-for-subdomains.mdx,27,fr-ca,https://manage.auth0.com/#/applications,rewritten,https://manage.auth0.com/dashboard/#/applications,http → https + new path,
main/docs/fr-ca/get-started/applications/wildcards-for-subdomains.mdx,51,fr-ca,https://manage.auth0.com/#/applications,rewritten,https://manage.auth0.com/dashboard/#/applications,http → https + new path,
main/docs/fr-ca/get-started/applications/work-with-auth0-locally.mdx,29,fr-ca,https://manage.auth0.com/#/applications/\{yourClientId}/settings,rewritten,https://manage.auth0.com/dashboard/#/applications/{yourClientId}/settings,path changed,
main/docs/fr-ca/get-started/architecture-scenarios/b2e.mdx,32,fr-ca,https://manage.auth0.com/#/connections/enterprise,rewritten,https://manage.auth0.com/dashboard/#/connections/enterprise,add /dashboard/ prefix,
main/docs/fr-ca/get-started/architecture-scenarios/business-to-business/authorization.mdx,80,fr-ca,https://manage.auth0.com/,unchanged-root,,,
main/docs/fr-ca/get-started/architecture-scenarios/business-to-business/branding.mdx,99,fr-ca,https://manage.auth0.com/#/login_settings,rewritten,https://manage.auth0.com/dashboard/#/login_settings,add /dashboard/ prefix,
main/docs/fr-ca/get-started/architecture-scenarios/business-to-business/launch/tenant-check.mdx,110,fr-ca,https://manage.auth0.com/#/login_settings,rewritten,https://manage.auth0.com/dashboard/#/login_settings,add /dashboard/ prefix,
main/docs/fr-ca/get-started/architecture-scenarios/business-to-consumer/authorization.mdx,69,fr-ca,https://manage.auth0.com/,unchanged-root,,,
main/docs/fr-ca/get-started/architecture-scenarios/business-to-consumer/branding.mdx,79,fr-ca,https://manage.auth0.com/#/login_settings,rewritten,https://manage.auth0.com/dashboard/#/login_settings,add /dashboard/ prefix,
main/docs/fr-ca/get-started/architecture-scenarios/business-to-consumer/launch/tenant-check.mdx,103,fr-ca,https://manage.auth0.com/#/login_settings,rewritten,https://manage.auth0.com/dashboard/#/login_settings,add /dashboard/ prefix,
main/docs/fr-ca/get-started/architecture-scenarios/mobile-api/api-implementation-nodejs.mdx,208,fr-ca,https://manage.auth0.com/#/actions/library,rewritten,https://manage.auth0.com/dashboard/#/actions/custom,path changed,
main/docs/fr-ca/get-started/architecture-scenarios/mobile-api/api-implementation-nodejs.mdx,227,fr-ca,https://manage.auth0.com/#/actions/triggers/post-login/,rewritten,https://manage.auth0.com/dashboard/#/actions/triggers/post-login,path changed,
main/docs/fr-ca/get-started/architecture-scenarios/mobile-api/part-2.mdx,6,fr-ca,https://manage.auth0.com/#,unchanged-root,,,
main/docs/fr-ca/get-started/architecture-scenarios/mobile-api/part-2.mdx,10,fr-ca,https://manage.auth0.com/#/apis,rewritten,https://manage.auth0.com/dashboard/#/apis,http → https + new path,
main/docs/fr-ca/get-started/architecture-scenarios/mobile-api/part-2.mdx,57,fr-ca,https://manage.auth0.com/#,unchanged-root,,,
main/docs/fr-ca/get-started/architecture-scenarios/mobile-api/part-2.mdx,57,fr-ca,https://manage.auth0.com/#/applications,rewritten,https://manage.auth0.com/dashboard/#/applications,http → https + new path,
main/docs/fr-ca/get-started/architecture-scenarios/mobile-api/part-3.mdx,95,fr-ca,https://manage.auth0.com/#/applications,rewritten,https://manage.auth0.com/dashboard/#/applications,http → https + new path,
main/docs/fr-ca/get-started/architecture-scenarios/mobile-api/part-3.mdx,96,fr-ca,https://manage.auth0.com/#/apis,rewritten,https://manage.auth0.com/dashboard/#/apis,http → https + new path,
main/docs/fr-ca/get-started/architecture-scenarios/mobile-api/part-3.mdx,101,fr-ca,https://manage.auth0.com/#/applications,rewritten,https://manage.auth0.com/dashboard/#/applications,http → https + new path,
main/docs/fr-ca/get-started/architecture-scenarios/mobile-api/part-3.mdx,266,fr-ca,https://manage.auth0.com/#/applications,rewritten,https://manage.auth0.com/dashboard/#/applications,http → https + new path,
main/docs/fr-ca/get-started/architecture-scenarios/mobile-api/part-3.mdx,467,fr-ca,https://manage.auth0.com/#/applications,rewritten,https://manage.auth0.com/dashboard/#/applications,http → https + new path,
main/docs/fr-ca/get-started/architecture-scenarios/server-application-api/part-2.mdx,6,fr-ca,https://manage.auth0.com/#,unchanged-root,,,
main/docs/fr-ca/get-started/architecture-scenarios/server-application-api/part-2.mdx,51,fr-ca,https://manage.auth0.com/#/applications,rewritten,https://manage.auth0.com/dashboard/#/applications,http → https + new path,
main/docs/fr-ca/get-started/architecture-scenarios/server-application-api/part-3.mdx,86,fr-ca,https://manage.auth0.com/#/applications,rewritten,https://manage.auth0.com/dashboard/#/applications,http → https + new path,
main/docs/fr-ca/get-started/architecture-scenarios/spa-api/api-implementation-nodejs.mdx,208,fr-ca,https://manage.auth0.com/#/rules%7D,needs-human,,map: malformed,
main/docs/fr-ca/get-started/architecture-scenarios/spa-api/part-2.mdx,6,fr-ca,https://manage.auth0.com/#,unchanged-root,,,
main/docs/fr-ca/get-started/architecture-scenarios/spa-api/part-2.mdx,10,fr-ca,https://manage.auth0.com/#/apis,rewritten,https://manage.auth0.com/dashboard/#/apis,http → https + new path,
main/docs/fr-ca/get-started/architecture-scenarios/spa-api/part-2.mdx,41,fr-ca,https://manage.auth0.com/#,unchanged-root,,,
main/docs/fr-ca/get-started/architecture-scenarios/spa-api/part-2.mdx,41,fr-ca,https://manage.auth0.com/#/applications,rewritten,https://manage.auth0.com/dashboard/#/applications,http → https + new path,
main/docs/fr-ca/get-started/architecture-scenarios/spa-api/part-3.mdx,89,fr-ca,https://manage.auth0.com/#/applications%7D,needs-human,,map: malformed,
main/docs/fr-ca/get-started/architecture-scenarios/spa-api/part-3.mdx,90,fr-ca,https://manage.auth0.com/#/applications%7D,needs-human,,map: malformed,
main/docs/fr-ca/get-started/architecture-scenarios/spa-api/part-3.mdx,92,fr-ca,https://manage.auth0.com/#/apis%7D,needs-human,,map: malformed,
main/docs/fr-ca/get-started/architecture-scenarios/sso-for-regular-web-apps/part-2.mdx,6,fr-ca,https://manage.auth0.com/#,unchanged-root,,,
main/docs/fr-ca/get-started/architecture-scenarios/sso-for-regular-web-apps/part-2.mdx,28,fr-ca,https://manage.auth0.com/#,unchanged-root,,,
main/docs/fr-ca/get-started/architecture-scenarios/sso-for-regular-web-apps/part-2.mdx,28,fr-ca,https://manage.auth0.com/#/applications,rewritten,https://manage.auth0.com/dashboard/#/applications,http → https + new path,
main/docs/fr-ca/get-started/architecture-scenarios/sso-for-regular-web-apps/part-2.mdx,32,fr-ca,https://manage.auth0.com/#/applications/\{yourClientId}/quickstart,rewritten,https://manage.auth0.com/dashboard/#/applications/{yourClientId}/quickstart,path changed,
main/docs/fr-ca/get-started/architecture-scenarios/sso-for-regular-web-apps/part-2.mdx,36,fr-ca,https://manage.auth0.com/#/applications/\{yourClientId}/settings,rewritten,https://manage.auth0.com/dashboard/#/applications/{yourClientId}/settings,path changed,
main/docs/fr-ca/get-started/architecture-scenarios/sso-for-regular-web-apps/part-2.mdx,37,fr-ca,https://manage.auth0.com/#/applications/\{yourClientId}/addons,rewritten,https://manage.auth0.com/dashboard/#/applications/{yourClientId}/addons,path changed,
main/docs/fr-ca/get-started/architecture-scenarios/sso-for-regular-web-apps/part-2.mdx,38,fr-ca,https://manage.auth0.com/#/applications/\{yourClientId}/connections,rewritten,https://manage.auth0.com/dashboard/#/applications/{yourClientId}/connections,path changed,
main/docs/fr-ca/get-started/architecture-scenarios/sso-for-regular-web-apps/part-2.mdx,67,fr-ca,https://manage.auth0.com/#,unchanged-root,,,
main/docs/fr-ca/get-started/architecture-scenarios/sso-for-regular-web-apps/part-2.mdx,77,fr-ca,https://manage.auth0.com/#,unchanged-root,,,
main/docs/fr-ca/get-started/architecture-scenarios/sso-for-regular-web-apps/part-3.mdx,127,fr-ca,https://manage.auth0.com/#/extensions,rewritten,https://manage.auth0.com/dashboard/#/extensions/list,path changed,
main/docs/fr-ca/get-started/auth0-overview/create-applications.mdx,36,fr-ca,https://manage.auth0.com/#/applications,rewritten,https://manage.auth0.com/dashboard/#/applications,http → https + new path,
main/docs/fr-ca/get-started/auth0-overview/create-applications/configure-an-identity-provider-in-access-gateway.mdx,8,fr-ca,https://manage.auth0.com/#/applications,rewritten,https://manage.auth0.com/dashboard/#/applications,http → https + new path,
main/docs/fr-ca/get-started/auth0-overview/create-applications/machine-to-machine-apps.mdx,15,fr-ca,https://manage.auth0.com/#/applications,rewritten,https://manage.auth0.com/dashboard/#/applications,http → https + new path,
main/docs/fr-ca/get-started/auth0-overview/create-applications/native-apps.mdx,9,fr-ca,https://manage.auth0.com/#/applications,rewritten,https://manage.auth0.com/dashboard/#/applications,http → https + new path,
main/docs/fr-ca/get-started/auth0-overview/create-applications/regular-web-apps.mdx,9,fr-ca,https://manage.auth0.com/#/applications,rewritten,https://manage.auth0.com/dashboard/#/applications,http → https + new path,
main/docs/fr-ca/get-started/auth0-overview/create-applications/single-page-web-apps.mdx,9,fr-ca,https://manage.auth0.com/#/applications,rewritten,https://manage.auth0.com/dashboard/#/applications,http → https + new path,
main/docs/fr-ca/get-started/auth0-overview/create-tenants.mdx,58,fr-ca,https://manage.auth0.com/#/applications,rewritten,https://manage.auth0.com/dashboard/#/applications,http → https + new path,
main/docs/fr-ca/get-started/auth0-overview/create-tenants/create-multiple-tenants.mdx,8,fr-ca,https://manage.auth0.com/#/,unchanged-root,,,
main/docs/fr-ca/get-started/auth0-overview/create-tenants/set-up-multiple-environments.mdx,20,fr-ca,https://manage.auth0.com/#/tenant/general,rewritten,https://manage.auth0.com/dashboard/#/tenant/general,add /dashboard/ prefix,
main/docs/fr-ca/get-started/auth0-overview/create-tenants/set-up-multiple-environments.mdx,32,fr-ca,https://manage.auth0.com/#/rules,rewritten,https://manage.auth0.com/dashboard/#/rules,add /dashboard/ prefix,
main/docs/fr-ca/get-started/auth0-overview/create-tenants/set-up-multiple-environments.mdx,45,fr-ca,https://manage.auth0.com/#/rules,rewritten,https://manage.auth0.com/dashboard/#/rules,add /dashboard/ prefix,
main/docs/fr-ca/get-started/auth0-overview/create-tenants/set-up-multiple-environments.mdx,50,fr-ca,https://manage.auth0.com/#/rules,rewritten,https://manage.auth0.com/dashboard/#/rules,add /dashboard/ prefix,
main/docs/fr-ca/get-started/auth0-overview/dashboard.mdx,7,fr-ca,https://manage.auth0.com/#,unchanged-root,,,
main/docs/fr-ca/get-started/auth0-overview/dashboard/search-and-filter-auth0-dashboard.mdx,37,fr-ca,https://manage.auth0.com/#/applications,rewritten,https://manage.auth0.com/dashboard/#/applications,http → https + new path,
main/docs/fr-ca/get-started/auth0-overview/dashboard/search-and-filter-auth0-dashboard.mdx,38,fr-ca,https://manage.auth0.com/#/apis,rewritten,https://manage.auth0.com/dashboard/#/apis,http → https + new path,
main/docs/fr-ca/get-started/auth0-overview/dashboard/search-and-filter-auth0-dashboard.mdx,39,fr-ca,https://manage.auth0.com/#/roles,rewritten,https://manage.auth0.com/dashboard/#/applications/{yourClientId}/settings,path changed,
main/docs/fr-ca/get-started/auth0-overview/dashboard/search-and-filter-auth0-dashboard.mdx,40,fr-ca,https://manage.auth0.com/#/custom-domains-v2,rewritten,https://manage.auth0.com/dashboard/#/custom-domains-v2,add /dashboard/ prefix,
main/docs/fr-ca/get-started/auth0-overview/dashboard/search-and-filter-auth0-dashboard.mdx,41,fr-ca,https://manage.auth0.com/#/organizations,rewritten,https://manage.auth0.com/dashboard/#/organizations/list,path changed,
main/docs/fr-ca/get-started/auth0-overview/dashboard/search-and-filter-auth0-dashboard.mdx,42,fr-ca,https://manage.auth0.com/#/organizations,rewritten,https://manage.auth0.com/dashboard/#/organizations/list,path changed,
main/docs/fr-ca/get-started/auth0-overview/dashboard/search-and-filter-auth0-dashboard.mdx,143,fr-ca,https://manage.auth0.com/#/tenant/general,rewritten,https://manage.auth0.com/dashboard/#/tenant/general,add /dashboard/ prefix,
main/docs/fr-ca/get-started/auth0-overview/dashboard/search-and-filter-auth0-dashboard.mdx,158,fr-ca,https://manage.auth0.com/#/applications,rewritten,https://manage.auth0.com/dashboard/#/applications,http → https + new path,
main/docs/fr-ca/get-started/auth0-overview/dashboard/search-and-filter-auth0-dashboard.mdx,166,fr-ca,https://manage.auth0.com/#/applications,rewritten,https://manage.auth0.com/dashboard/#/applications,http → https + new path,
main/docs/fr-ca/get-started/auth0-overview/set-up-apis.mdx,10,fr-ca,https://manage.auth0.com/#/apis,rewritten,https://manage.auth0.com/dashboard/#/apis,http → https + new path,
main/docs/fr-ca/get-started/auth0-teams.mdx,32,fr-ca,https://manage.auth0.com/#/tenant/billing/subscription,rewritten,https://manage.auth0.com/dashboard/#/tenant/billing/subscription,add /dashboard/ prefix,
main/docs/fr-ca/get-started/auth0-teams/tenant-management.mdx,18,fr-ca,https://manage.auth0.com/dashboard,rewritten,https://manage.auth0.com/dashboard/#/,path changed,
main/docs/fr-ca/get-started/authentication-and-authorization-flow/authenticate-with-private-key-jwt.mdx,31,fr-ca,https://manage.auth0.com/dashboard/#/applications/,unchanged-new,,already in new form,
main/docs/fr-ca/get-started/authentication-and-authorization-flow/authenticate-with-private-key-jwt.mdx,32,fr-ca,https://manage.auth0.com/dashboard/#/applications/,unchanged-new,,already in new form,
main/docs/fr-ca/get-started/authentication-and-authorization-flow/authorization-code-flow-with-pkce/add-login-using-the-authorization-code-flow-with-pkce.mdx,194,fr-ca,https://manage.auth0.com/#/Applications/\{yourClientId}/settings,rewritten,https://manage.auth0.com/dashboard/#/applications/{yourClientId}/settings,path changed,
main/docs/fr-ca/get-started/authentication-and-authorization-flow/authorization-code-flow-with-pkce/add-login-using-the-authorization-code-flow-with-pkce.mdx,195,fr-ca,https://manage.auth0.com/#/Applications/\{yourClientId}/settings,rewritten,https://manage.auth0.com/dashboard/#/applications/{yourClientId}/settings,path changed,
main/docs/fr-ca/get-started/authentication-and-authorization-flow/authorization-code-flow-with-pkce/add-login-using-the-authorization-code-flow-with-pkce.mdx,196,fr-ca,https://manage.auth0.com/#/applications,rewritten,https://manage.auth0.com/dashboard/#/applications,http → https + new path,
main/docs/fr-ca/get-started/authentication-and-authorization-flow/authorization-code-flow-with-pkce/add-login-using-the-authorization-code-flow-with-pkce.mdx,388,fr-ca,https://manage.auth0.com/#/Applications/\{yourClientId}/settings,rewritten,https://manage.auth0.com/dashboard/#/applications/{yourClientId}/settings,path changed,
main/docs/fr-ca/get-started/authentication-and-authorization-flow/authorization-code-flow-with-pkce/add-login-using-the-authorization-code-flow-with-pkce.mdx,480,fr-ca,https://manage.auth0.com/#/connections/social,rewritten,https://manage.auth0.com/dashboard/#/connections,path changed,
main/docs/fr-ca/get-started/authentication-and-authorization-flow/authorization-code-flow-with-pkce/call-your-api-using-the-authorization-code-flow-with-pkce.mdx,216,fr-ca,https://manage.auth0.com/#/Applications/\{yourClientId}/settings,rewritten,https://manage.auth0.com/dashboard/#/applications/{yourClientId}/settings,path changed,
main/docs/fr-ca/get-started/authentication-and-authorization-flow/authorization-code-flow-with-pkce/call-your-api-using-the-authorization-code-flow-with-pkce.mdx,217,fr-ca,https://manage.auth0.com/#/Applications/\{yourClientId}/settings,rewritten,https://manage.auth0.com/dashboard/#/applications/{yourClientId}/settings,path changed,
main/docs/fr-ca/get-started/authentication-and-authorization-flow/authorization-code-flow-with-pkce/call-your-api-using-the-authorization-code-flow-with-pkce.mdx,218,fr-ca,https://manage.auth0.com/#/apis,rewritten,https://manage.auth0.com/dashboard/#/apis,http → https + new path,
main/docs/fr-ca/get-started/authentication-and-authorization-flow/authorization-code-flow-with-pkce/call-your-api-using-the-authorization-code-flow-with-pkce.mdx,219,fr-ca,https://manage.auth0.com/#/apis,rewritten,https://manage.auth0.com/dashboard/#/apis,http → https + new path,
main/docs/fr-ca/get-started/authentication-and-authorization-flow/authorization-code-flow-with-pkce/call-your-api-using-the-authorization-code-flow-with-pkce.mdx,409,fr-ca,https://manage.auth0.com/#/Applications/\{yourClientId}/settings,rewritten,https://manage.auth0.com/dashboard/#/applications/{yourClientId}/settings,path changed,
main/docs/fr-ca/get-started/authentication-and-authorization-flow/authorization-code-flow-with-pkce/call-your-api-using-the-authorization-code-flow-with-pkce.mdx,740,fr-ca,https://manage.auth0.com/#/Applications/\{yourClientId}/settings,rewritten,https://manage.auth0.com/dashboard/#/applications/{yourClientId}/settings,path changed,
main/docs/fr-ca/get-started/authentication-and-authorization-flow/authorization-code-flow/add-login-auth-code-flow.mdx,55,fr-ca,https://manage.auth0.com/#/Applications/\{yourClientId}/settings,rewritten,https://manage.auth0.com/dashboard/#/applications/{yourClientId}/settings,path changed,
main/docs/fr-ca/get-started/authentication-and-authorization-flow/authorization-code-flow/add-login-auth-code-flow.mdx,56,fr-ca,https://manage.auth0.com/#/Applications/\{yourClientId}/settings,rewritten,https://manage.auth0.com/dashboard/#/applications/{yourClientId}/settings,path changed,
main/docs/fr-ca/get-started/authentication-and-authorization-flow/authorization-code-flow/add-login-auth-code-flow.mdx,57,fr-ca,https://manage.auth0.com/#/applications,rewritten,https://manage.auth0.com/dashboard/#/applications,http → https + new path,
main/docs/fr-ca/get-started/authentication-and-authorization-flow/authorization-code-flow/add-login-auth-code-flow.mdx,245,fr-ca,https://manage.auth0.com/#/Applications/\{yourClientId}/settings,rewritten,https://manage.auth0.com/dashboard/#/applications/{yourClientId}/settings,path changed,
main/docs/fr-ca/get-started/authentication-and-authorization-flow/authorization-code-flow/add-login-auth-code-flow.mdx,246,fr-ca,https://manage.auth0.com/#/Applications/\{yourClientId}/settings,rewritten,https://manage.auth0.com/dashboard/#/applications/{yourClientId}/settings,path changed,
main/docs/fr-ca/get-started/authentication-and-authorization-flow/authorization-code-flow/add-login-auth-code-flow.mdx,333,fr-ca,https://manage.auth0.com/#/connections/social,rewritten,https://manage.auth0.com/dashboard/#/connections,path changed,
main/docs/fr-ca/get-started/authentication-and-authorization-flow/authorization-code-flow/call-your-api-using-the-authorization-code-flow.mdx,78,fr-ca,https://manage.auth0.com/#/Applications/\{yourClientId}/settings,rewritten,https://manage.auth0.com/dashboard/#/applications/{yourClientId}/settings,path changed,
main/docs/fr-ca/get-started/authentication-and-authorization-flow/authorization-code-flow/call-your-api-using-the-authorization-code-flow.mdx,79,fr-ca,https://manage.auth0.com/#/Applications/\{yourClientId}/settings,rewritten,https://manage.auth0.com/dashboard/#/applications/{yourClientId}/settings,path changed,
main/docs/fr-ca/get-started/authentication-and-authorization-flow/authorization-code-flow/call-your-api-using-the-authorization-code-flow.mdx,80,fr-ca,https://manage.auth0.com/#/applications,rewritten,https://manage.auth0.com/dashboard/#/applications,http → https + new path,
main/docs/fr-ca/get-started/authentication-and-authorization-flow/authorization-code-flow/call-your-api-using-the-authorization-code-flow.mdx,81,fr-ca,https://manage.auth0.com/#/apis,rewritten,https://manage.auth0.com/dashboard/#/apis,http → https + new path,
main/docs/fr-ca/get-started/authentication-and-authorization-flow/authorization-code-flow/call-your-api-using-the-authorization-code-flow.mdx,252,fr-ca,https://manage.auth0.com/#/Applications/\{yourClientId}/settings,rewritten,https://manage.auth0.com/dashboard/#/applications/{yourClientId}/settings,path changed,
main/docs/fr-ca/get-started/authentication-and-authorization-flow/authorization-code-flow/call-your-api-using-the-authorization-code-flow.mdx,253,fr-ca,https://manage.auth0.com/#/Applications/\{yourClientId}/settings,rewritten,https://manage.auth0.com/dashboard/#/applications/{yourClientId}/settings,path changed,
main/docs/fr-ca/get-started/authentication-and-authorization-flow/authorization-code-flow/call-your-api-using-the-authorization-code-flow.mdx,571,fr-ca,https://manage.auth0.com/#/Applications/\{yourClientId}/settings,rewritten,https://manage.auth0.com/dashboard/#/applications/{yourClientId}/settings,path changed,
main/docs/fr-ca/get-started/authentication-and-authorization-flow/client-credentials-flow/call-your-api-using-the-client-credentials-flow.mdx,194,fr-ca,https://manage.auth0.com/#/applications,rewritten,https://manage.auth0.com/dashboard/#/applications,http → https + new path,
main/docs/fr-ca/get-started/authentication-and-authorization-flow/client-credentials-flow/call-your-api-using-the-client-credentials-flow.mdx,195,fr-ca,https://manage.auth0.com/#/applications,rewritten,https://manage.auth0.com/dashboard/#/applications,http → https + new path,
main/docs/fr-ca/get-started/authentication-and-authorization-flow/client-credentials-flow/call-your-api-using-the-client-credentials-flow.mdx,196,fr-ca,https://manage.auth0.com/#/apis,rewritten,https://manage.auth0.com/dashboard/#/apis,http → https + new path,
main/docs/fr-ca/get-started/authentication-and-authorization-flow/client-credentials-flow/customize-tokens-using-hooks-with-client-credentials-flow.mdx,83,fr-ca,https://manage.auth0.com/#/applications,rewritten,https://manage.auth0.com/dashboard/#/applications,http → https + new path,
main/docs/fr-ca/get-started/authentication-and-authorization-flow/client-credentials-flow/customize-tokens-using-hooks-with-client-credentials-flow.mdx,83,fr-ca,https://manage.auth0.com/#/apis,rewritten,https://manage.auth0.com/dashboard/#/apis,http → https + new path,
main/docs/fr-ca/get-started/authentication-and-authorization-flow/device-authorization-flow/call-your-api-using-the-device-authorization-flow.mdx,28,fr-ca,https://manage.auth0.com/#,unchanged-root,,,
main/docs/fr-ca/get-started/authentication-and-authorization-flow/device-authorization-flow/call-your-api-using-the-device-authorization-flow.mdx,211,fr-ca,https://manage.auth0.com/#/Applications/\{yourClientId}/settings,rewritten,https://manage.auth0.com/dashboard/#/applications/{yourClientId}/settings,path changed,
main/docs/fr-ca/get-started/authentication-and-authorization-flow/device-authorization-flow/call-your-api-using-the-device-authorization-flow.mdx,212,fr-ca,https://manage.auth0.com/#/apis,rewritten,https://manage.auth0.com/dashboard/#/apis,http → https + new path,
main/docs/fr-ca/get-started/authentication-and-authorization-flow/device-authorization-flow/call-your-api-using-the-device-authorization-flow.mdx,213,fr-ca,https://manage.auth0.com/#/apis,rewritten,https://manage.auth0.com/dashboard/#/apis,http → https + new path,
main/docs/fr-ca/get-started/authentication-and-authorization-flow/device-authorization-flow/call-your-api-using-the-device-authorization-flow.mdx,425,fr-ca,https://manage.auth0.com/#/Applications/\{yourClientId}/settings,rewritten,https://manage.auth0.com/dashboard/#/applications/{yourClientId}/settings,path changed,
main/docs/fr-ca/get-started/authentication-and-authorization-flow/device-authorization-flow/call-your-api-using-the-device-authorization-flow.mdx,846,fr-ca,https://manage.auth0.com/#/Applications/\{yourClientId}/settings,rewritten,https://manage.auth0.com/dashboard/#/applications/{yourClientId}/settings,path changed,
main/docs/fr-ca/get-started/authentication-and-authorization-flow/device-authorization-flow/call-your-api-using-the-device-authorization-flow.mdx,847,fr-ca,https://manage.auth0.com/#/Applications/\{yourClientSecret}/settings,rewritten,https://manage.auth0.com/dashboard/#/applications/{yourClientId}/settings,path changed,
main/docs/fr-ca/get-started/authentication-and-authorization-flow/hybrid-flow/call-api-hybrid-flow.mdx,82,fr-ca,https://manage.auth0.com/#/Applications/\{yourClientId}/settings,rewritten,https://manage.auth0.com/dashboard/#/applications/{yourClientId}/settings,path changed,
main/docs/fr-ca/get-started/authentication-and-authorization-flow/hybrid-flow/call-api-hybrid-flow.mdx,83,fr-ca,https://manage.auth0.com/#/Applications/\{yourClientId}/settings,rewritten,https://manage.auth0.com/dashboard/#/applications/{yourClientId}/settings,path changed,
main/docs/fr-ca/get-started/authentication-and-authorization-flow/hybrid-flow/call-api-hybrid-flow.mdx,84,fr-ca,https://manage.auth0.com/#/applications,rewritten,https://manage.auth0.com/dashboard/#/applications,http → https + new path,
main/docs/fr-ca/get-started/authentication-and-authorization-flow/hybrid-flow/call-api-hybrid-flow.mdx,85,fr-ca,https://manage.auth0.com/#/apis,rewritten,https://manage.auth0.com/dashboard/#/apis,http → https + new path,
main/docs/fr-ca/get-started/authentication-and-authorization-flow/hybrid-flow/call-api-hybrid-flow.mdx,307,fr-ca,https://manage.auth0.com/#/Applications/\{yourClientId}/settings,rewritten,https://manage.auth0.com/dashboard/#/applications/{yourClientId}/settings,path changed,
main/docs/fr-ca/get-started/authentication-and-authorization-flow/hybrid-flow/call-api-hybrid-flow.mdx,308,fr-ca,https://manage.auth0.com/#/Applications/\{yourClientId}/settings,rewritten,https://manage.auth0.com/dashboard/#/applications/{yourClientId}/settings,path changed,
main/docs/fr-ca/get-started/authentication-and-authorization-flow/hybrid-flow/call-api-hybrid-flow.mdx,638,fr-ca,https://manage.auth0.com/#/Applications/\{yourClientId}/settings,rewritten,https://manage.auth0.com/dashboard/#/applications/{yourClientId}/settings,path changed,
main/docs/fr-ca/get-started/authentication-and-authorization-flow/implicit-flow-with-form-post/add-login-using-the-implicit-flow-with-form-post.mdx,58,fr-ca,https://manage.auth0.com/#/applications/\{yourClientId}/settings,rewritten,https://manage.auth0.com/dashboard/#/applications/{yourClientId}/settings,path changed,
main/docs/fr-ca/get-started/authentication-and-authorization-flow/implicit-flow-with-form-post/add-login-using-the-implicit-flow-with-form-post.mdx,59,fr-ca,https://manage.auth0.com/#/Applications/\{yourClientId}/settings,rewritten,https://manage.auth0.com/dashboard/#/applications/{yourClientId}/settings,path changed,
main/docs/fr-ca/get-started/authentication-and-authorization-flow/implicit-flow-with-form-post/add-login-using-the-implicit-flow-with-form-post.mdx,159,fr-ca,https://manage.auth0.com/#/connections/social,rewritten,https://manage.auth0.com/dashboard/#/connections,path changed,
main/docs/fr-ca/get-started/authentication-and-authorization-flow/resource-owner-password-flow/call-your-api-using-resource-owner-password-flow.mdx,60,fr-ca,https://manage.auth0.com/#/tenant,rewritten,https://manage.auth0.com/dashboard/#/tenant/general,path changed,
main/docs/fr-ca/get-started/authentication-and-authorization-flow/resource-owner-password-flow/call-your-api-using-resource-owner-password-flow.mdx,227,fr-ca,https://manage.auth0.com/#/Applications/\{yourClientId}/settings,rewritten,https://manage.auth0.com/dashboard/#/applications/{yourClientId}/settings,path changed,
main/docs/fr-ca/get-started/authentication-and-authorization-flow/resource-owner-password-flow/call-your-api-using-resource-owner-password-flow.mdx,230,fr-ca,https://manage.auth0.com/#/applications/\{yourClientId}/settings,rewritten,https://manage.auth0.com/dashboard/#/applications/{yourClientId}/settings,path changed,
main/docs/fr-ca/get-started/authentication-and-authorization-flow/resource-owner-password-flow/call-your-api-using-resource-owner-password-flow.mdx,231,fr-ca,https://manage.auth0.com/#/apis,rewritten,https://manage.auth0.com/dashboard/#/apis,http → https + new path,
main/docs/fr-ca/get-started/authentication-and-authorization-flow/resource-owner-password-flow/call-your-api-using-resource-owner-password-flow.mdx,232,fr-ca,https://manage.auth0.com/#/applications,rewritten,https://manage.auth0.com/dashboard/#/applications,http → https + new path,
main/docs/fr-ca/get-started/authentication-and-authorization-flow/resource-owner-password-flow/call-your-api-using-resource-owner-password-flow.mdx,564,fr-ca,https://manage.auth0.com/#/Applications/\{yourClientId}/settings,rewritten,https://manage.auth0.com/dashboard/#/applications/{yourClientId}/settings,path changed,
main/docs/fr-ca/get-started/dashboard-profile/auth0-dashboard-login-session-management.mdx,8,fr-ca,https://manage.auth0.com/#/profile/sessions,rewritten,https://manage.auth0.com/dashboard/#/tenant/admins,path changed,
main/docs/fr-ca/get-started/manage-dashboard-access/add-change-remove-mfa.mdx,24,fr-ca,https://manage.auth0.com/#/profile,rewritten,https://manage.auth0.com/dashboard/#/tenant/admins,path changed,
main/docs/fr-ca/get-started/manage-dashboard-access/add-change-remove-mfa.mdx,24,fr-ca,https://manage.auth0.com/#/tenant/admins,rewritten,https://manage.auth0.com/dashboard/#/tenant/admins,add /dashboard/ prefix,
main/docs/fr-ca/get-started/manage-dashboard-access/add-change-remove-mfa/add-mfa.mdx,6,fr-ca,https://manage.auth0.com/#/profile,rewritten,https://manage.auth0.com/dashboard/#/tenant/admins,path changed,
main/docs/fr-ca/get-started/manage-dashboard-access/add-change-remove-mfa/add-mfa.mdx,28,fr-ca,https://manage.auth0.com/#/profile,rewritten,https://manage.auth0.com/dashboard/#/tenant/admins,path changed,
main/docs/fr-ca/get-started/manage-dashboard-access/add-change-remove-mfa/add-mfa.mdx,48,fr-ca,https://manage.auth0.com/#/profile,rewritten,https://manage.auth0.com/dashboard/#/tenant/admins,path changed,
main/docs/fr-ca/get-started/manage-dashboard-access/add-change-remove-mfa/remove-or-change-dashboard-multi-factor-authentication.mdx,32,fr-ca,https://manage.auth0.com/#/profile,rewritten,https://manage.auth0.com/dashboard/#/tenant/admins,path changed,
main/docs/fr-ca/get-started/manage-dashboard-access/add-change-remove-mfa/remove-or-change-dashboard-multi-factor-authentication.mdx,36,fr-ca,https://manage.auth0.com/#/profile,rewritten,https://manage.auth0.com/dashboard/#/tenant/admins,path changed,
main/docs/fr-ca/get-started/manage-dashboard-access/add-change-remove-mfa/remove-or-change-dashboard-multi-factor-authentication.mdx,48,fr-ca,https://manage.auth0.com/#/profile,rewritten,https://manage.auth0.com/dashboard/#/tenant/admins,path changed,
main/docs/fr-ca/get-started/manage-dashboard-access/add-dashboard-users.mdx,35,fr-ca,https://manage.auth0.com/#/tenant/admins,rewritten,https://manage.auth0.com/dashboard/#/tenant/admins,add /dashboard/ prefix,
main/docs/fr-ca/get-started/manage-dashboard-access/add-dashboard-users.mdx,42,fr-ca,https://manage.auth0.com/#/tenant/admins,rewritten,https://manage.auth0.com/dashboard/#/tenant/admins,add /dashboard/ prefix,
main/docs/fr-ca/get-started/manage-dashboard-access/configure-single-sign-on-for-auth0-dashboard.mdx,113,fr-ca,https://manage.auth0.com/login?connection={assignedConnectionName},unchanged-root,,,
main/docs/fr-ca/get-started/manage-dashboard-access/configure-single-sign-on-for-auth0-dashboard.mdx,155,fr-ca,https://manage.auth0.com/login?connection={assignedConnectionName},unchanged-root,,,
main/docs/fr-ca/get-started/manage-dashboard-access/configure-single-sign-on-for-auth0-dashboard.mdx,167,fr-ca,https://manage.auth0.com/login?connection={assignedConnectionName},unchanged-root,,,
main/docs/fr-ca/get-started/manage-dashboard-access/configure-single-sign-on-for-auth0-dashboard.mdx,222,fr-ca,https://manage.auth0.com/login?connection={assignedConnectionName},unchanged-root,,,
main/docs/fr-ca/get-started/manage-dashboard-access/configure-single-sign-on-for-auth0-dashboard.mdx,255,fr-ca,https://manage.auth0.com/login?connection=auth0,unchanged-root,,,
main/docs/fr-ca/get-started/manage-dashboard-access/configure-single-sign-on-for-auth0-dashboard.mdx,285,fr-ca,https://manage.auth0.com/login?connection={assignedConnectionName},unchanged-root,,,
main/docs/fr-ca/get-started/manage-dashboard-access/edit-dashboard-users.mdx,10,fr-ca,https://manage.auth0.com/#/tenant/admins,rewritten,https://manage.auth0.com/dashboard/#/tenant/admins,add /dashboard/ prefix,
main/docs/fr-ca/get-started/manage-dashboard-access/remove-dashboard-users.mdx,8,fr-ca,https://manage.auth0.com/#/tenant/admins,rewritten,https://manage.auth0.com/dashboard/#/tenant/admins,add /dashboard/ prefix,
main/docs/fr-ca/get-started/manage-dashboard-access/update-dashboard-user-email.mdx,8,fr-ca,https://manage.auth0.com/#/tenants/admins,rewritten,https://manage.auth0.com/dashboard/#/tenant/admins,path changed,
main/docs/fr-ca/get-started/tenant-settings.mdx,7,fr-ca,https://manage.auth0.com/#/tenant,rewritten,https://manage.auth0.com/dashboard/#/tenant/general,path changed,
main/docs/fr-ca/get-started/tenant-settings.mdx,151,fr-ca,https://manage.auth0.com/#/password_reset,rewritten,https://manage.auth0.com/dashboard/#/password_reset,add /dashboard/ prefix,
main/docs/fr-ca/get-started/tenant-settings/configure-device-user-code-settings.mdx,8,fr-ca,https://manage.auth0.com/#/tenant,rewritten,https://manage.auth0.com/dashboard/#/tenant/general,path changed,
main/docs/fr-ca/get-started/tenant-settings/enable-sso-for-legacy-tenants.mdx,12,fr-ca,https://manage.auth0.com/#/tenant,rewritten,https://manage.auth0.com/dashboard/#/tenant/general,path changed,
main/docs/fr-ca/get-started/tenant-settings/find-your-tenant-name-or-tenant-id.mdx,8,fr-ca,https://manage.auth0.com/#,unchanged-root,,,
main/docs/fr-ca/get-started/tenant-settings/signing-keys/revoke-signing-keys.mdx,25,fr-ca,https://manage.auth0.com/#/tenant/signing_keys,rewritten,https://manage.auth0.com/dashboard/#/tenant/signing_keys,add /dashboard/ prefix,
main/docs/fr-ca/get-started/tenant-settings/signing-keys/revoke-signing-keys.mdx,33,fr-ca,https://manage.auth0.com/#/tenant/signing_keys,rewritten,https://manage.auth0.com/dashboard/#/tenant/signing_keys,add /dashboard/ prefix,
main/docs/fr-ca/get-started/tenant-settings/signing-keys/rotate-signing-keys.mdx,28,fr-ca,https://manage.auth0.com/#/tenant/signing_keys,rewritten,https://manage.auth0.com/dashboard/#/tenant/signing_keys,add /dashboard/ prefix,
main/docs/fr-ca/get-started/tenant-settings/signing-keys/view-signing-certificates.mdx,16,fr-ca,https://manage.auth0.com/#/tenant/signing_keys,rewritten,https://manage.auth0.com/dashboard/#/tenant/signing_keys,add /dashboard/ prefix,
main/docs/fr-ca/get-started/tenant-settings/signing-keys/view-signing-certificates.mdx,30,fr-ca,https://manage.auth0.com/#/applications,rewritten,https://manage.auth0.com/dashboard/#/applications,http → https + new path,
main/docs/fr-ca/get-started/tenant-settings/signing-keys/view-signing-certificates.mdx,38,fr-ca,https://manage.auth0.com/#/applications,rewritten,https://manage.auth0.com/dashboard/#/applications,http → https + new path,
main/docs/fr-ca/get-started/universal-components/android/components/my-account-overview.mdx,37,fr-ca,https://manage.auth0.com/#/apis,rewritten,https://manage.auth0.com/dashboard/#/apis,http → https + new path,
main/docs/fr-ca/get-started/universal-components/android/components/my-account-overview.mdx,42,fr-ca,https://manage.auth0.com/#/applications,rewritten,https://manage.auth0.com/dashboard/#/applications,http → https + new path,
main/docs/fr-ca/get-started/universal-components/ios/components/my-account-overview.mdx,37,fr-ca,https://manage.auth0.com/#/apis,rewritten,https://manage.auth0.com/dashboard/#/apis,http → https + new path,
main/docs/fr-ca/get-started/universal-components/ios/components/my-account-overview.mdx,42,fr-ca,https://manage.auth0.com/#/applications,rewritten,https://manage.auth0.com/dashboard/#/applications,http → https + new path,
main/docs/fr-ca/get-started/universal-components/web/components/build-delegated-admin.mdx,46,fr-ca,https://manage.auth0.com/#/applications,rewritten,https://manage.auth0.com/dashboard/#/applications,http → https + new path,
main/docs/fr-ca/get-started/universal-components/web/components/build-delegated-admin.mdx,60,fr-ca,https://manage.auth0.com/#/applications,rewritten,https://manage.auth0.com/dashboard/#/applications,http → https + new path,
main/docs/fr-ca/get-started/universal-components/web/components/build-delegated-admin.mdx,83,fr-ca,https://manage.auth0.com/#/connections/database,rewritten,https://manage.auth0.com/dashboard/#/authentication/database,http → https + new path,
main/docs/fr-ca/get-started/universal-components/web/components/build-delegated-admin.mdx,123,fr-ca,https://manage.auth0.com/#/organizations,rewritten,https://manage.auth0.com/dashboard/#/organizations/list,path changed,
main/docs/fr-ca/get-started/universal-components/web/components/build-delegated-admin.mdx,157,fr-ca,https://manage.auth0.com/#/applications,rewritten,https://manage.auth0.com/dashboard/#/applications,http → https + new path,
main/docs/fr-ca/get-started/universal-components/web/components/build-delegated-admin.mdx,171,fr-ca,https://manage.auth0.com/#/applications,rewritten,https://manage.auth0.com/dashboard/#/applications,http → https + new path,
main/docs/fr-ca/get-started/universal-components/web/components/build-delegated-admin.mdx,194,fr-ca,https://manage.auth0.com/#/connections/database,rewritten,https://manage.auth0.com/dashboard/#/authentication/database,http → https + new path,
main/docs/fr-ca/get-started/universal-components/web/components/build-delegated-admin.mdx,234,fr-ca,https://manage.auth0.com/#/organizations,rewritten,https://manage.auth0.com/dashboard/#/organizations/list,path changed,
main/docs/fr-ca/get-started/universal-components/web/components/build-delegated-admin.mdx,273,fr-ca,https://manage.auth0.com/#/applications,rewritten,https://manage.auth0.com/dashboard/#/applications,http → https + new path,
main/docs/fr-ca/get-started/universal-components/web/components/build-delegated-admin.mdx,287,fr-ca,https://manage.auth0.com/#/applications,rewritten,https://manage.auth0.com/dashboard/#/applications,http → https + new path,
main/docs/fr-ca/get-started/universal-components/web/components/build-delegated-admin.mdx,310,fr-ca,https://manage.auth0.com/#/connections/database,rewritten,https://manage.auth0.com/dashboard/#/authentication/database,http → https + new path,
main/docs/fr-ca/get-started/universal-components/web/components/build-delegated-admin.mdx,350,fr-ca,https://manage.auth0.com/#/organizations,rewritten,https://manage.auth0.com/dashboard/#/organizations/list,path changed,
main/docs/fr-ca/get-started/universal-components/web/components/my-account-overview.mdx,43,fr-ca,https://manage.auth0.com/#/apis,rewritten,https://manage.auth0.com/dashboard/#/apis,http → https + new path,
main/docs/fr-ca/get-started/universal-components/web/components/my-account-overview.mdx,48,fr-ca,https://manage.auth0.com/#/applications,rewritten,https://manage.auth0.com/dashboard/#/applications,http → https + new path,
main/docs/fr-ca/get-started/universal-components/web/components/my-account-overview.mdx,136,fr-ca,https://manage.auth0.com/#/apis,rewritten,https://manage.auth0.com/dashboard/#/apis,http → https + new path,
main/docs/fr-ca/get-started/universal-components/web/components/my-account-overview.mdx,141,fr-ca,https://manage.auth0.com/#/applications,rewritten,https://manage.auth0.com/dashboard/#/applications,http → https + new path,
main/docs/fr-ca/get-started/universal-components/web/components/my-account-overview.mdx,166,fr-ca,https://manage.auth0.com/#/connections/database,rewritten,https://manage.auth0.com/dashboard/#/authentication/database,http → https + new path,
main/docs/fr-ca/get-started/universal-components/web/components/my-account-overview.mdx,168,fr-ca,https://manage.auth0.com/#/users,rewritten,https://manage.auth0.com/dashboard/#/users,add /dashboard/ prefix,
main/docs/fr-ca/get-started/universal-components/web/components/my-account-overview.mdx,240,fr-ca,https://manage.auth0.com/#/apis,rewritten,https://manage.auth0.com/dashboard/#/apis,http → https + new path,
main/docs/fr-ca/get-started/universal-components/web/components/my-account-overview.mdx,245,fr-ca,https://manage.auth0.com/#/applications,rewritten,https://manage.auth0.com/dashboard/#/applications,http → https + new path,
main/docs/fr-ca/get-started/universal-components/web/components/my-account-overview.mdx,270,fr-ca,https://manage.auth0.com/#/connections/database,rewritten,https://manage.auth0.com/dashboard/#/authentication/database,http → https + new path,
main/docs/fr-ca/get-started/universal-components/web/components/my-account-overview.mdx,272,fr-ca,https://manage.auth0.com/#/users,rewritten,https://manage.auth0.com/dashboard/#/users,add /dashboard/ prefix,
main/docs/fr-ca/get-started/universal-components/web/components/user-mfa-management.mdx,50,fr-ca,https://manage.auth0.com/dashboard/#/security/mfa,rewritten,https://manage.auth0.com/dashboard/#/authentication/mfa,path changed,
main/docs/fr-ca/get-started/universal-components/web/components/user-mfa-management.mdx,167,fr-ca,https://manage.auth0.com/dashboard/#/security/mfa,rewritten,https://manage.auth0.com/dashboard/#/authentication/mfa,path changed,
main/docs/fr-ca/get-started/universal-components/web/components/user-mfa-management.mdx,258,fr-ca,https://manage.auth0.com/dashboard/#/security/mfa,rewritten,https://manage.auth0.com/dashboard/#/authentication/mfa,path changed,
main/docs/fr-ca/libraries/auth0-android/auth0-android-configuration.mdx,36,fr-ca,https://manage.auth0.com/#,unchanged-root,,,
main/docs/fr-ca/libraries/auth0-android/auth0-android-configuration.mdx,70,fr-ca,https://manage.auth0.com/#,unchanged-root,,,
main/docs/fr-ca/libraries/auth0-php/using-the-management-api-with-auth0-php.mdx,31,fr-ca,https://manage.auth0.com/#/apis,rewritten,https://manage.auth0.com/dashboard/#/apis,http → https + new path,
main/docs/fr-ca/libraries/auth0-single-page-app-sdk.mdx,301,fr-ca,https://manage.auth0.com/#/apis,rewritten,https://manage.auth0.com/dashboard/#/apis,http → https + new path,
main/docs/fr-ca/libraries/auth0-swift.mdx,78,fr-ca,https://manage.auth0.com/#/applications/,rewritten,https://manage.auth0.com/dashboard/#/applications,http → https + new path,
main/docs/fr-ca/libraries/auth0-swift.mdx,125,fr-ca,https://manage.auth0.com/#/applications/,rewritten,https://manage.auth0.com/dashboard/#/applications,http → https + new path,
main/docs/fr-ca/libraries/auth0js.mdx,43,fr-ca,https://manage.auth0.com/#/applications,rewritten,https://manage.auth0.com/dashboard/#/applications,http → https + new path,
main/docs/fr-ca/libraries/auth0js.mdx,409,fr-ca,https://manage.auth0.com/#,unchanged-root,,,
main/docs/fr-ca/libraries/auth0js.mdx,409,fr-ca,https://manage.auth0.com/#,unchanged-root,,,
main/docs/fr-ca/libraries/auth0js.mdx,481,fr-ca,https://manage.auth0.com/#/rules,rewritten,https://manage.auth0.com/dashboard/#/rules,add /dashboard/ prefix,
main/docs/fr-ca/libraries/auth0js.mdx,487,fr-ca,https://manage.auth0.com/#,unchanged-root,,,
main/docs/fr-ca/libraries/custom-signup.mdx,68,fr-ca,https://manage.auth0.com/#/connections/database/,rewritten,https://manage.auth0.com/dashboard/#/authentication/database,http → https + new path,
main/docs/fr-ca/libraries/lock-android.mdx,43,fr-ca,https://manage.auth0.com/#,unchanged-root,,,
main/docs/fr-ca/libraries/lock-android/android-development-keystores-hashes.mdx,6,fr-ca,https://manage.auth0.com/#,unchanged-root,,,
main/docs/fr-ca/libraries/lock-android/android-development-keystores-hashes.mdx,42,fr-ca,https://manage.auth0.com/#/applications,rewritten,https://manage.auth0.com/dashboard/#/applications,http → https + new path,
main/docs/fr-ca/libraries/lock-android/lock-android-configuration.mdx,54,fr-ca,https://manage.auth0.com/#,unchanged-root,,,
main/docs/fr-ca/libraries/lock-android/lock-android-configuration.mdx,54,fr-ca,https://manage.auth0.com/#,unchanged-root,,,
main/docs/fr-ca/libraries/lock-android/lock-android-custom-theming.mdx,67,fr-ca,https://manage.auth0.com/#/extensions,rewritten,https://manage.auth0.com/dashboard/#/extensions/list,path changed,
main/docs/fr-ca/libraries/lock-android/lock-android-native-social-authentication.mdx,33,fr-ca,https://manage.auth0.com/#/connections/social,rewritten,https://manage.auth0.com/dashboard/#/connections,path changed,
main/docs/fr-ca/libraries/lock-android/lock-android-native-social-authentication.mdx,39,fr-ca,https://manage.auth0.com/#/applications,rewritten,https://manage.auth0.com/dashboard/#/applications,http → https + new path,
main/docs/fr-ca/libraries/lock-android/lock-android-native-social-authentication.mdx,195,fr-ca,https://manage.auth0.com/#/connections/social,rewritten,https://manage.auth0.com/dashboard/#/connections,path changed,
main/docs/fr-ca/libraries/lock-android/lock-android-native-social-authentication.mdx,200,fr-ca,https://manage.auth0.com/#/applications,rewritten,https://manage.auth0.com/dashboard/#/applications,http → https + new path,
main/docs/fr-ca/libraries/lock-android/lock-android-passwordless-with-magic-link.mdx,12,fr-ca,https://manage.auth0.com/#/applications/\{yourClientId}/settings,rewritten,https://manage.auth0.com/dashboard/#/applications/{yourClientId}/settings,path changed,
main/docs/fr-ca/libraries/lock-android/lock-android-passwordless-with-magic-link.mdx,33,fr-ca,https://manage.auth0.com/#/applications/authentication,rewritten,https://manage.auth0.com/dashboard/#/applications/{yourClientId}/login-experience,path changed,
main/docs/fr-ca/libraries/lock-android/lock-android-passwordless.mdx,12,fr-ca,https://manage.auth0.com/#/connections/passwordless,rewritten,https://manage.auth0.com/dashboard/#/authentication/passwordless,path changed,
main/docs/fr-ca/libraries/lock-swift.mdx,73,fr-ca,https://manage.auth0.com/#,unchanged-root,,,
main/docs/fr-ca/libraries/lock-swift/lock-swift-configuration-options.mdx,126,fr-ca,https://manage.auth0.com/#/,unchanged-root,,,
main/docs/fr-ca/libraries/lock.mdx,50,fr-ca,https://manage.auth0.com/#/applications/\{yourClientId}/settings,rewritten,https://manage.auth0.com/dashboard/#/applications/{yourClientId}/settings,path changed,
main/docs/fr-ca/libraries/lock.mdx,56,fr-ca,https://manage.auth0.com/#,unchanged-root,,,
main/docs/fr-ca/libraries/lock.mdx,162,fr-ca,https://manage.auth0.com/#,unchanged-root,,,
main/docs/fr-ca/libraries/lock/lock-api-reference.mdx,22,fr-ca,https://manage.auth0.com/#/,unchanged-root,,,
main/docs/fr-ca/libraries/lock/lock-api-reference.mdx,22,fr-ca,https://manage.auth0.com/#/applications,rewritten,https://manage.auth0.com/dashboard/#/applications,http → https + new path,
main/docs/fr-ca/manage-users/access-control/configure-core-rbac/enable-role-based-access-control-for-apis.mdx,20,fr-ca,https://manage.auth0.com/#/apis,rewritten,https://manage.auth0.com/dashboard/#/apis,http → https + new path,
main/docs/fr-ca/manage-users/access-control/configure-core-rbac/rbac-users/assign-permissions-to-users.mdx,28,fr-ca,https://manage.auth0.com/#/users,rewritten,https://manage.auth0.com/dashboard/#/users,add /dashboard/ prefix,
main/docs/fr-ca/manage-users/access-control/configure-core-rbac/rbac-users/assign-permissions-to-users.mdx,36,fr-ca,https://manage.auth0.com/#/users,rewritten,https://manage.auth0.com/dashboard/#/users,add /dashboard/ prefix,
main/docs/fr-ca/manage-users/access-control/configure-core-rbac/rbac-users/assign-roles-to-groups.mdx,29,fr-ca,https://manage.auth0.com/#/organizations,rewritten,https://manage.auth0.com/dashboard/#/organizations/list,path changed,
main/docs/fr-ca/manage-users/access-control/configure-core-rbac/rbac-users/assign-roles-to-groups.mdx,81,fr-ca,https://manage.auth0.com/#/groups,rewritten,https://manage.auth0.com/dashboard/#/enterprise-groups,path changed,
main/docs/fr-ca/manage-users/access-control/configure-core-rbac/rbac-users/assign-roles-to-groups.mdx,131,fr-ca,https://manage.auth0.com/#/organizations,rewritten,https://manage.auth0.com/dashboard/#/organizations/list,path changed,
main/docs/fr-ca/manage-users/access-control/configure-core-rbac/rbac-users/assign-roles-to-groups.mdx,179,fr-ca,https://manage.auth0.com/#/groups,rewritten,https://manage.auth0.com/dashboard/#/enterprise-groups,path changed,
main/docs/fr-ca/manage-users/access-control/configure-core-rbac/rbac-users/assign-roles-to-users.mdx,25,fr-ca,https://manage.auth0.com/#/users,rewritten,https://manage.auth0.com/dashboard/#/users,add /dashboard/ prefix,
main/docs/fr-ca/manage-users/access-control/configure-core-rbac/rbac-users/assign-roles-to-users.mdx,33,fr-ca,https://manage.auth0.com/#/users,rewritten,https://manage.auth0.com/dashboard/#/users,add /dashboard/ prefix,
main/docs/fr-ca/manage-users/access-control/configure-core-rbac/rbac-users/remove-permissions-from-users.mdx,18,fr-ca,https://manage.auth0.com/#/users,rewritten,https://manage.auth0.com/dashboard/#/users,add /dashboard/ prefix,
main/docs/fr-ca/manage-users/access-control/configure-core-rbac/rbac-users/remove-roles-from-users.mdx,18,fr-ca,https://manage.auth0.com/#/users,rewritten,https://manage.auth0.com/dashboard/#/users,add /dashboard/ prefix,
main/docs/fr-ca/manage-users/access-control/configure-core-rbac/rbac-users/view-user-permissions.mdx,18,fr-ca,https://manage.auth0.com/#/users,rewritten,https://manage.auth0.com/dashboard/#/users,add /dashboard/ prefix,
main/docs/fr-ca/manage-users/access-control/configure-core-rbac/rbac-users/view-user-roles.mdx,18,fr-ca,https://manage.auth0.com/#/users,rewritten,https://manage.auth0.com/dashboard/#/users,add /dashboard/ prefix,
main/docs/fr-ca/manage-users/access-control/configure-core-rbac/roles/add-permissions-to-roles.mdx,21,fr-ca,https://manage.auth0.com/#/roles,rewritten,https://manage.auth0.com/dashboard/#/applications/{yourClientId}/settings,path changed,
main/docs/fr-ca/manage-users/access-control/configure-core-rbac/roles/create-roles.mdx,31,fr-ca,https://manage.auth0.com/#/roles,rewritten,https://manage.auth0.com/dashboard/#/applications/{yourClientId}/settings,path changed,
main/docs/fr-ca/manage-users/access-control/configure-core-rbac/roles/create-roles.mdx,216,fr-ca,https://manage.auth0.com/#/organizations,rewritten,https://manage.auth0.com/dashboard/#/organizations/list,path changed,
main/docs/fr-ca/manage-users/access-control/configure-core-rbac/roles/delete-roles.mdx,16,fr-ca,https://manage.auth0.com/#/roles,rewritten,https://manage.auth0.com/dashboard/#/applications/{yourClientId}/settings,path changed,
main/docs/fr-ca/manage-users/access-control/configure-core-rbac/roles/edit-role-definitions.mdx,18,fr-ca,https://manage.auth0.com/#/roles,rewritten,https://manage.auth0.com/dashboard/#/applications/{yourClientId}/settings,path changed,
main/docs/fr-ca/manage-users/access-control/configure-core-rbac/roles/remove-permissions-from-roles.mdx,18,fr-ca,https://manage.auth0.com/#/roles,rewritten,https://manage.auth0.com/dashboard/#/applications/{yourClientId}/settings,path changed,
main/docs/fr-ca/manage-users/access-control/configure-core-rbac/roles/view-role-permissions.mdx,18,fr-ca,https://manage.auth0.com/#/roles,rewritten,https://manage.auth0.com/dashboard/#/applications/{yourClientId}/settings,path changed,
main/docs/fr-ca/manage-users/access-control/configure-core-rbac/roles/view-users-assigned-to-roles.mdx,14,fr-ca,https://manage.auth0.com/#/users,rewritten,https://manage.auth0.com/dashboard/#/users,add /dashboard/ prefix,
main/docs/fr-ca/manage-users/access-control/sample-use-cases-actions-with-authorization.mdx,24,fr-ca,https://manage.auth0.com/#/actions/flows/login/,rewritten,https://manage.auth0.com/dashboard/#/actions/triggers/post-login,path changed,
main/docs/fr-ca/manage-users/access-control/sample-use-cases-actions-with-authorization.mdx,45,fr-ca,https://manage.auth0.com/#/actions/flows/login/,rewritten,https://manage.auth0.com/dashboard/#/actions/triggers/post-login,path changed,
main/docs/fr-ca/manage-users/access-control/sample-use-cases-actions-with-authorization.mdx,55,fr-ca,https://manage.auth0.com/#/apis,rewritten,https://manage.auth0.com/dashboard/#/apis,http → https + new path,
main/docs/fr-ca/manage-users/access-control/sample-use-cases-actions-with-authorization.mdx,67,fr-ca,https://manage.auth0.com/#/actions/flows/login/,rewritten,https://manage.auth0.com/dashboard/#/actions/triggers/post-login,path changed,
main/docs/fr-ca/manage-users/access-control/sample-use-cases-actions-with-authorization.mdx,85,fr-ca,https://manage.auth0.com/#/actions/flows/login/,rewritten,https://manage.auth0.com/dashboard/#/actions/triggers/post-login,path changed,
main/docs/fr-ca/manage-users/access-control/sample-use-cases-actions-with-authorization.mdx,108,fr-ca,https://manage.auth0.com/#/actions/flows/login/,rewritten,https://manage.auth0.com/dashboard/#/actions/triggers/post-login,path changed,
main/docs/fr-ca/manage-users/access-control/sample-use-cases-rules-with-authorization.mdx,61,fr-ca,https://manage.auth0.com/#/apis,rewritten,https://manage.auth0.com/dashboard/#/apis,http → https + new path,
main/docs/fr-ca/manage-users/cookies/spa-authenticate-with-cookies.mdx,92,fr-ca,https://manage.auth0.com/#/applications,rewritten,https://manage.auth0.com/dashboard/#/applications,http → https + new path,
main/docs/fr-ca/manage-users/cookies/spa-authenticate-with-cookies.mdx,97,fr-ca,https://manage.auth0.com/#/connections/social,rewritten,https://manage.auth0.com/dashboard/#/connections,path changed,
main/docs/fr-ca/manage-users/my-account-api.mdx,72,fr-ca,https://manage.auth0.com/#/apis,rewritten,https://manage.auth0.com/dashboard/#/apis,http → https + new path,
main/docs/fr-ca/manage-users/my-account-api.mdx,864,fr-ca,https://manage.auth0.com/#/applications,rewritten,https://manage.auth0.com/dashboard/#/applications,http → https + new path,
main/docs/fr-ca/manage-users/my-organization-api.mdx,35,fr-ca,https://manage.auth0.com/#/apis,rewritten,https://manage.auth0.com/dashboard/#/apis,http → https + new path,
main/docs/fr-ca/manage-users/my-organization-api.mdx,86,fr-ca,https://manage.auth0.com/#/apis,rewritten,https://manage.auth0.com/dashboard/#/apis,http → https + new path,
main/docs/fr-ca/manage-users/my-organization-api.mdx,106,fr-ca,https://manage.auth0.com/#/apis,rewritten,https://manage.auth0.com/dashboard/#/apis,http → https + new path,
main/docs/fr-ca/manage-users/my-organization-api.mdx,287,fr-ca,https://manage.auth0.com/#/applications,rewritten,https://manage.auth0.com/dashboard/#/applications,http → https + new path,
main/docs/fr-ca/manage-users/organizations/configure-organizations/add-member-roles.mdx,26,fr-ca,https://manage.auth0.com/#/organizations,rewritten,https://manage.auth0.com/dashboard/#/organizations/list,path changed,
main/docs/fr-ca/manage-users/organizations/configure-organizations/assign-members.mdx,16,fr-ca,https://manage.auth0.com/#/organizations,rewritten,https://manage.auth0.com/dashboard/#/organizations/list,path changed,
main/docs/fr-ca/manage-users/organizations/configure-organizations/create-org-domains.mdx,14,fr-ca,https://manage.auth0.com/#/organizations,rewritten,https://manage.auth0.com/dashboard/#/organizations/list,path changed,
main/docs/fr-ca/manage-users/organizations/configure-organizations/create-organizations.mdx,20,fr-ca,https://manage.auth0.com/#/organizations,rewritten,https://manage.auth0.com/dashboard/#/organizations/list,path changed,
main/docs/fr-ca/manage-users/organizations/configure-organizations/define-organization-behavior.mdx,25,fr-ca,https://manage.auth0.com/#/applications,rewritten,https://manage.auth0.com/dashboard/#/applications,http → https + new path,
main/docs/fr-ca/manage-users/organizations/configure-organizations/delete-org-domains.mdx,12,fr-ca,https://manage.auth0.com/#/organizations,rewritten,https://manage.auth0.com/dashboard/#/organizations/list,path changed,
main/docs/fr-ca/manage-users/organizations/configure-organizations/delete-organizations.mdx,22,fr-ca,https://manage.auth0.com/#/organizations,rewritten,https://manage.auth0.com/dashboard/#/organizations/list,path changed,
main/docs/fr-ca/manage-users/organizations/configure-organizations/disable-connections.mdx,21,fr-ca,https://manage.auth0.com/#/organizations,rewritten,https://manage.auth0.com/dashboard/#/organizations/list,path changed,
main/docs/fr-ca/manage-users/organizations/configure-organizations/disable-connections.mdx,30,fr-ca,https://manage.auth0.com/#/organizations,rewritten,https://manage.auth0.com/dashboard/#/organizations/list,path changed,
main/docs/fr-ca/manage-users/organizations/configure-organizations/enable-connections.mdx,39,fr-ca,https://manage.auth0.com/#/organizations,rewritten,https://manage.auth0.com/dashboard/#/organizations/list,path changed,
main/docs/fr-ca/manage-users/organizations/configure-organizations/enable-third-party-application-access.mdx,23,fr-ca,https://manage.auth0.com/#/organizations,rewritten,https://manage.auth0.com/dashboard/#/organizations/list,path changed,
main/docs/fr-ca/manage-users/organizations/configure-organizations/grant-application-access.mdx,39,fr-ca,https://manage.auth0.com/#/organizations,rewritten,https://manage.auth0.com/dashboard/#/organizations/list,path changed,
main/docs/fr-ca/manage-users/organizations/configure-organizations/grant-application-access.mdx,85,fr-ca,https://manage.auth0.com/#/organizations,rewritten,https://manage.auth0.com/dashboard/#/organizations/list,path changed,
main/docs/fr-ca/manage-users/organizations/configure-organizations/grant-application-access.mdx,150,fr-ca,https://manage.auth0.com/#/organizations,rewritten,https://manage.auth0.com/dashboard/#/organizations/list,path changed,
main/docs/fr-ca/manage-users/organizations/configure-organizations/invite-members.mdx,35,fr-ca,https://manage.auth0.com/#/tenant/advanced,rewritten,https://manage.auth0.com/dashboard/#/tenant/advanced,add /dashboard/ prefix,
main/docs/fr-ca/manage-users/organizations/configure-organizations/invite-members.mdx,35,fr-ca,https://manage.auth0.com/#/applications,rewritten,https://manage.auth0.com/dashboard/#/applications,http → https + new path,
main/docs/fr-ca/manage-users/organizations/configure-organizations/remove-member-roles.mdx,16,fr-ca,https://manage.auth0.com/#/organizations,rewritten,https://manage.auth0.com/dashboard/#/organizations/list,path changed,
main/docs/fr-ca/manage-users/organizations/configure-organizations/remove-members.mdx,16,fr-ca,https://manage.auth0.com/#/organizations,rewritten,https://manage.auth0.com/dashboard/#/organizations/list,path changed,
main/docs/fr-ca/manage-users/organizations/configure-organizations/retrieve-connections.mdx,21,fr-ca,https://manage.auth0.com/#/organizations,rewritten,https://manage.auth0.com/dashboard/#/organizations/list,path changed,
main/docs/fr-ca/manage-users/organizations/configure-organizations/retrieve-member-roles.mdx,16,fr-ca,https://manage.auth0.com/#/organizations,rewritten,https://manage.auth0.com/dashboard/#/organizations/list,path changed,
main/docs/fr-ca/manage-users/organizations/configure-organizations/retrieve-members.mdx,16,fr-ca,https://manage.auth0.com/#/organizations,rewritten,https://manage.auth0.com/dashboard/#/organizations/list,path changed,
main/docs/fr-ca/manage-users/organizations/configure-organizations/search-organization-members.mdx,9,fr-ca,https://manage.auth0.com/#/organizations,rewritten,https://manage.auth0.com/dashboard/#/organizations/list,path changed,
main/docs/fr-ca/manage-users/organizations/configure-organizations/search-organization-members.mdx,13,fr-ca,https://manage.auth0.com/#/users,rewritten,https://manage.auth0.com/dashboard/#/users,add /dashboard/ prefix,
main/docs/fr-ca/manage-users/organizations/configure-organizations/send-membership-invitations.mdx,15,fr-ca,https://manage.auth0.com/#/organizations,rewritten,https://manage.auth0.com/dashboard/#/organizations/list,path changed,
main/docs/fr-ca/manage-users/organizations/create-first-organization.mdx,107,fr-ca,https://manage.auth0.com/#/organizations,rewritten,https://manage.auth0.com/dashboard/#/organizations/list,path changed,
main/docs/fr-ca/manage-users/organizations/login-flows-for-organizations.mdx,60,fr-ca,https://manage.auth0.com/#/tenant/general,rewritten,https://manage.auth0.com/dashboard/#/tenant/general,add /dashboard/ prefix,
main/docs/fr-ca/manage-users/organizations/organizations-for-m2m-applications/configure-your-application-for-m2m-access.mdx,69,fr-ca,https://manage.auth0.com/,unchanged-root,,,
main/docs/fr-ca/manage-users/organizations/organizations-for-m2m-applications/configure-your-application-for-m2m-access.mdx,120,fr-ca,https://manage.auth0.com/,unchanged-root,,,
main/docs/fr-ca/manage-users/organizations/organizations-for-m2m-applications/manage-m2m-access.mdx,35,fr-ca,https://manage.auth0.com/,unchanged-root,,,
main/docs/fr-ca/manage-users/organizations/organizations-for-m2m-applications/manage-m2m-access.mdx,41,fr-ca,https://manage.auth0.com/dashboard/*/organizations/list,rewritten,https://manage.auth0.com/dashboard/#/organizations/list,path changed,
main/docs/fr-ca/manage-users/organizations/organizations-for-m2m-applications/manage-m2m-access.mdx,68,fr-ca,https://manage.auth0.com/,unchanged-root,,,
main/docs/fr-ca/manage-users/organizations/organizations-for-m2m-applications/manage-m2m-access.mdx,70,fr-ca,https://manage.auth0.com/dashboard/*/organizations/list,rewritten,https://manage.auth0.com/dashboard/#/organizations/list,path changed,
main/docs/fr-ca/manage-users/organizations/organizations-for-m2m-applications/manage-m2m-access.mdx,107,fr-ca,https://manage.auth0.com/,unchanged-root,,,
main/docs/fr-ca/manage-users/organizations/organizations-for-m2m-applications/manage-m2m-access.mdx,113,fr-ca,https://manage.auth0.com/dashboard/*/organizations/list,rewritten,https://manage.auth0.com/dashboard/#/organizations/list,path changed,
main/docs/fr-ca/manage-users/organizations/organizations-for-m2m-applications/manage-m2m-access.mdx,133,fr-ca,https://manage.auth0.com/,unchanged-root,,,
main/docs/fr-ca/manage-users/organizations/organizations-for-m2m-applications/manage-m2m-access.mdx,141,fr-ca,https://manage.auth0.com/dashboard/*/organizations/list,rewritten,https://manage.auth0.com/dashboard/#/organizations/list,path changed,
main/docs/fr-ca/manage-users/sessions/configure-keep-me-signed-in-sessions.mdx,211,fr-ca,https://manage.auth0.com/#/actions/triggers/post-login,rewritten,https://manage.auth0.com/dashboard/#/actions/triggers/post-login,path changed,
main/docs/fr-ca/manage-users/sessions/configure-session-lifetime-settings.mdx,14,fr-ca,https://manage.auth0.com/#/tenant,rewritten,https://manage.auth0.com/dashboard/#/tenant/general,path changed,
main/docs/fr-ca/manage-users/sessions/non-persistent-sessions.mdx,50,fr-ca,https://manage.auth0.com/#/tenant,rewritten,https://manage.auth0.com/dashboard/#/tenant/general,path changed,
main/docs/fr-ca/manage-users/sessions/session-metadata/configure-session-metadata.mdx,106,fr-ca,https://manage.auth0.com/#/applications,rewritten,https://manage.auth0.com/dashboard/#/applications,http → https + new path,
main/docs/fr-ca/manage-users/sessions/session-metadata/configure-session-metadata.mdx,146,fr-ca,https://manage.auth0.com/#/logs,rewritten,https://manage.auth0.com/dashboard/#/logging/logs,path changed,
main/docs/fr-ca/manage-users/user-accounts/block-and-unblock-users.mdx,21,fr-ca,https://manage.auth0.com/#/users,rewritten,https://manage.auth0.com/dashboard/#/users,add /dashboard/ prefix,
main/docs/fr-ca/manage-users/user-accounts/block-and-unblock-users.mdx,39,fr-ca,https://manage.auth0.com/#/users,rewritten,https://manage.auth0.com/dashboard/#/users,add /dashboard/ prefix,
main/docs/fr-ca/manage-users/user-accounts/change-user-picture.mdx,180,fr-ca,https://manage.auth0.com/#/actions/library,rewritten,https://manage.auth0.com/dashboard/#/actions/custom,path changed,
main/docs/fr-ca/manage-users/user-accounts/change-user-picture.mdx,200,fr-ca,https://manage.auth0.com/#/actions/flows/login/,rewritten,https://manage.auth0.com/dashboard/#/actions/triggers/post-login,path changed,
main/docs/fr-ca/manage-users/user-accounts/create-users.mdx,8,fr-ca,https://manage.auth0.com/#/users,rewritten,https://manage.auth0.com/dashboard/#/users,add /dashboard/ prefix,
main/docs/fr-ca/manage-users/user-accounts/delete-users.mdx,6,fr-ca,https://manage.auth0.com/#/users,rewritten,https://manage.auth0.com/dashboard/#/users,add /dashboard/ prefix,
main/docs/fr-ca/manage-users/user-accounts/deny-api-access.mdx,10,fr-ca,https://manage.auth0.com/#/rules,rewritten,https://manage.auth0.com/dashboard/#/rules,add /dashboard/ prefix,
main/docs/fr-ca/manage-users/user-accounts/get-user-information-on-unbounce-landing-pages.mdx,10,fr-ca,https://manage.auth0.com/#,unchanged-root,,,
main/docs/fr-ca/manage-users/user-accounts/get-user-information-on-unbounce-landing-pages.mdx,11,fr-ca,https://manage.auth0.com/#/applications,rewritten,https://manage.auth0.com/dashboard/#/applications,http → https + new path,
main/docs/fr-ca/manage-users/user-accounts/get-user-information-on-unbounce-landing-pages.mdx,13,fr-ca,https://manage.auth0.com/#/connections/social,rewritten,https://manage.auth0.com/dashboard/#/connections,path changed,
main/docs/fr-ca/manage-users/user-accounts/manage-user-access-to-applications.mdx,17,fr-ca,https://manage.auth0.com/#/connections/social,rewritten,https://manage.auth0.com/dashboard/#/connections,path changed,
main/docs/fr-ca/manage-users/user-accounts/manage-users-using-the-dashboard.mdx,6,fr-ca,https://manage.auth0.com/#/users,rewritten,https://manage.auth0.com/dashboard/#/users,add /dashboard/ prefix,
main/docs/fr-ca/manage-users/user-accounts/metadata/configure-application-metadata.mdx,51,fr-ca,https://manage.auth0.com/#/applications,rewritten,https://manage.auth0.com/dashboard/#/applications,http → https + new path,
main/docs/fr-ca/manage-users/user-accounts/metadata/configure-application-metadata.mdx,60,fr-ca,https://manage.auth0.com/#/applications,rewritten,https://manage.auth0.com/dashboard/#/applications,http → https + new path,
main/docs/fr-ca/manage-users/user-accounts/metadata/configure-application-metadata.mdx,67,fr-ca,https://manage.auth0.com/#/applications,rewritten,https://manage.auth0.com/dashboard/#/applications,http → https + new path,
main/docs/fr-ca/manage-users/user-accounts/resend-verification-emails.mdx,12,fr-ca,https://manage.auth0.com/#/users,rewritten,https://manage.auth0.com/dashboard/#/users,add /dashboard/ prefix,
main/docs/fr-ca/manage-users/user-accounts/unlink-devices-from-users.mdx,8,fr-ca,https://manage.auth0.com/#/users,rewritten,https://manage.auth0.com/dashboard/#/users,add /dashboard/ prefix,
main/docs/fr-ca/manage-users/user-accounts/user-profiles.mdx,31,fr-ca,https://manage.auth0.com/#/users,rewritten,https://manage.auth0.com/dashboard/#/users,add /dashboard/ prefix,
main/docs/fr-ca/manage-users/user-accounts/user-profiles.mdx,46,fr-ca,https://manage.auth0.com/#/connections/database/enterprise/samlp,rewritten,https://manage.auth0.com/dashboard/#/connections/enterprise/samlp,path changed,
main/docs/fr-ca/manage-users/user-accounts/user-profiles.mdx,47,fr-ca,https://manage.auth0.com/#/connections/database/applications,rewritten,https://manage.auth0.com/dashboard/#/authentication/database/{connectionId}/applications,path changed,
main/docs/fr-ca/manage-users/user-accounts/user-profiles/configure-connection-sync-with-auth0.mdx,24,fr-ca,https://manage.auth0.com/#/connections,rewritten,https://manage.auth0.com/dashboard/#/connections,add /dashboard/ prefix,
main/docs/fr-ca/manage-users/user-accounts/verify-emails.mdx,73,fr-ca,https://manage.auth0.com/#/authentication,rewritten,https://manage.auth0.com/dashboard/#/authentication/authentication-profile,path changed,
main/docs/fr-ca/manage-users/user-accounts/view-user-details.mdx,6,fr-ca,https://manage.auth0.com/#/users,rewritten,https://manage.auth0.com/dashboard/#/users,add /dashboard/ prefix,
main/docs/fr-ca/manage-users/user-migration/bulk-user-exports.mdx,46,fr-ca,https://manage.auth0.com/#/users,rewritten,https://manage.auth0.com/dashboard/#/users,add /dashboard/ prefix,
main/docs/fr-ca/manage-users/user-migration/bulk-user-exports.mdx,253,fr-ca,https://manage.auth0.com/#/users,rewritten,https://manage.auth0.com/dashboard/#/users,add /dashboard/ prefix,
main/docs/fr-ca/manage-users/user-migration/bulk-user-imports.mdx,64,fr-ca,https://manage.auth0.com/#/users,rewritten,https://manage.auth0.com/dashboard/#/users,add /dashboard/ prefix,
main/docs/fr-ca/manage-users/user-migration/bulk-user-imports.mdx,375,fr-ca,https://manage.auth0.com/#/users,rewritten,https://manage.auth0.com/dashboard/#/users,add /dashboard/ prefix,
main/docs/fr-ca/manage-users/user-migration/configure-automatic-migration-from-your-database.mdx,27,fr-ca,https://manage.auth0.com/#/connections/database,rewritten,https://manage.auth0.com/dashboard/#/authentication/database,http → https + new path,
main/docs/fr-ca/manage-users/user-migration/configure-automatic-migration-from-your-database.mdx,65,fr-ca,https://manage.auth0.com/#/users,rewritten,https://manage.auth0.com/dashboard/#/users,add /dashboard/ prefix,
main/docs/fr-ca/manage-users/user-migration/configure-automatic-migration-from-your-database.mdx,77,fr-ca,https://manage.auth0.com/#/connections/database,rewritten,https://manage.auth0.com/dashboard/#/authentication/database,http → https + new path,
main/docs/fr-ca/manage-users/user-search/get-users-by-id-or-email.mdx,16,fr-ca,https://manage.auth0.com/#/users,rewritten,https://manage.auth0.com/dashboard/#/users,add /dashboard/ prefix,
main/docs/fr-ca/manage-users/user-search/list-and-search-users.mdx,16,fr-ca,https://manage.auth0.com/#/users,rewritten,https://manage.auth0.com/dashboard/#/users,add /dashboard/ prefix,
main/docs/fr-ca/quickstart/agent-skills.mdx,13,fr-ca,https://manage.auth0.com,unchanged-root,,,
main/docs/fr-ca/quickstart/backend/aspnet-core-webapi.mdx,143,fr-ca,https://manage.auth0.com,unchanged-root,,,
main/docs/fr-ca/quickstart/backend/aspnet-core-webapi.mdx,245,fr-ca,https://manage.auth0.com/#/applications,rewritten,https://manage.auth0.com/dashboard/#/applications,http → https + new path,
main/docs/fr-ca/quickstart/backend/aspnet-core-webapi.mdx,334,fr-ca,https://manage.auth0.com,unchanged-root,,,
main/docs/fr-ca/quickstart/backend/django/02-using.mdx,148,fr-ca,https://manage.auth0.com/#/applications,rewritten,https://manage.auth0.com/dashboard/#/applications,http → https + new path,
main/docs/fr-ca/quickstart/backend/django/02-using.mdx,299,fr-ca,https://manage.auth0.com/#/apis,rewritten,https://manage.auth0.com/dashboard/#/apis,http → https + new path,
main/docs/fr-ca/quickstart/backend/django/_index.mdx,47,fr-ca,https://manage.auth0.com/#/apis,rewritten,https://manage.auth0.com/dashboard/#/apis,http → https + new path,
main/docs/fr-ca/quickstart/backend/django/_index.mdx,130,fr-ca,https://manage.auth0.com/#/apis,rewritten,https://manage.auth0.com/dashboard/#/apis,http → https + new path,
main/docs/fr-ca/quickstart/backend/django/_index.mdx,309,fr-ca,https://manage.auth0.com/dashboard/us/dev-gja8kxz4ndtex3rq,rewritten,https://manage.auth0.com/dashboard/#/,path changed,
main/docs/fr-ca/quickstart/backend/django/index.mdx,23,fr-ca,https://manage.auth0.com/#/apis,rewritten,https://manage.auth0.com/dashboard/#/apis,http → https + new path,
main/docs/fr-ca/quickstart/backend/django/index.mdx,33,fr-ca,https://manage.auth0.com/#/apis,rewritten,https://manage.auth0.com/dashboard/#/apis,http → https + new path,
main/docs/fr-ca/quickstart/backend/django/interactive.mdx,52,fr-ca,https://manage.auth0.com/#/apis,rewritten,https://manage.auth0.com/dashboard/#/apis,http → https + new path,
main/docs/fr-ca/quickstart/backend/django/interactive.mdx,115,fr-ca,https://manage.auth0.com/#/apis,rewritten,https://manage.auth0.com/dashboard/#/apis,http → https + new path,
main/docs/fr-ca/quickstart/backend/django/interactive.mdx,286,fr-ca,https://manage.auth0.com/dashboard/us/dev-gja8kxz4ndtex3rq,rewritten,https://manage.auth0.com/dashboard/#/,path changed,
main/docs/fr-ca/quickstart/backend/express-api-beta.mdx,115,fr-ca,https://manage.auth0.com/,unchanged-root,,,
main/docs/fr-ca/quickstart/backend/express-api-beta.mdx,219,fr-ca,https://manage.auth0.com/,unchanged-root,,,
main/docs/fr-ca/quickstart/backend/express-api-beta.mdx,349,fr-ca,https://manage.auth0.com/,unchanged-root,,,
main/docs/fr-ca/quickstart/backend/fastapi.mdx,299,fr-ca,https://manage.auth0.com/#/apis,rewritten,https://manage.auth0.com/dashboard/#/apis,http → https + new path,
main/docs/fr-ca/quickstart/backend/fastapi.mdx,447,fr-ca,https://manage.auth0.com/#/apis,rewritten,https://manage.auth0.com/dashboard/#/apis,http → https + new path,
main/docs/fr-ca/quickstart/backend/fastify/index.mdx,143,fr-ca,https://manage.auth0.com/dashboard/,rewritten,https://manage.auth0.com/dashboard/#/,path changed,
main/docs/fr-ca/quickstart/backend/golang.mdx,140,fr-ca,https://manage.auth0.com/dashboard/,rewritten,https://manage.auth0.com/dashboard/#/,path changed,
main/docs/fr-ca/quickstart/backend/golang.mdx,576,fr-ca,https://manage.auth0.com/#/apis,rewritten,https://manage.auth0.com/dashboard/#/apis,http → https + new path,
main/docs/fr-ca/quickstart/backend/golang.mdx,695,fr-ca,https://manage.auth0.com/#/applications,rewritten,https://manage.auth0.com/dashboard/#/applications,http → https + new path,
main/docs/fr-ca/quickstart/backend/java-spring-security5/02-using.mdx,148,fr-ca,https://manage.auth0.com/#/applications,rewritten,https://manage.auth0.com/dashboard/#/applications,http → https + new path,
main/docs/fr-ca/quickstart/backend/java-spring-security5/02-using.mdx,299,fr-ca,https://manage.auth0.com/#/apis,rewritten,https://manage.auth0.com/dashboard/#/apis,http → https + new path,
main/docs/fr-ca/quickstart/backend/java-spring-security5/index.mdx,172,fr-ca,https://manage.auth0.com,unchanged-root,,,
main/docs/fr-ca/quickstart/backend/java-spring-security5/index.mdx,310,fr-ca,https://manage.auth0.com/#/applications,rewritten,https://manage.auth0.com/dashboard/#/applications,http → https + new path,
main/docs/fr-ca/quickstart/backend/java-spring-security5/index.mdx,359,fr-ca,https://manage.auth0.com,unchanged-root,,,
main/docs/fr-ca/quickstart/backend/java-spring-security5/index.mdx,536,fr-ca,https://manage.auth0.com/,unchanged-root,,,
main/docs/fr-ca/quickstart/backend/laravel/_index.mdx,192,fr-ca,https://manage.auth0.com/#/apis/,rewritten,https://manage.auth0.com/dashboard/#/apis,http → https + new path,
main/docs/fr-ca/quickstart/backend/laravel/_index.mdx,243,fr-ca,https://manage.auth0.com/#/apis,rewritten,https://manage.auth0.com/dashboard/#/apis,http → https + new path,
main/docs/fr-ca/quickstart/backend/laravel/_index.mdx,286,fr-ca,https://manage.auth0.com/dashboard/us/dev-gja8kxz4ndtex3rq,rewritten,https://manage.auth0.com/dashboard/#/,path changed,
main/docs/fr-ca/quickstart/backend/laravel/index.mdx,146,fr-ca,https://manage.auth0.com/#/apis/,rewritten,https://manage.auth0.com/dashboard/#/apis,http → https + new path,
main/docs/fr-ca/quickstart/backend/laravel/index.mdx,189,fr-ca,https://manage.auth0.com/#/apis,rewritten,https://manage.auth0.com/dashboard/#/apis,http → https + new path,
main/docs/fr-ca/quickstart/backend/laravel/index.mdx,229,fr-ca,https://manage.auth0.com/#/apis/,rewritten,https://manage.auth0.com/dashboard/#/apis,http → https + new path,
main/docs/fr-ca/quickstart/backend/laravel/interactive.mdx,188,fr-ca,https://manage.auth0.com/#/apis/,rewritten,https://manage.auth0.com/dashboard/#/apis,http → https + new path,
main/docs/fr-ca/quickstart/backend/laravel/interactive.mdx,235,fr-ca,https://manage.auth0.com/#/apis,rewritten,https://manage.auth0.com/dashboard/#/apis,http → https + new path,
main/docs/fr-ca/quickstart/backend/laravel/interactive.mdx,277,fr-ca,https://manage.auth0.com/dashboard/us/dev-gja8kxz4ndtex3rq,rewritten,https://manage.auth0.com/dashboard/#/,path changed,
main/docs/fr-ca/quickstart/backend/nodejs.mdx,142,fr-ca,https://manage.auth0.com/dashboard/,rewritten,https://manage.auth0.com/dashboard/#/,path changed,
main/docs/fr-ca/quickstart/backend/nodejs.mdx,317,fr-ca,https://manage.auth0.com/,unchanged-root,,,
main/docs/fr-ca/quickstart/backend/nodejs.mdx,360,fr-ca,https://manage.auth0.com/,unchanged-root,,,
main/docs/fr-ca/quickstart/backend/php/_index.mdx,44,fr-ca,https://manage.auth0.com/#/,unchanged-root,,,
main/docs/fr-ca/quickstart/backend/php/_index.mdx,52,fr-ca,https://manage.auth0.com/#/,unchanged-root,,,
main/docs/fr-ca/quickstart/backend/php/_index.mdx,183,fr-ca,https://manage.auth0.com/dashboard/us/dev-gja8kxz4ndtex3rq,rewritten,https://manage.auth0.com/dashboard/#/,path changed,
main/docs/fr-ca/quickstart/backend/php/index.mdx,23,fr-ca,https://manage.auth0.com/#/apis,rewritten,https://manage.auth0.com/dashboard/#/apis,http → https + new path,
main/docs/fr-ca/quickstart/backend/php/index.mdx,33,fr-ca,https://manage.auth0.com/#/apis,rewritten,https://manage.auth0.com/dashboard/#/apis,http → https + new path,
main/docs/fr-ca/quickstart/backend/php/interactive.mdx,49,fr-ca,https://manage.auth0.com/#/,unchanged-root,,,
main/docs/fr-ca/quickstart/backend/php/interactive.mdx,57,fr-ca,https://manage.auth0.com/#/,unchanged-root,,,
main/docs/fr-ca/quickstart/backend/php/interactive.mdx,156,fr-ca,https://manage.auth0.com/dashboard/us/dev-gja8kxz4ndtex3rq,rewritten,https://manage.auth0.com/dashboard/#/,path changed,
main/docs/fr-ca/quickstart/backend/python/02-using.mdx,148,fr-ca,https://manage.auth0.com/#/applications,rewritten,https://manage.auth0.com/dashboard/#/applications,http → https + new path,
main/docs/fr-ca/quickstart/backend/python/02-using.mdx,299,fr-ca,https://manage.auth0.com/#/apis,rewritten,https://manage.auth0.com/dashboard/#/apis,http → https + new path,
main/docs/fr-ca/quickstart/backend/python/index.mdx,65,fr-ca,https://manage.auth0.com/,unchanged-root,,,
main/docs/fr-ca/quickstart/backend/python/index.mdx,101,fr-ca,https://manage.auth0.com/,unchanged-root,,,
main/docs/fr-ca/quickstart/backend/python/index.mdx,247,fr-ca,https://manage.auth0.com/,unchanged-root,,,
main/docs/fr-ca/quickstart/backend/python/index.mdx,544,fr-ca,https://manage.auth0.com/,unchanged-root,,,
main/docs/fr-ca/quickstart/backend/rails/02-using.mdx,148,fr-ca,https://manage.auth0.com/#/applications,rewritten,https://manage.auth0.com/dashboard/#/applications,http → https + new path,
main/docs/fr-ca/quickstart/backend/rails/02-using.mdx,299,fr-ca,https://manage.auth0.com/#/apis,rewritten,https://manage.auth0.com/dashboard/#/apis,http → https + new path,
main/docs/fr-ca/quickstart/backend/rails/_index.mdx,50,fr-ca,https://manage.auth0.com/#/apis,rewritten,https://manage.auth0.com/dashboard/#/apis,http → https + new path,
main/docs/fr-ca/quickstart/backend/rails/_index.mdx,173,fr-ca,https://manage.auth0.com/#/apis,rewritten,https://manage.auth0.com/dashboard/#/apis,http → https + new path,
main/docs/fr-ca/quickstart/backend/rails/_index.mdx,373,fr-ca,https://manage.auth0.com/dashboard/us/dev-gja8kxz4ndtex3rq,rewritten,https://manage.auth0.com/dashboard/#/,path changed,
main/docs/fr-ca/quickstart/backend/rails/index.mdx,21,fr-ca,https://manage.auth0.com/#/apis,rewritten,https://manage.auth0.com/dashboard/#/apis,http → https + new path,
main/docs/fr-ca/quickstart/backend/rails/index.mdx,35,fr-ca,https://manage.auth0.com/#/apis,rewritten,https://manage.auth0.com/dashboard/#/apis,http → https + new path,
main/docs/fr-ca/quickstart/backend/rails/interactive.mdx,55,fr-ca,https://manage.auth0.com/#/apis,rewritten,https://manage.auth0.com/dashboard/#/apis,http → https + new path,
main/docs/fr-ca/quickstart/backend/rails/interactive.mdx,126,fr-ca,https://manage.auth0.com/#/apis,rewritten,https://manage.auth0.com/dashboard/#/apis,http → https + new path,
main/docs/fr-ca/quickstart/backend/rails/interactive.mdx,314,fr-ca,https://manage.auth0.com/dashboard/us/dev-gja8kxz4ndtex3rq,rewritten,https://manage.auth0.com/dashboard/#/,path changed,
main/docs/fr-ca/quickstart/backend/webapi-owin.mdx,32,fr-ca,https://manage.auth0.com/#/apis,rewritten,https://manage.auth0.com/dashboard/#/apis,http → https + new path,
main/docs/fr-ca/quickstart/backend/webapi-owin.mdx,42,fr-ca,https://manage.auth0.com/#/apis,rewritten,https://manage.auth0.com/dashboard/#/apis,http → https + new path,
main/docs/fr-ca/quickstart/native/android-facebook-login.mdx,79,fr-ca,https://manage.auth0.com/,unchanged-root,,,
main/docs/fr-ca/quickstart/native/android.mdx,108,fr-ca,https://manage.auth0.com/dashboard/,rewritten,https://manage.auth0.com/dashboard/#/,path changed,
main/docs/fr-ca/quickstart/native/android.mdx,382,fr-ca,https://manage.auth0.com/#/applications,rewritten,https://manage.auth0.com/dashboard/#/applications,http → https + new path,
main/docs/fr-ca/quickstart/native/android.mdx,438,fr-ca,https://manage.auth0.com/#/applications,rewritten,https://manage.auth0.com/dashboard/#/applications,http → https + new path,
main/docs/fr-ca/quickstart/native/device/_index.mdx,497,fr-ca,https://manage.auth0.com/dashboard/us/dev-gja8kxz4ndtex3rq,rewritten,https://manage.auth0.com/dashboard/#/,path changed,
main/docs/fr-ca/quickstart/native/device/index.mdx,34,fr-ca,https://manage.auth0.com/#,unchanged-root,,,
main/docs/fr-ca/quickstart/native/device/index.mdx,35,fr-ca,https://manage.auth0.com/#,unchanged-root,,,
main/docs/fr-ca/quickstart/native/device/index.mdx,221,fr-ca,https://manage.auth0.com/#/Applications/\{yourClientId}/settings,rewritten,https://manage.auth0.com/dashboard/#/applications/{yourClientId}/settings,path changed,
main/docs/fr-ca/quickstart/native/device/index.mdx,222,fr-ca,https://manage.auth0.com/#/apis,rewritten,https://manage.auth0.com/dashboard/#/apis,http → https + new path,
main/docs/fr-ca/quickstart/native/device/index.mdx,223,fr-ca,https://manage.auth0.com/#/apis,rewritten,https://manage.auth0.com/dashboard/#/apis,http → https + new path,
main/docs/fr-ca/quickstart/native/device/index.mdx,435,fr-ca,https://manage.auth0.com/#/Applications/\{yourClientId}/settings,rewritten,https://manage.auth0.com/dashboard/#/applications/{yourClientId}/settings,path changed,
main/docs/fr-ca/quickstart/native/device/index.mdx,860,fr-ca,https://manage.auth0.com/#/Applications/\{yourClientId}/settings,rewritten,https://manage.auth0.com/dashboard/#/applications/{yourClientId}/settings,path changed,
main/docs/fr-ca/quickstart/native/device/index.mdx,861,fr-ca,https://manage.auth0.com/#/Applications/\{yourClientSecret}/settings,rewritten,https://manage.auth0.com/dashboard/#/applications/{yourClientId}/settings,path changed,
main/docs/fr-ca/quickstart/native/device/interactive.mdx,474,fr-ca,https://manage.auth0.com/dashboard/us/dev-gja8kxz4ndtex3rq,rewritten,https://manage.auth0.com/dashboard/#/,path changed,
main/docs/fr-ca/quickstart/native/flutter-windows.mdx,98,fr-ca,https://manage.auth0.com/,unchanged-root,,,
main/docs/fr-ca/quickstart/native/flutter-windows.mdx,273,fr-ca,https://manage.auth0.com/,unchanged-root,,,
main/docs/fr-ca/quickstart/native/flutter-windows.mdx,282,fr-ca,https://manage.auth0.com/,unchanged-root,,,
main/docs/fr-ca/quickstart/native/flutter-windows.mdx,306,fr-ca,https://manage.auth0.com/,unchanged-root,,,
main/docs/fr-ca/quickstart/native/flutter.mdx,94,fr-ca,https://manage.auth0.com/dashboard/,rewritten,https://manage.auth0.com/dashboard/#/,path changed,
main/docs/fr-ca/quickstart/native/flutter.mdx,186,fr-ca,https://manage.auth0.com/#/applications,rewritten,https://manage.auth0.com/dashboard/#/applications,http → https + new path,
main/docs/fr-ca/quickstart/native/ionic-angular.mdx,98,fr-ca,https://manage.auth0.com/dashboard/,rewritten,https://manage.auth0.com/dashboard/#/,path changed,
main/docs/fr-ca/quickstart/native/ionic-angular.mdx,151,fr-ca,https://manage.auth0.com/dashboard/,rewritten,https://manage.auth0.com/dashboard/#/,path changed,
main/docs/fr-ca/quickstart/native/ionic-angular.mdx,709,fr-ca,https://manage.auth0.com/dashboard/,rewritten,https://manage.auth0.com/dashboard/#/,path changed,
main/docs/fr-ca/quickstart/native/ionic-angular.mdx,750,fr-ca,https://manage.auth0.com/dashboard/,rewritten,https://manage.auth0.com/dashboard/#/,path changed,
main/docs/fr-ca/quickstart/native/ionic-react.mdx,108,fr-ca,https://manage.auth0.com/dashboard/,rewritten,https://manage.auth0.com/dashboard/#/,path changed,
main/docs/fr-ca/quickstart/native/ionic-react.mdx,160,fr-ca,https://manage.auth0.com/dashboard/,rewritten,https://manage.auth0.com/dashboard/#/,path changed,
main/docs/fr-ca/quickstart/native/ionic-vue.mdx,123,fr-ca,https://manage.auth0.com/dashboard/,rewritten,https://manage.auth0.com/dashboard/#/,path changed,
main/docs/fr-ca/quickstart/native/ionic-vue.mdx,163,fr-ca,https://manage.auth0.com/#/applications,rewritten,https://manage.auth0.com/dashboard/#/applications,http → https + new path,
main/docs/fr-ca/quickstart/native/ios-swift-facebook-login.mdx,85,fr-ca,https://manage.auth0.com/,unchanged-root,,,
main/docs/fr-ca/quickstart/native/ios-swift.mdx,106,fr-ca,https://manage.auth0.com/dashboard/,rewritten,https://manage.auth0.com/dashboard/#/,path changed,
main/docs/fr-ca/quickstart/native/kotlin-multiplatform.mdx,87,fr-ca,https://manage.auth0.com/dashboard/,rewritten,https://manage.auth0.com/dashboard/#/,path changed,
main/docs/fr-ca/quickstart/native/maui.mdx,64,fr-ca,https://manage.auth0.com/dashboard/,rewritten,https://manage.auth0.com/dashboard/#/,path changed,
main/docs/fr-ca/quickstart/native/net-android-ios/index.mdx,143,fr-ca,https://manage.auth0.com/dashboard/,rewritten,https://manage.auth0.com/dashboard/#/,path changed,
main/docs/fr-ca/quickstart/native/net-android-ios/interactive.mdx,56,fr-ca,https://manage.auth0.com/#/,unchanged-root,,,
main/docs/fr-ca/quickstart/native/net-android-ios/interactive.mdx,95,fr-ca,https://manage.auth0.com/#/applications/,rewritten,https://manage.auth0.com/dashboard/#/applications,http → https + new path,
main/docs/fr-ca/quickstart/native/net-android-ios/interactive.mdx,278,fr-ca,https://manage.auth0.com/dashboard/us/dev-gja8kxz4ndtex3rq,rewritten,https://manage.auth0.com/dashboard/#/,path changed,
main/docs/fr-ca/quickstart/native/react-native-expo.mdx,117,fr-ca,https://manage.auth0.com/dashboard/,rewritten,https://manage.auth0.com/dashboard/#/,path changed,
main/docs/fr-ca/quickstart/native/react-native.mdx,78,fr-ca,https://manage.auth0.com/dashboard/,rewritten,https://manage.auth0.com/dashboard/#/,path changed,
main/docs/fr-ca/quickstart/native/windows-uwp-csharp.mdx,36,fr-ca,https://manage.auth0.com/,unchanged-root,,,
main/docs/fr-ca/quickstart/native/wpf-winforms.mdx,83,fr-ca,https://manage.auth0.com,unchanged-root,,,
main/docs/fr-ca/quickstart/spa/angular.mdx,137,fr-ca,https://manage.auth0.com/dashboard/,rewritten,https://manage.auth0.com/dashboard/#/,path changed,
main/docs/fr-ca/quickstart/spa/capn-web.mdx,1225,fr-ca,https://manage.auth0.com/dashboard/,rewritten,https://manage.auth0.com/dashboard/#/,path changed,
main/docs/fr-ca/quickstart/spa/flutter.mdx,128,fr-ca,https://manage.auth0.com/dashboard/,rewritten,https://manage.auth0.com/dashboard/#/,path changed,
main/docs/fr-ca/quickstart/spa/react.mdx,125,fr-ca,https://manage.auth0.com/dashboard/,rewritten,https://manage.auth0.com/dashboard/#/,path changed,
main/docs/fr-ca/quickstart/spa/svelte.mdx,198,fr-ca,https://manage.auth0.com/dashboard/,rewritten,https://manage.auth0.com/dashboard/#/,path changed,
main/docs/fr-ca/quickstart/spa/vanillajs.mdx,936,fr-ca,https://manage.auth0.com/dashboard/,rewritten,https://manage.auth0.com/dashboard/#/,path changed,
main/docs/fr-ca/quickstart/spa/vuejs.mdx,126,fr-ca,https://manage.auth0.com/dashboard/,rewritten,https://manage.auth0.com/dashboard/#/,path changed,
main/docs/fr-ca/quickstart/webapp/apache/index.mdx,88,fr-ca,https://manage.auth0.com/,unchanged-root,,,
main/docs/fr-ca/quickstart/webapp/apache/index.mdx,126,fr-ca,https://manage.auth0.com/,unchanged-root,,,
main/docs/fr-ca/quickstart/webapp/aspnet-core-blazor-server.mdx,121,fr-ca,https://manage.auth0.com/dashboard/,rewritten,https://manage.auth0.com/dashboard/#/,path changed,
main/docs/fr-ca/quickstart/webapp/aspnet-core.mdx,120,fr-ca,https://manage.auth0.com/dashboard/,rewritten,https://manage.auth0.com/dashboard/#/,path changed,
main/docs/fr-ca/quickstart/webapp/aspnet-owin.mdx,73,fr-ca,https://manage.auth0.com/#/applications,rewritten,https://manage.auth0.com/dashboard/#/applications,http → https + new path,
main/docs/fr-ca/quickstart/webapp/django/_index.mdx,46,fr-ca,https://manage.auth0.com/dashboard/us/auth0-dsepaid/,rewritten,https://manage.auth0.com/dashboard/#/,path changed,
main/docs/fr-ca/quickstart/webapp/django/_index.mdx,254,fr-ca,https://manage.auth0.com/dashboard/us/dev-gja8kxz4ndtex3rq,rewritten,https://manage.auth0.com/dashboard/#/,path changed,
main/docs/fr-ca/quickstart/webapp/django/index.mdx,23,fr-ca,https://manage.auth0.com/#/applications,rewritten,https://manage.auth0.com/dashboard/#/applications,http → https + new path,
main/docs/fr-ca/quickstart/webapp/django/index.mdx,39,fr-ca,https://manage.auth0.com/#/applications,rewritten,https://manage.auth0.com/dashboard/#/applications,http → https + new path,
main/docs/fr-ca/quickstart/webapp/django/index.mdx,47,fr-ca,https://manage.auth0.com/#/applications,rewritten,https://manage.auth0.com/dashboard/#/applications,http → https + new path,
main/docs/fr-ca/quickstart/webapp/django/interactive.mdx,48,fr-ca,https://manage.auth0.com/dashboard/us/auth0-dsepaid/,rewritten,https://manage.auth0.com/dashboard/#/,path changed,
main/docs/fr-ca/quickstart/webapp/django/interactive.mdx,194,fr-ca,https://manage.auth0.com/dashboard/us/dev-gja8kxz4ndtex3rq,rewritten,https://manage.auth0.com/dashboard/#/,path changed,
main/docs/fr-ca/quickstart/webapp/express-beta.mdx,146,fr-ca,https://manage.auth0.com/,unchanged-root,,,
main/docs/fr-ca/quickstart/webapp/express-beta.mdx,410,fr-ca,https://manage.auth0.com/,unchanged-root,,,
main/docs/fr-ca/quickstart/webapp/express.mdx,151,fr-ca,https://manage.auth0.com/dashboard/,rewritten,https://manage.auth0.com/dashboard/#/,path changed,
main/docs/fr-ca/quickstart/webapp/fastapi.mdx,493,fr-ca,https://manage.auth0.com/dashboard/,rewritten,https://manage.auth0.com/dashboard/#/,path changed,
main/docs/fr-ca/quickstart/webapp/fastapi.mdx,1067,fr-ca,https://manage.auth0.com/,unchanged-root,,,
main/docs/fr-ca/quickstart/webapp/fastify.mdx,160,fr-ca,https://manage.auth0.com/dashboard/,rewritten,https://manage.auth0.com/dashboard/#/,path changed,
main/docs/fr-ca/quickstart/webapp/golang.mdx,141,fr-ca,https://manage.auth0.com/dashboard/,rewritten,https://manage.auth0.com/dashboard/#/,path changed,
main/docs/fr-ca/quickstart/webapp/hono.mdx,107,fr-ca,https://manage.auth0.com/dashboard/,rewritten,https://manage.auth0.com/dashboard/#/,path changed,
main/docs/fr-ca/quickstart/webapp/java-ee.mdx,144,fr-ca,https://manage.auth0.com/#/applications,rewritten,https://manage.auth0.com/dashboard/#/applications,http → https + new path,
main/docs/fr-ca/quickstart/webapp/java-spring-boot.mdx,159,fr-ca,https://manage.auth0.com,unchanged-root,,,
main/docs/fr-ca/quickstart/webapp/java-spring-boot.mdx,404,fr-ca,https://manage.auth0.com,unchanged-root,,,
main/docs/fr-ca/quickstart/webapp/java-spring-boot.mdx,486,fr-ca,https://manage.auth0.com,unchanged-root,,,
main/docs/fr-ca/quickstart/webapp/java-spring-boot.mdx,570,fr-ca,https://manage.auth0.com/,unchanged-root,,,
main/docs/fr-ca/quickstart/webapp/java.mdx,128,fr-ca,https://manage.auth0.com/dashboard,rewritten,https://manage.auth0.com/dashboard/#/,path changed,
main/docs/fr-ca/quickstart/webapp/java.mdx,650,fr-ca,https://manage.auth0.com/,unchanged-root,,,
main/docs/fr-ca/quickstart/webapp/laravel/_index.mdx,177,fr-ca,https://manage.auth0.com/dashboard/us/dev-gja8kxz4ndtex3rq/apis/,rewritten,https://manage.auth0.com/dashboard/#/apis,path changed,
main/docs/fr-ca/quickstart/webapp/laravel/_index.mdx,259,fr-ca,https://manage.auth0.com/dashboard/us/dev-gja8kxz4ndtex3rq,rewritten,https://manage.auth0.com/dashboard/#/,path changed,
main/docs/fr-ca/quickstart/webapp/laravel/index.mdx,144,fr-ca,https://manage.auth0.com/#/apis/,rewritten,https://manage.auth0.com/dashboard/#/apis,http → https + new path,
main/docs/fr-ca/quickstart/webapp/laravel/index.mdx,200,fr-ca,https://manage.auth0.com/#/apis/,rewritten,https://manage.auth0.com/dashboard/#/apis,http → https + new path,
main/docs/fr-ca/quickstart/webapp/laravel/interactive.mdx,127,fr-ca,https://manage.auth0.com/,unchanged-root,,,
main/docs/fr-ca/quickstart/webapp/laravel/interactive.mdx,244,fr-ca,https://manage.auth0.com/,unchanged-root,,,
main/docs/fr-ca/quickstart/webapp/laravel/interactive.mdx,310,fr-ca,https://manage.auth0.com/,unchanged-root,,,
main/docs/fr-ca/quickstart/webapp/laravel/interactive.mdx,374,fr-ca,https://manage.auth0.com/,unchanged-root,,,
main/docs/fr-ca/quickstart/webapp/laravel/interactive.mdx,389,fr-ca,https://manage.auth0.com/,unchanged-root,,,
main/docs/fr-ca/quickstart/webapp/nextjs.mdx,165,fr-ca,https://manage.auth0.com/dashboard/,rewritten,https://manage.auth0.com/dashboard/#/,path changed,
main/docs/fr-ca/quickstart/webapp/nginx-plus/_index.mdx,166,fr-ca,https://manage.auth0.com/dashboard/us/dev-gja8kxz4ndtex3rq,rewritten,https://manage.auth0.com/dashboard/#/,path changed,
main/docs/fr-ca/quickstart/webapp/nginx-plus/interactive.mdx,119,fr-ca,https://manage.auth0.com/dashboard/us/dev-gja8kxz4ndtex3rq,rewritten,https://manage.auth0.com/dashboard/#/,path changed,
main/docs/fr-ca/quickstart/webapp/nuxt.mdx,117,fr-ca,https://manage.auth0.com/dashboard/,rewritten,https://manage.auth0.com/dashboard/#/,path changed,
main/docs/fr-ca/quickstart/webapp/php/_index.mdx,44,fr-ca,https://manage.auth0.com/#/,unchanged-root,,,
main/docs/fr-ca/quickstart/webapp/php/_index.mdx,280,fr-ca,https://manage.auth0.com/dashboard/us/dev-gja8kxz4ndtex3rq,rewritten,https://manage.auth0.com/dashboard/#/,path changed,
main/docs/fr-ca/quickstart/webapp/php/index.mdx,23,fr-ca,https://manage.auth0.com/#/applications,rewritten,https://manage.auth0.com/dashboard/#/applications,http → https + new path,
main/docs/fr-ca/quickstart/webapp/php/index.mdx,39,fr-ca,https://manage.auth0.com/#/applications,rewritten,https://manage.auth0.com/dashboard/#/applications,http → https + new path,
main/docs/fr-ca/quickstart/webapp/php/index.mdx,47,fr-ca,https://manage.auth0.com/#/applications,rewritten,https://manage.auth0.com/dashboard/#/applications,http → https + new path,
main/docs/fr-ca/quickstart/webapp/php/interactive.mdx,49,fr-ca,https://manage.auth0.com/#/,unchanged-root,,,
main/docs/fr-ca/quickstart/webapp/php/interactive.mdx,217,fr-ca,https://manage.auth0.com/dashboard/us/dev-gja8kxz4ndtex3rq,rewritten,https://manage.auth0.com/dashboard/#/,path changed,
main/docs/fr-ca/quickstart/webapp/python.mdx,109,fr-ca,https://manage.auth0.com/dashboard/,rewritten,https://manage.auth0.com/dashboard/#/,path changed,
main/docs/fr-ca/quickstart/webapp/python.mdx,736,fr-ca,https://manage.auth0.com/dashboard/,rewritten,https://manage.auth0.com/dashboard/#/,path changed,
main/docs/fr-ca/quickstart/webapp/rails/_index.mdx,41,fr-ca,https://manage.auth0.com/#/,unchanged-root,,,
main/docs/fr-ca/quickstart/webapp/rails/_index.mdx,285,fr-ca,https://manage.auth0.com/dashboard/us/dev-gja8kxz4ndtex3rq,rewritten,https://manage.auth0.com/dashboard/#/,path changed,
main/docs/fr-ca/quickstart/webapp/rails/index.mdx,23,fr-ca,https://manage.auth0.com/#/applications,rewritten,https://manage.auth0.com/dashboard/#/applications,http → https + new path,
main/docs/fr-ca/quickstart/webapp/rails/index.mdx,39,fr-ca,https://manage.auth0.com/#/applications,rewritten,https://manage.auth0.com/dashboard/#/applications,http → https + new path,
main/docs/fr-ca/quickstart/webapp/rails/index.mdx,47,fr-ca,https://manage.auth0.com/#/applications,rewritten,https://manage.auth0.com/dashboard/#/applications,http → https + new path,
main/docs/fr-ca/quickstart/webapp/rails/interactive.mdx,46,fr-ca,https://manage.auth0.com/#/,unchanged-root,,,
main/docs/fr-ca/quickstart/webapp/rails/interactive.mdx,217,fr-ca,https://manage.auth0.com/dashboard/us/dev-gja8kxz4ndtex3rq,rewritten,https://manage.auth0.com/dashboard/#/,path changed,
main/docs/fr-ca/quickstart/webapp/tanstack-start.mdx,185,fr-ca,https://manage.auth0.com/dashboard/,rewritten,https://manage.auth0.com/dashboard/#/,path changed,
main/docs/fr-ca/secure/attack-protection.mdx,9,fr-ca,https://manage.auth0.com/#/security/attack-protection,rewritten,https://manage.auth0.com/dashboard/#/security/attack-protection,add /dashboard/ prefix,
main/docs/fr-ca/secure/attack-protection/bot-detection.mdx,23,fr-ca,https://manage.auth0.com/#,unchanged-root,,,
main/docs/fr-ca/secure/attack-protection/bot-detection.mdx,25,fr-ca,https://manage.auth0.com/#/security/attack-protection,rewritten,https://manage.auth0.com/dashboard/#/security/attack-protection,add /dashboard/ prefix,
main/docs/fr-ca/secure/attack-protection/bot-detection.mdx,31,fr-ca,https://manage.auth0.com/#/tenant/billing/subscription,rewritten,https://manage.auth0.com/dashboard/#/tenant/billing/subscription,add /dashboard/ prefix,
main/docs/fr-ca/secure/attack-protection/bot-detection.mdx,78,fr-ca,https://manage.auth0.com/#/security/attack-protection,rewritten,https://manage.auth0.com/dashboard/#/security/attack-protection,add /dashboard/ prefix,
main/docs/fr-ca/secure/attack-protection/bot-detection.mdx,98,fr-ca,https://manage.auth0.com/#/security/attack-protection,rewritten,https://manage.auth0.com/dashboard/#/security/attack-protection,add /dashboard/ prefix,
main/docs/fr-ca/secure/attack-protection/bot-detection/bot-detection-custom-login-pages.mdx,18,fr-ca,https://manage.auth0.com/#/login_settings,rewritten,https://manage.auth0.com/dashboard/#/login_settings,add /dashboard/ prefix,
main/docs/fr-ca/secure/attack-protection/bot-detection/bot-detection-passwordless-flows.mdx,18,fr-ca,https://manage.auth0.com/dashboard,rewritten,https://manage.auth0.com/dashboard/#/,path changed,
main/docs/fr-ca/secure/attack-protection/bot-detection/bot-detection-passwordless-flows.mdx,18,fr-ca,https://manage.auth0.com/dashboard/#/security/attack-protection/bot-detection,unchanged-new,,already in new form,
main/docs/fr-ca/secure/attack-protection/breached-password-detection.mdx,35,fr-ca,https://manage.auth0.com/#/security/attack-protection,rewritten,https://manage.auth0.com/dashboard/#/security/attack-protection,add /dashboard/ prefix,
main/docs/fr-ca/secure/attack-protection/breached-password-detection.mdx,47,fr-ca,https://manage.auth0.com/#/tenant/billing/subscription,rewritten,https://manage.auth0.com/dashboard/#/tenant/billing/subscription,add /dashboard/ prefix,
main/docs/fr-ca/secure/attack-protection/breached-password-detection.mdx,54,fr-ca,https://manage.auth0.com/#/security/attack-protection,rewritten,https://manage.auth0.com/dashboard/#/security/attack-protection,add /dashboard/ prefix,
main/docs/fr-ca/secure/attack-protection/breached-password-detection.mdx,64,fr-ca,https://manage.auth0.com/#/security/attack-protection,rewritten,https://manage.auth0.com/dashboard/#/security/attack-protection,add /dashboard/ prefix,
main/docs/fr-ca/secure/attack-protection/breached-password-detection.mdx,80,fr-ca,https://manage.auth0.com/#/security/attack-protection,rewritten,https://manage.auth0.com/dashboard/#/security/attack-protection,add /dashboard/ prefix,
main/docs/fr-ca/secure/attack-protection/breached-password-detection.mdx,109,fr-ca,https://manage.auth0.com/#/templates,rewritten,https://manage.auth0.com/dashboard/#/pages,path changed,
main/docs/fr-ca/secure/attack-protection/breached-password-detection.mdx,127,fr-ca,https://manage.auth0.com/#/logs,rewritten,https://manage.auth0.com/dashboard/#/logging/logs,path changed,
main/docs/fr-ca/secure/attack-protection/breached-password-detection.mdx,134,fr-ca,https://manage.auth0.com/#/users,rewritten,https://manage.auth0.com/dashboard/#/users,add /dashboard/ prefix,
main/docs/fr-ca/secure/attack-protection/breached-password-detection.mdx,137,fr-ca,https://manage.auth0.com/#/logs,rewritten,https://manage.auth0.com/dashboard/#/logging/logs,path changed,
main/docs/fr-ca/secure/attack-protection/breached-password-detection.mdx,139,fr-ca,https://manage.auth0.com/#/users,rewritten,https://manage.auth0.com/dashboard/#/users,add /dashboard/ prefix,
main/docs/fr-ca/secure/attack-protection/breached-password-detection.mdx,145,fr-ca,https://manage.auth0.com/#/users,rewritten,https://manage.auth0.com/dashboard/#/users,add /dashboard/ prefix,
main/docs/fr-ca/secure/attack-protection/breached-password-detection.mdx,148,fr-ca,https://manage.auth0.com/#/logs,rewritten,https://manage.auth0.com/dashboard/#/logging/logs,path changed,
main/docs/fr-ca/secure/attack-protection/breached-password-detection.mdx,150,fr-ca,https://manage.auth0.com/#/users,rewritten,https://manage.auth0.com/dashboard/#/users,add /dashboard/ prefix,
main/docs/fr-ca/secure/attack-protection/brute-force-protection.mdx,20,fr-ca,https://manage.auth0.com/#/security/attack-protection/brute-force,rewritten,https://manage.auth0.com/dashboard/#/security/attack-protection/brute-force,add /dashboard/ prefix,
main/docs/fr-ca/secure/attack-protection/configure-akamai-supplemental-signals.mdx,513,fr-ca,https://manage.auth0.com/dashboard/#/security/attack-protection,unchanged-new,,already in new form,
main/docs/fr-ca/secure/attack-protection/playbooks/signup-attack-playbook.mdx,20,fr-ca,https://manage.auth0.com/#/security/center/overview,rewritten,https://manage.auth0.com/dashboard/#/security/center/overview,add /dashboard/ prefix,
main/docs/fr-ca/secure/attack-protection/suspicious-ip-throttling.mdx,14,fr-ca,https://manage.auth0.com/#,unchanged-root,,,
main/docs/fr-ca/secure/attack-protection/suspicious-ip-throttling.mdx,20,fr-ca,https://manage.auth0.com/#/security/attack-protection,rewritten,https://manage.auth0.com/dashboard/#/security/attack-protection,add /dashboard/ prefix,
main/docs/fr-ca/secure/attack-protection/suspicious-ip-throttling.mdx,29,fr-ca,https://manage.auth0.com/#/security/attack-protection,rewritten,https://manage.auth0.com/dashboard/#/security/attack-protection,add /dashboard/ prefix,
main/docs/fr-ca/secure/attack-protection/suspicious-ip-throttling.mdx,42,fr-ca,https://manage.auth0.com/#/security/attack-protection,rewritten,https://manage.auth0.com/dashboard/#/security/attack-protection,add /dashboard/ prefix,
main/docs/fr-ca/secure/attack-protection/suspicious-ip-throttling.mdx,57,fr-ca,https://manage.auth0.com/#/security/attack-protection,rewritten,https://manage.auth0.com/dashboard/#/security/attack-protection,add /dashboard/ prefix,
main/docs/fr-ca/secure/call-apis-on-users-behalf/on-behalf-of-token-exchange.mdx,280,fr-ca,https://manage.auth0.com/#/apis,rewritten,https://manage.auth0.com/dashboard/#/apis,http → https + new path,
main/docs/fr-ca/secure/call-apis-on-users-behalf/on-behalf-of-token-exchange.mdx,337,fr-ca,https://manage.auth0.com/#/applications,rewritten,https://manage.auth0.com/dashboard/#/applications,http → https + new path,
main/docs/fr-ca/secure/call-apis-on-users-behalf/token-vault/connected-accounts-for-token-vault.mdx,91,fr-ca,https://manage.auth0.com,unchanged-root,,,
main/docs/fr-ca/secure/call-apis-on-users-behalf/token-vault/connected-accounts-for-token-vault.mdx,178,fr-ca,https://manage.auth0.com,unchanged-root,,,
main/docs/fr-ca/secure/data-privacy-and-compliance/gdpr/gdpr-conditions-for-consent.mdx,1074,fr-ca,https://manage.auth0.com/#/rules,rewritten,https://manage.auth0.com/dashboard/#/rules,add /dashboard/ prefix,
main/docs/fr-ca/secure/data-privacy-and-compliance/gdpr/gdpr-data-portability.mdx,16,fr-ca,https://manage.auth0.com/#/users,rewritten,https://manage.auth0.com/dashboard/#/users,add /dashboard/ prefix,
main/docs/fr-ca/secure/data-privacy-and-compliance/gdpr/gdpr-right-to-access-correct-and-erase-data.mdx,16,fr-ca,https://manage.auth0.com/#/users,rewritten,https://manage.auth0.com/dashboard/#/users,add /dashboard/ prefix,
main/docs/fr-ca/secure/data-privacy-and-compliance/gdpr/gdpr-track-consent-with-custom-ui.mdx,51,fr-ca,https://manage.auth0.com/#/applications,rewritten,https://manage.auth0.com/dashboard/#/applications,http → https + new path,
main/docs/fr-ca/secure/data-privacy-and-compliance/gdpr/gdpr-track-consent-with-custom-ui.mdx,57,fr-ca,https://manage.auth0.com/#/connections/database,rewritten,https://manage.auth0.com/dashboard/#/authentication/database,http → https + new path,
main/docs/fr-ca/secure/data-privacy-and-compliance/gdpr/gdpr-track-consent-with-custom-ui.mdx,63,fr-ca,https://manage.auth0.com/#/login_settings,rewritten,https://manage.auth0.com/dashboard/#/login_settings,add /dashboard/ prefix,
main/docs/fr-ca/secure/data-privacy-and-compliance/gdpr/gdpr-track-consent-with-custom-ui.mdx,108,fr-ca,https://manage.auth0.com/#/users,rewritten,https://manage.auth0.com/dashboard/#/users,add /dashboard/ prefix,
main/docs/fr-ca/secure/data-privacy-and-compliance/gdpr/gdpr-track-consent-with-custom-ui.mdx,437,fr-ca,https://manage.auth0.com/#/rules,rewritten,https://manage.auth0.com/dashboard/#/rules,add /dashboard/ prefix,
main/docs/fr-ca/secure/data-privacy-and-compliance/gdpr/gdpr-track-consent-with-custom-ui.mdx,468,fr-ca,https://manage.auth0.com/#/rules,rewritten,https://manage.auth0.com/dashboard/#/rules,add /dashboard/ prefix,
main/docs/fr-ca/secure/data-privacy-and-compliance/gdpr/gdpr-track-consent-with-custom-ui.mdx,486,fr-ca,https://manage.auth0.com/#/users,rewritten,https://manage.auth0.com/dashboard/#/users,add /dashboard/ prefix,
main/docs/fr-ca/secure/data-privacy-and-compliance/gdpr/gdpr-track-consent-with-lock.mdx,44,fr-ca,https://manage.auth0.com/#/applications,rewritten,https://manage.auth0.com/dashboard/#/applications,http → https + new path,
main/docs/fr-ca/secure/data-privacy-and-compliance/gdpr/gdpr-track-consent-with-lock.mdx,49,fr-ca,https://manage.auth0.com/#/connections/database,rewritten,https://manage.auth0.com/dashboard/#/authentication/database,http → https + new path,
main/docs/fr-ca/secure/data-privacy-and-compliance/gdpr/gdpr-track-consent-with-lock.mdx,49,fr-ca,https://manage.auth0.com/#/connections/social,rewritten,https://manage.auth0.com/dashboard/#/connections,path changed,
main/docs/fr-ca/secure/data-privacy-and-compliance/gdpr/gdpr-track-consent-with-lock.mdx,59,fr-ca,https://manage.auth0.com/#/login_page,rewritten,https://manage.auth0.com/dashboard/#/login_page,add /dashboard/ prefix,
main/docs/fr-ca/secure/data-privacy-and-compliance/gdpr/gdpr-track-consent-with-lock.mdx,103,fr-ca,https://manage.auth0.com/#/actions/flows/login/,rewritten,https://manage.auth0.com/dashboard/#/actions/triggers/post-login,path changed,
main/docs/fr-ca/secure/data-privacy-and-compliance/gdpr/gdpr-track-consent-with-lock.mdx,111,fr-ca,https://manage.auth0.com/#/login_page,rewritten,https://manage.auth0.com/dashboard/#/login_page,add /dashboard/ prefix,
main/docs/fr-ca/secure/data-privacy-and-compliance/gdpr/gdpr-track-consent-with-lock.mdx,185,fr-ca,https://manage.auth0.com/#/actions/flows/login/,rewritten,https://manage.auth0.com/dashboard/#/actions/triggers/post-login,path changed,
main/docs/fr-ca/secure/data-privacy-and-compliance/gdpr/gdpr-track-consent-with-lock.mdx,219,fr-ca,https://manage.auth0.com/#/users,rewritten,https://manage.auth0.com/dashboard/#/users,add /dashboard/ prefix,
main/docs/fr-ca/secure/multi-factor-authentication/adaptive-mfa/enable-adaptive-mfa.mdx,20,fr-ca,https://manage.auth0.com/#/security/mfa,rewritten,https://manage.auth0.com/dashboard/#/authentication/mfa,path changed,
main/docs/fr-ca/secure/multi-factor-authentication/adaptive-mfa/enable-adaptive-mfa.mdx,40,fr-ca,https://manage.auth0.com/#/connections/database,rewritten,https://manage.auth0.com/dashboard/#/authentication/database,http → https + new path,
main/docs/fr-ca/secure/multi-factor-authentication/adaptive-mfa/enable-adaptive-mfa.mdx,64,fr-ca,https://manage.auth0.com/#/security/mfa,rewritten,https://manage.auth0.com/dashboard/#/authentication/mfa,path changed,
main/docs/fr-ca/secure/multi-factor-authentication/auth0-guardian.mdx,32,fr-ca,https://manage.auth0.com/#/security/mfa/guardian,rewritten,https://manage.auth0.com/dashboard/#/authentication/mfa/guardian,path changed,
main/docs/fr-ca/secure/multi-factor-authentication/auth0-guardian.mdx,77,fr-ca,https://manage.auth0.com/#/security/mfa,rewritten,https://manage.auth0.com/dashboard/#/authentication/mfa,path changed,
main/docs/fr-ca/secure/multi-factor-authentication/auth0-guardian.mdx,245,fr-ca,https://manage.auth0.com/dashboard/#/tenant/general,unchanged-new,,already in new form,
main/docs/fr-ca/secure/multi-factor-authentication/auth0-guardian/guardian-for-android-sdk.mdx,21,fr-ca,https://manage.auth0.com/#/security/mfa/guardian,rewritten,https://manage.auth0.com/dashboard/#/authentication/mfa/guardian,path changed,
main/docs/fr-ca/secure/multi-factor-authentication/auth0-guardian/guardian-for-android-sdk.mdx,152,fr-ca,https://manage.auth0.com/#/users,rewritten,https://manage.auth0.com/dashboard/#/users,add /dashboard/ prefix,
main/docs/fr-ca/secure/multi-factor-authentication/auth0-guardian/guardian-for-ios-sdk.mdx,33,fr-ca,https://manage.auth0.com/#/guardian,rewritten,https://manage.auth0.com/dashboard/#/authentication/mfa/guardian,path changed,
main/docs/fr-ca/secure/multi-factor-authentication/auth0-guardian/guardian-for-ios-sdk.mdx,201,fr-ca,https://manage.auth0.com/#/users,rewritten,https://manage.auth0.com/dashboard/#/users,add /dashboard/ prefix,
main/docs/fr-ca/secure/multi-factor-authentication/authenticate-using-ropg-flow-with-mfa.mdx,14,fr-ca,https://manage.auth0.com/#/applications,rewritten,https://manage.auth0.com/dashboard/#/applications,http → https + new path,
main/docs/fr-ca/secure/multi-factor-authentication/authenticate-using-ropg-flow-with-mfa/enroll-and-challenge-email-authenticators.mdx,20,fr-ca,https://manage.auth0.com/#/applications,rewritten,https://manage.auth0.com/dashboard/#/applications,http → https + new path,
main/docs/fr-ca/secure/multi-factor-authentication/authenticate-using-ropg-flow-with-mfa/enroll-and-challenge-otp-authenticators.mdx,14,fr-ca,https://manage.auth0.com/#/applications,rewritten,https://manage.auth0.com/dashboard/#/applications,http → https + new path,
main/docs/fr-ca/secure/multi-factor-authentication/authenticate-using-ropg-flow-with-mfa/enroll-and-challenge-push-authenticators.mdx,16,fr-ca,https://manage.auth0.com/#/applications,rewritten,https://manage.auth0.com/dashboard/#/applications,http → https + new path,
main/docs/fr-ca/secure/multi-factor-authentication/authenticate-using-ropg-flow-with-mfa/enroll-challenge-sms-voice-authenticators.mdx,13,fr-ca,https://manage.auth0.com/#/applications,rewritten,https://manage.auth0.com/dashboard/#/applications,http → https + new path,
main/docs/fr-ca/secure/multi-factor-authentication/configure-cisco-duo-for-mfa.mdx,25,fr-ca,https://manage.auth0.com/#/security/mfa/duo,rewritten,https://manage.auth0.com/dashboard/#/authentication/mfa/duo,path changed,
main/docs/fr-ca/secure/multi-factor-authentication/configure-recovery-codes-for-mfa.mdx,27,fr-ca,https://manage.auth0.com/#/security/mfa,rewritten,https://manage.auth0.com/dashboard/#/authentication/mfa,path changed,
main/docs/fr-ca/secure/multi-factor-authentication/customize-mfa.mdx,10,fr-ca,https://manage.auth0.com/#/login_settings,rewritten,https://manage.auth0.com/dashboard/#/login_settings,add /dashboard/ prefix,
main/docs/fr-ca/secure/multi-factor-authentication/customize-mfa.mdx,28,fr-ca,https://manage.auth0.com/#/applications,rewritten,https://manage.auth0.com/dashboard/#/applications,http → https + new path,
main/docs/fr-ca/secure/multi-factor-authentication/customize-mfa.mdx,132,fr-ca,https://manage.auth0.com/#/security/mfa,rewritten,https://manage.auth0.com/dashboard/#/authentication/mfa,path changed,
main/docs/fr-ca/secure/multi-factor-authentication/customize-mfa/customize-mfa-classic-login.mdx,6,fr-ca,https://manage.auth0.com/#/security/mfa,rewritten,https://manage.auth0.com/dashboard/#/authentication/mfa,path changed,
main/docs/fr-ca/secure/multi-factor-authentication/customize-mfa/customize-mfa-classic-login.mdx,14,fr-ca,https://manage.auth0.com/#/mfa_page,rewritten,https://manage.auth0.com/dashboard/#/mfa_page,add /dashboard/ prefix,
main/docs/fr-ca/secure/multi-factor-authentication/customize-mfa/customize-mfa-enrollments-universal-login.mdx,120,fr-ca,https://manage.auth0.com/#/security/mfa,rewritten,https://manage.auth0.com/dashboard/#/authentication/mfa,path changed,
main/docs/fr-ca/secure/multi-factor-authentication/customize-mfa/customize-mfa-enrollments-universal-login.mdx,150,fr-ca,https://manage.auth0.com/#/actions/flows,rewritten,https://manage.auth0.com/dashboard/#/actions/triggers,path changed,
main/docs/fr-ca/secure/multi-factor-authentication/customize-mfa/customize-mfa-enrollments-universal-login.mdx,165,fr-ca,https://manage.auth0.com/#/actions/library,rewritten,https://manage.auth0.com/dashboard/#/actions/custom,path changed,
main/docs/fr-ca/secure/multi-factor-authentication/customize-mfa/customize-mfa-enrollments-universal-login.mdx,171,fr-ca,https://manage.auth0.com/#/authentication-profiles,rewritten,https://manage.auth0.com/dashboard/#/authentication/authentication-profile,path changed,
main/docs/fr-ca/secure/multi-factor-authentication/customize-mfa/customize-mfa-enrollments-universal-login.mdx,175,fr-ca,https://manage.auth0.com/#/actions/library,rewritten,https://manage.auth0.com/dashboard/#/actions/custom,path changed,
main/docs/fr-ca/secure/multi-factor-authentication/customize-mfa/customize-mfa-enrollments-universal-login.mdx,193,fr-ca,https://manage.auth0.com/#/logs,rewritten,https://manage.auth0.com/dashboard/#/logging/logs,path changed,
main/docs/fr-ca/secure/multi-factor-authentication/customize-mfa/customize-mfa-enrollments-universal-login.mdx,209,fr-ca,https://manage.auth0.com/#/security/mfa,rewritten,https://manage.auth0.com/dashboard/#/authentication/mfa,path changed,
main/docs/fr-ca/secure/multi-factor-authentication/customize-mfa/customize-mfa-enrollments-universal-login.mdx,212,fr-ca,https://manage.auth0.com/#/actions/library,rewritten,https://manage.auth0.com/dashboard/#/actions/custom,path changed,
main/docs/fr-ca/secure/multi-factor-authentication/customize-mfa/customize-mfa-enrollments-universal-login.mdx,213,fr-ca,https://manage.auth0.com/#/security/mfa,rewritten,https://manage.auth0.com/dashboard/#/authentication/mfa,path changed,
main/docs/fr-ca/secure/multi-factor-authentication/customize-mfa/customize-mfa-enrollments-universal-login.mdx,216,fr-ca,https://manage.auth0.com/#/actions/library,rewritten,https://manage.auth0.com/dashboard/#/actions/custom,path changed,
main/docs/fr-ca/secure/multi-factor-authentication/customize-mfa/customize-mfa-enrollments-universal-login.mdx,217,fr-ca,https://manage.auth0.com/#/actions/flows,rewritten,https://manage.auth0.com/dashboard/#/actions/triggers,path changed,
main/docs/fr-ca/secure/multi-factor-authentication/customize-mfa/customize-mfa-enrollments-universal-login.mdx,220,fr-ca,https://manage.auth0.com/#/actions/library,rewritten,https://manage.auth0.com/dashboard/#/actions/custom,path changed,
main/docs/fr-ca/secure/multi-factor-authentication/customize-mfa/customize-mfa-selection-universal-login.mdx,106,fr-ca,https://manage.auth0.com/#/security/mfa,rewritten,https://manage.auth0.com/dashboard/#/authentication/mfa,path changed,
main/docs/fr-ca/secure/multi-factor-authentication/customize-mfa/customize-mfa-selection-universal-login.mdx,144,fr-ca,https://manage.auth0.com/#/actions/flows,rewritten,https://manage.auth0.com/dashboard/#/actions/triggers,path changed,
main/docs/fr-ca/secure/multi-factor-authentication/customize-mfa/customize-mfa-selection-universal-login.mdx,159,fr-ca,https://manage.auth0.com/#/actions/library,rewritten,https://manage.auth0.com/dashboard/#/actions/custom,path changed,
main/docs/fr-ca/secure/multi-factor-authentication/customize-mfa/customize-mfa-selection-universal-login.mdx,174,fr-ca,https://manage.auth0.com/#/authentication-profiles,rewritten,https://manage.auth0.com/dashboard/#/authentication/authentication-profile,path changed,
main/docs/fr-ca/secure/multi-factor-authentication/customize-mfa/customize-mfa-selection-universal-login.mdx,178,fr-ca,https://manage.auth0.com/#/actions/library,rewritten,https://manage.auth0.com/dashboard/#/actions/custom,path changed,
main/docs/fr-ca/secure/multi-factor-authentication/customize-mfa/customize-mfa-selection-universal-login.mdx,365,fr-ca,https://manage.auth0.com/#/logs,rewritten,https://manage.auth0.com/dashboard/#/logging/logs,path changed,
main/docs/fr-ca/secure/multi-factor-authentication/customize-mfa/customize-mfa-selection-universal-login.mdx,365,fr-ca,https://manage.auth0.com/#/logs,rewritten,https://manage.auth0.com/dashboard/#/logging/logs,path changed,
main/docs/fr-ca/secure/multi-factor-authentication/customize-mfa/customize-mfa-selection-universal-login.mdx,380,fr-ca,https://manage.auth0.com/#/security/mfa,rewritten,https://manage.auth0.com/dashboard/#/authentication/mfa,path changed,
main/docs/fr-ca/secure/multi-factor-authentication/customize-mfa/customize-mfa-selection-universal-login.mdx,383,fr-ca,https://manage.auth0.com/#/actions/library,rewritten,https://manage.auth0.com/dashboard/#/actions/custom,path changed,
main/docs/fr-ca/secure/multi-factor-authentication/customize-mfa/customize-mfa-selection-universal-login.mdx,384,fr-ca,https://manage.auth0.com/#/security/mfa,rewritten,https://manage.auth0.com/dashboard/#/authentication/mfa,path changed,
main/docs/fr-ca/secure/multi-factor-authentication/customize-mfa/customize-mfa-selection-universal-login.mdx,387,fr-ca,https://manage.auth0.com/#/users,rewritten,https://manage.auth0.com/dashboard/#/users,add /dashboard/ prefix,
main/docs/fr-ca/secure/multi-factor-authentication/customize-mfa/customize-mfa-selection-universal-login.mdx,394,fr-ca,https://manage.auth0.com/#/actions/library,rewritten,https://manage.auth0.com/dashboard/#/actions/custom,path changed,
main/docs/fr-ca/secure/multi-factor-authentication/customize-mfa/customize-mfa-selection-universal-login.mdx,395,fr-ca,https://manage.auth0.com/#/actions/flows,rewritten,https://manage.auth0.com/dashboard/#/actions/triggers,path changed,
main/docs/fr-ca/secure/multi-factor-authentication/customize-mfa/customize-mfa-selection-universal-login.mdx,398,fr-ca,https://manage.auth0.com/#/actions/library,rewritten,https://manage.auth0.com/dashboard/#/actions/custom,path changed,
main/docs/fr-ca/secure/multi-factor-authentication/enable-mfa.mdx,38,fr-ca,https://manage.auth0.com/#/security/mfa,rewritten,https://manage.auth0.com/dashboard/#/authentication/mfa,path changed,
main/docs/fr-ca/secure/multi-factor-authentication/fido-authentication-with-webauthn/configure-webauthn-device-biometrics-for-mfa.mdx,21,fr-ca,https://manage.auth0.com/#/security/mfa,rewritten,https://manage.auth0.com/dashboard/#/authentication/mfa,path changed,
main/docs/fr-ca/secure/multi-factor-authentication/fido-authentication-with-webauthn/configure-webauthn-security-keys-for-mfa.mdx,20,fr-ca,https://manage.auth0.com/#/security/mfa,rewritten,https://manage.auth0.com/dashboard/#/authentication/mfa,path changed,
main/docs/fr-ca/secure/multi-factor-authentication/multi-factor-authentication-developer-resources/create-custom-enrollment-tickets.mdx,270,fr-ca,https://manage.auth0.com/#/mfa_page,rewritten,https://manage.auth0.com/dashboard/#/mfa_page,add /dashboard/ prefix,
main/docs/fr-ca/secure/multi-factor-authentication/multi-factor-authentication-developer-resources/mfa-api.mdx,11,fr-ca,https://manage.auth0.com/#/applications,rewritten,https://manage.auth0.com/dashboard/#/applications,http → https + new path,
main/docs/fr-ca/secure/multi-factor-authentication/multi-factor-authentication-factors.mdx,9,fr-ca,https://manage.auth0.com/#/security/mfa,rewritten,https://manage.auth0.com/dashboard/#/authentication/mfa,path changed,
main/docs/fr-ca/secure/multi-factor-authentication/multi-factor-authentication-factors.mdx,77,fr-ca,https://manage.auth0.com/#/actions/flows,rewritten,https://manage.auth0.com/dashboard/#/actions/triggers,path changed,
main/docs/fr-ca/secure/multi-factor-authentication/multi-factor-authentication-factors/configure-email-notifications-for-mfa.mdx,27,fr-ca,https://manage.auth0.com/#/security/mfa,rewritten,https://manage.auth0.com/dashboard/#/authentication/mfa,path changed,
main/docs/fr-ca/secure/multi-factor-authentication/multi-factor-authentication-factors/configure-email-notifications-for-mfa.mdx,46,fr-ca,https://manage.auth0.com/#/multifactor-auth,rewritten,https://manage.auth0.com/dashboard/#/authentication/mfa,path changed,
main/docs/fr-ca/secure/multi-factor-authentication/multi-factor-authentication-factors/configure-push-notifications-for-mfa.mdx,19,fr-ca,https://manage.auth0.com/#/security/mfa,rewritten,https://manage.auth0.com/dashboard/#/authentication/mfa,path changed,
main/docs/fr-ca/secure/multi-factor-authentication/multi-factor-authentication-factors/configure-push-notifications-for-mfa.mdx,50,fr-ca,https://manage.auth0.com/#/guardian,rewritten,https://manage.auth0.com/dashboard/#/authentication/mfa/guardian,path changed,
main/docs/fr-ca/secure/multi-factor-authentication/multi-factor-authentication-factors/configure-push-notifications-for-mfa.mdx,94,fr-ca,https://manage.auth0.com/#/guardian,rewritten,https://manage.auth0.com/dashboard/#/authentication/mfa/guardian,path changed,
main/docs/fr-ca/secure/multi-factor-authentication/multi-factor-authentication-factors/configure-sms-voice-notifications-mfa.mdx,36,fr-ca,https://manage.auth0.com/#/security/mfa,rewritten,https://manage.auth0.com/dashboard/#/authentication/mfa,path changed,
main/docs/fr-ca/secure/multi-factor-authentication/multi-factor-authentication-factors/configure-sms-voice-notifications-mfa.mdx,38,fr-ca,https://manage.auth0.com/#/phone/templates/phone/provider,rewritten,https://manage.auth0.com/dashboard/#/phone/provider,path changed,
main/docs/fr-ca/secure/multi-factor-authentication/multi-factor-authentication-factors/configure-sms-voice-notifications-mfa.mdx,54,fr-ca,https://manage.auth0.com/#/phone/templates/phone/provider,rewritten,https://manage.auth0.com/dashboard/#/phone/provider,path changed,
main/docs/fr-ca/secure/multi-factor-authentication/multi-factor-authentication-factors/configure-sms-voice-notifications-mfa.mdx,70,fr-ca,https://manage.auth0.com/#/security/mfa,rewritten,https://manage.auth0.com/dashboard/#/authentication/mfa,path changed,
main/docs/fr-ca/secure/multi-factor-authentication/reset-user-mfa.mdx,10,fr-ca,https://manage.auth0.com/#/users,rewritten,https://manage.auth0.com/dashboard/#/users,add /dashboard/ prefix,
main/docs/fr-ca/secure/multi-factor-authentication/step-up-authentication/configure-step-up-authentication-for-apis.mdx,47,fr-ca,https://manage.auth0.com/#/connections/database,rewritten,https://manage.auth0.com/dashboard/#/authentication/database,http → https + new path,
main/docs/fr-ca/secure/multi-factor-authentication/step-up-authentication/configure-step-up-authentication-for-apis.mdx,53,fr-ca,https://manage.auth0.com/#/actions/flows,rewritten,https://manage.auth0.com/dashboard/#/actions/triggers,path changed,
main/docs/fr-ca/secure/multi-factor-authentication/step-up-authentication/configure-step-up-authentication-for-apis.mdx,104,fr-ca,https://manage.auth0.com/#/apis/,rewritten,https://manage.auth0.com/dashboard/#/apis,http → https + new path,
main/docs/fr-ca/secure/multi-factor-authentication/step-up-authentication/configure-step-up-authentication-for-apis.mdx,106,fr-ca,https://manage.auth0.com/#/applications/\{yourClientId}/settings,rewritten,https://manage.auth0.com/dashboard/#/applications/{yourClientId}/settings,path changed,
main/docs/fr-ca/secure/multi-factor-authentication/step-up-authentication/configure-step-up-authentication-for-apis.mdx,107,fr-ca,https://manage.auth0.com/#/applications/\{yourClientId}/settings,rewritten,https://manage.auth0.com/dashboard/#/applications/{yourClientId}/settings,path changed,
main/docs/fr-ca/secure/multi-factor-authentication/step-up-authentication/configure-step-up-authentication-for-web-apps.mdx,81,fr-ca,https://manage.auth0.com/#/connections/database,rewritten,https://manage.auth0.com/dashboard/#/authentication/database,http → https + new path,
main/docs/fr-ca/secure/multi-factor-authentication/step-up-authentication/configure-step-up-authentication-for-web-apps.mdx,86,fr-ca,https://manage.auth0.com/#/actions/flows,rewritten,https://manage.auth0.com/dashboard/#/actions/triggers,path changed,
main/docs/fr-ca/secure/security-center/security-alerts.mdx,24,fr-ca,https://manage.auth0.com/#/security/center/bot-detection,rewritten,https://manage.auth0.com/dashboard/#/security/attack-protection/bot-detection,path changed,
main/docs/fr-ca/secure/security-center/security-alerts.mdx,45,fr-ca,https://manage.auth0.com/#/security/center/manage-destinations,rewritten,https://manage.auth0.com/dashboard/#/events/event-streams,path changed,
main/docs/fr-ca/secure/security-center/security-alerts.mdx,76,fr-ca,https://manage.auth0.com/#/security/center/alert-history,rewritten,https://manage.auth0.com/dashboard/#/security/center/alert-history,add /dashboard/ prefix,
main/docs/fr-ca/secure/security-guidance/data-security/user-data-storage.mdx,12,fr-ca,https://manage.auth0.com/#,unchanged-root,,,
main/docs/fr-ca/secure/security-guidance/incident-response-using-logs.mdx,10,fr-ca,https://manage.auth0.com/#,unchanged-root,,,
main/docs/fr-ca/secure/security-guidance/incident-response-using-logs.mdx,111,fr-ca,https://manage.auth0.com/#/users,rewritten,https://manage.auth0.com/dashboard/#/users,add /dashboard/ prefix,
main/docs/fr-ca/secure/security-guidance/measures-against-app-impersonation.mdx,65,fr-ca,https://manage.auth0.com/#/applications/settings,rewritten,https://manage.auth0.com/dashboard/#/applications/{yourClientId}/settings,path changed,
main/docs/fr-ca/secure/security-guidance/measures-against-app-impersonation.mdx,73,fr-ca,https://manage.auth0.com/#/tenant/advanced,rewritten,https://manage.auth0.com/dashboard/#/tenant/advanced,add /dashboard/ prefix,
main/docs/fr-ca/secure/sender-constraining/configure-sender-constraining.mdx,60,fr-ca,https://manage.auth0.com/#/applications,rewritten,https://manage.auth0.com/dashboard/#/applications,http → https + new path,
main/docs/fr-ca/secure/sender-constraining/configure-sender-constraining.mdx,124,fr-ca,https://manage.auth0.com/#/apis,rewritten,https://manage.auth0.com/dashboard/#/apis,http → https + new path,
main/docs/fr-ca/secure/tenant-access-control-list/configure-rules.mdx,55,fr-ca,https://manage.auth0.com/#/security/access-control,rewritten,https://manage.auth0.com/dashboard/#/security/access-control,add /dashboard/ prefix,
main/docs/fr-ca/secure/tenant-access-control-list/configure-rules.mdx,78,fr-ca,https://manage.auth0.com/#/security/access-control,rewritten,https://manage.auth0.com/dashboard/#/security/access-control,add /dashboard/ prefix,
main/docs/fr-ca/secure/tokens/access-tokens/get-access-tokens.mdx,173,fr-ca,https://manage.auth0.com/#/applications,rewritten,https://manage.auth0.com/dashboard/#/applications,http → https + new path,
main/docs/fr-ca/secure/tokens/access-tokens/get-access-tokens.mdx,174,fr-ca,https://manage.auth0.com/#/applications,rewritten,https://manage.auth0.com/dashboard/#/applications,http → https + new path,
main/docs/fr-ca/secure/tokens/access-tokens/get-access-tokens.mdx,175,fr-ca,https://manage.auth0.com/#/apis,rewritten,https://manage.auth0.com/dashboard/#/apis,http → https + new path,
main/docs/fr-ca/secure/tokens/access-tokens/management-api-access-tokens/get-management-api-access-tokens-for-production.mdx,167,fr-ca,https://manage.auth0.com/#/applications/\{yourClientId}/settings,rewritten,https://manage.auth0.com/dashboard/#/applications/{yourClientId}/settings,path changed,
main/docs/fr-ca/secure/tokens/access-tokens/management-api-access-tokens/get-management-api-access-tokens-for-production.mdx,174,fr-ca,https://manage.auth0.com/#/applications/\{yourClientId}/settings,rewritten,https://manage.auth0.com/dashboard/#/applications/{yourClientId}/settings,path changed,
main/docs/fr-ca/secure/tokens/access-tokens/management-api-access-tokens/get-management-api-access-tokens-for-production.mdx,175,fr-ca,https://manage.auth0.com/#/applications/\{yourClientId}/settings,rewritten,https://manage.auth0.com/dashboard/#/applications/{yourClientId}/settings,path changed,
main/docs/fr-ca/secure/tokens/access-tokens/management-api-access-tokens/get-management-api-access-tokens-for-production.mdx,176,fr-ca,https://manage.auth0.com/#/apis,rewritten,https://manage.auth0.com/dashboard/#/apis,http → https + new path,
main/docs/fr-ca/secure/tokens/access-tokens/management-api-access-tokens/get-management-api-access-tokens-for-production.mdx,491,fr-ca,https://manage.auth0.com/#/apis,rewritten,https://manage.auth0.com/dashboard/#/apis,http → https + new path,
main/docs/fr-ca/secure/tokens/access-tokens/management-api-access-tokens/get-management-api-access-tokens-for-testing.mdx,18,fr-ca,https://manage.auth0.com/#/apis/management/explorer,rewritten,https://manage.auth0.com/dashboard/#/apis/{apiId}/explorer,path changed,
main/docs/fr-ca/secure/tokens/access-tokens/update-access-token-lifetime.mdx,10,fr-ca,https://manage.auth0.com/#/apis,rewritten,https://manage.auth0.com/dashboard/#/apis,http → https + new path,
main/docs/fr-ca/secure/tokens/access-tokens/validate-access-tokens.mdx,15,fr-ca,https://manage.auth0.com/#/apis,rewritten,https://manage.auth0.com/dashboard/#/apis,http → https + new path,
main/docs/fr-ca/secure/tokens/id-tokens/update-id-token-lifetime.mdx,8,fr-ca,https://manage.auth0.com/#/applications,rewritten,https://manage.auth0.com/dashboard/#/applications,http → https + new path,
main/docs/fr-ca/secure/tokens/id-tokens/validate-id-tokens.mdx,13,fr-ca,https://manage.auth0.com/#/applications,rewritten,https://manage.auth0.com/dashboard/#/applications,http → https + new path,
main/docs/fr-ca/secure/tokens/json-web-tokens/validate-json-web-tokens.mdx,62,fr-ca,https://manage.auth0.com/#/applications,rewritten,https://manage.auth0.com/dashboard/#/applications,http → https + new path,
main/docs/fr-ca/secure/tokens/refresh-tokens/configure-refresh-token-expiration.mdx,32,fr-ca,https://manage.auth0.com/#/applications,rewritten,https://manage.auth0.com/dashboard/#/applications,http → https + new path,
main/docs/fr-ca/secure/tokens/refresh-tokens/configure-refresh-token-rotation.mdx,27,fr-ca,https://manage.auth0.com/#/applications,rewritten,https://manage.auth0.com/dashboard/#/applications,http → https + new path,
main/docs/fr-ca/secure/tokens/refresh-tokens/disable-refresh-token-rotation.mdx,19,fr-ca,https://manage.auth0.com/#,unchanged-root,,,
main/docs/fr-ca/secure/tokens/refresh-tokens/online-refresh-tokens/configure-online-refresh-tokens.mdx,16,fr-ca,https://manage.auth0.com/#/apis,rewritten,https://manage.auth0.com/dashboard/#/apis,http → https + new path,
main/docs/fr-ca/secure/tokens/refresh-tokens/online-refresh-tokens/configure-online-refresh-tokens.mdx,26,fr-ca,https://manage.auth0.com/#/tenant/advanced,rewritten,https://manage.auth0.com/dashboard/#/tenant/advanced,add /dashboard/ prefix,
main/docs/fr-ca/secure/tokens/refresh-tokens/refresh-token-metadata/configure-refresh-token-metadata.mdx,220,fr-ca,https://manage.auth0.com/#/logs,rewritten,https://manage.auth0.com/dashboard/#/logging/logs,path changed,
main/docs/fr-ca/secure/tokens/refresh-tokens/revoke-refresh-tokens.mdx,21,fr-ca,https://manage.auth0.com/#/tenant/advanced,rewritten,https://manage.auth0.com/dashboard/#/tenant/advanced,add /dashboard/ prefix,
main/docs/fr-ca/secure/tokens/refresh-tokens/revoke-refresh-tokens.mdx,47,fr-ca,https://manage.auth0.com/#/users,rewritten,https://manage.auth0.com/dashboard/#/users,add /dashboard/ prefix,
main/docs/fr-ca/secure/tokens/token-best-practices.mdx,36,fr-ca,https://manage.auth0.com/#/apis,rewritten,https://manage.auth0.com/dashboard/#/apis,http → https + new path,
main/docs/fr-ca/troubleshoot/customer-support/manage-subscriptions.mdx,31,fr-ca,https://manage.auth0.com/#/tenant/general,rewritten,https://manage.auth0.com/dashboard/#/tenant/general,add /dashboard/ prefix,
main/docs/fr-ca/troubleshoot/customer-support/manage-subscriptions/delete-or-reset-tenant.mdx,41,fr-ca,https://manage.auth0.com/#/tenant/advanced,rewritten,https://manage.auth0.com/dashboard/#/tenant/advanced,add /dashboard/ prefix,
main/docs/fr-ca/troubleshoot/customer-support/open-and-manage-support-tickets.mdx,8,fr-ca,https://manage.auth0.com/login,unchanged-root,,,
main/docs/fr-ca/troubleshoot/customer-support/operational-policies/billing-policy.mdx,12,fr-ca,https://manage.auth0.com/#/tenant/,rewritten,https://manage.auth0.com/dashboard/#/tenant/general,path changed,
main/docs/fr-ca/troubleshoot/customer-support/operational-policies/billing-policy.mdx,14,fr-ca,https://manage.auth0.com/#/tenant/,rewritten,https://manage.auth0.com/dashboard/#/tenant/general,path changed,
main/docs/fr-ca/troubleshoot/customer-support/operational-policies/billing-policy.mdx,85,fr-ca,https://manage.auth0.com/#/tenant,rewritten,https://manage.auth0.com/dashboard/#/tenant/general,path changed,
main/docs/fr-ca/troubleshoot/customer-support/operational-policies/public-cloud-service-endpoints.mdx,10,fr-ca,https://manage.auth0.com,unchanged-root,,,
main/docs/fr-ca/troubleshoot/customer-support/operational-policies/public-cloud-service-endpoints.mdx,24,fr-ca,https://manage.auth0.com,unchanged-root,,,
main/docs/fr-ca/troubleshoot/customer-support/update-billing-information.mdx,12,fr-ca,https://manage.auth0.com/#/dashboard/settings,rewritten,https://manage.auth0.com/dashboard/#/tenant/general,path changed,
main/docs/fr-ca/troubleshoot/product-lifecycle/deprecations-and-migrations/logout-return-to.mdx,31,fr-ca,https://manage.auth0.com/#/logs,rewritten,https://manage.auth0.com/dashboard/#/logging/logs,path changed,
main/docs/fr-ca/troubleshoot/product-lifecycle/deprecations-and-migrations/logout-return-to.mdx,46,fr-ca,https://manage.auth0.com/#/tenant/advanced,rewritten,https://manage.auth0.com/dashboard/#/tenant/advanced,add /dashboard/ prefix,
main/docs/fr-ca/troubleshoot/product-lifecycle/deprecations-and-migrations/migrate-connection-options-scope.mdx,20,fr-ca,https://manage.auth0.com/dashboard/#/tenant/advanced,unchanged-new,,already in new form,
main/docs/fr-ca/troubleshoot/product-lifecycle/deprecations-and-migrations/migrate-connection-options-scope.mdx,44,fr-ca,https://manage.auth0.com/dashboard/#/apis,unchanged-new,,already in new form,
main/docs/fr-ca/troubleshoot/product-lifecycle/deprecations-and-migrations/migrate-connection-options-scope.mdx,58,fr-ca,https://manage.auth0.com/dashboard/#/tenant/advanced,unchanged-new,,already in new form,
main/docs/fr-ca/troubleshoot/product-lifecycle/deprecations-and-migrations/migrate-dedicated-connection-endpoints.mdx,21,fr-ca,https://manage.auth0.com/dashboard/#/tenant/advanced,unchanged-new,,already in new form,
main/docs/fr-ca/troubleshoot/product-lifecycle/deprecations-and-migrations/migrate-dedicated-connection-endpoints.mdx,91,fr-ca,https://manage.auth0.com/dashboard/#/tenant/advanced,unchanged-new,,already in new form,
main/docs/fr-ca/troubleshoot/product-lifecycle/deprecations-and-migrations/migrate-nodejs-22.mdx,40,fr-ca,https://manage.auth0.com/#/dashboard/actions/library,rewritten,https://manage.auth0.com/dashboard/#/actions/custom,path changed,
main/docs/fr-ca/troubleshoot/product-lifecycle/deprecations-and-migrations/migrate-oversized-user-profiles.mdx,25,fr-ca,https://manage.auth0.com/dashboard/#/tenant/advanced,unchanged-new,,already in new form,
main/docs/fr-ca/troubleshoot/product-lifecycle/deprecations-and-migrations/migrate-oversized-user-profiles.mdx,122,fr-ca,https://manage.auth0.com/dashboard/#/tenant/advanced,unchanged-new,,already in new form,
main/docs/fr-ca/troubleshoot/product-lifecycle/deprecations-and-migrations/migrate-to-non-verifiable-callback-uri-end-user-confirmation.mdx,43,fr-ca,https://manage.auth0.com/#/tenant/advanced,rewritten,https://manage.auth0.com/dashboard/#/tenant/advanced,add /dashboard/ prefix,
main/docs/fr-ca/troubleshoot/product-lifecycle/deprecations-and-migrations/migrate-to-non-verifiable-callback-uri-end-user-confirmation.mdx,56,fr-ca,https://manage.auth0.com/applications/settings,rewritten,https://manage.auth0.com/dashboard/#/applications/{yourClientId}/settings,path changed,
main/docs/fr-ca/troubleshoot/product-lifecycle/deprecations-and-migrations/migrate-to-non-verifiable-callback-uri-end-user-confirmation.mdx,63,fr-ca,https://manage.auth0.com/tenant/advanced,rewritten,https://manage.auth0.com/dashboard/#/tenant/advanced,add /dashboard/ prefix,
main/docs/fr-ca/troubleshoot/product-lifecycle/past-migrations.mdx,569,fr-ca,https://manage.auth0.com/#,unchanged-root,,,
main/docs/fr-ca/troubleshoot/product-lifecycle/past-migrations.mdx,569,fr-ca,https://manage.auth0.com/#/tenant/advanced,rewritten,https://manage.auth0.com/dashboard/#/tenant/advanced,add /dashboard/ prefix,
main/docs/fr-ca/troubleshoot/product-lifecycle/past-migrations/clickjacking-protection-for-universal-login.mdx,23,fr-ca,https://manage.auth0.com/#/tenant/advanced,rewritten,https://manage.auth0.com/dashboard/#/tenant/advanced,add /dashboard/ prefix,
main/docs/fr-ca/troubleshoot/product-lifecycle/past-migrations/custom-claims-migration.mdx,572,fr-ca,https://manage.auth0.com/#/logs,rewritten,https://manage.auth0.com/dashboard/#/logging/logs,path changed,
main/docs/fr-ca/troubleshoot/product-lifecycle/past-migrations/custom-claims-migration.mdx,661,fr-ca,https://manage.auth0.com/dashboard/#/tenant/advanced,unchanged-new,,already in new form,
main/docs/fr-ca/troubleshoot/product-lifecycle/past-migrations/migrate-from-log-extensions.mdx,42,fr-ca,https://manage.auth0.com/,unchanged-root,,,
main/docs/fr-ca/troubleshoot/product-lifecycle/past-migrations/migrate-from-log-extensions.mdx,59,fr-ca,https://manage.auth0.com/,unchanged-root,,,
main/docs/fr-ca/troubleshoot/product-lifecycle/past-migrations/migrate-from-log-extensions.mdx,76,fr-ca,https://manage.auth0.com/,unchanged-root,,,
main/docs/fr-ca/troubleshoot/product-lifecycle/past-migrations/migrate-from-log-extensions.mdx,86,fr-ca,https://manage.auth0.com/,unchanged-root,,,
main/docs/fr-ca/troubleshoot/product-lifecycle/past-migrations/migrate-from-log-extensions.mdx,100,fr-ca,https://manage.auth0.com/,unchanged-root,,,
main/docs/fr-ca/troubleshoot/product-lifecycle/past-migrations/migrate-from-log-extensions.mdx,117,fr-ca,https://manage.auth0.com/,unchanged-root,,,
main/docs/fr-ca/troubleshoot/product-lifecycle/past-migrations/migrate-from-log-extensions.mdx,132,fr-ca,https://manage.auth0.com/,unchanged-root,,,
main/docs/fr-ca/troubleshoot/product-lifecycle/past-migrations/migrate-from-log-extensions.mdx,140,fr-ca,https://manage.auth0.com/,unchanged-root,,,
main/docs/fr-ca/troubleshoot/product-lifecycle/past-migrations/migrate-nodejs-16-to-nodejs-18.mdx,36,fr-ca,https://manage.auth0.com/#/dashboard/actions/library,rewritten,https://manage.auth0.com/dashboard/#/actions/custom,path changed,
main/docs/fr-ca/troubleshoot/product-lifecycle/past-migrations/migrate-tenant-member-roles.mdx,42,fr-ca,https://manage.auth0.com/#/tenant/admins,rewritten,https://manage.auth0.com/dashboard/#/tenant/admins,add /dashboard/ prefix,
main/docs/fr-ca/troubleshoot/product-lifecycle/past-migrations/migrate-tenant-member-roles.mdx,45,fr-ca,https://manage.auth0.com/#/tenant/advanced,rewritten,https://manage.auth0.com/dashboard/#/tenant/advanced,add /dashboard/ prefix,
main/docs/fr-ca/troubleshoot/product-lifecycle/past-migrations/migrate-tenant-member-roles.mdx,48,fr-ca,https://manage.auth0.com/#/tenant/billing/subscription,rewritten,https://manage.auth0.com/dashboard/#/tenant/billing/subscription,add /dashboard/ prefix,
main/docs/fr-ca/troubleshoot/product-lifecycle/past-migrations/migrate-tenant-member-roles.mdx,54,fr-ca,https://manage.auth0.com/#/tenant/admins,rewritten,https://manage.auth0.com/dashboard/#/tenant/admins,add /dashboard/ prefix,
main/docs/fr-ca/troubleshoot/product-lifecycle/past-migrations/migrate-tenant-member-roles.mdx,56,fr-ca,https://manage.auth0.com/#/logs,rewritten,https://manage.auth0.com/dashboard/#/logging/logs,path changed,
main/docs/fr-ca/troubleshoot/product-lifecycle/past-migrations/migrate-to-1-hour-expiration.mdx,43,fr-ca,https://manage.auth0.com/#/monitoring/logs,rewritten,https://manage.auth0.com/dashboard/#/logging/logs,path changed,
main/docs/fr-ca/troubleshoot/product-lifecycle/past-migrations/migrate-to-1-hour-expiration.mdx,51,fr-ca,https://manage.auth0.com/#/tenant/advanced,rewritten,https://manage.auth0.com/dashboard/#/tenant/advanced,add /dashboard/ prefix,
main/docs/fr-ca/troubleshoot/product-lifecycle/past-migrations/migrate-to-nodejs-12.mdx,44,fr-ca,https://manage.auth0.com/#/tenant/advanced,rewritten,https://manage.auth0.com/dashboard/#/tenant/advanced,add /dashboard/ prefix,
main/docs/fr-ca/troubleshoot/product-lifecycle/past-migrations/migrate-to-nodejs-12.mdx,64,fr-ca,https://manage.auth0.com/#/applications/\{yourClientId}/settings,rewritten,https://manage.auth0.com/dashboard/#/applications/{yourClientId}/settings,path changed,
main/docs/fr-ca/troubleshoot/product-lifecycle/past-migrations/migrate-to-nodejs-16.mdx,34,fr-ca,https://manage.auth0.com/#/tenant/advanced,rewritten,https://manage.auth0.com/dashboard/#/tenant/advanced,add /dashboard/ prefix,
main/docs/fr-ca/troubleshoot/product-lifecycle/past-migrations/migrate-to-paginated-queries.mdx,50,fr-ca,https://manage.auth0.com/#/tenant/advanced,rewritten,https://manage.auth0.com/dashboard/#/tenant/advanced,add /dashboard/ prefix,
main/docs/fr-ca/troubleshoot/product-lifecycle/past-migrations/migrate-to-paginated-queries.mdx,57,fr-ca,https://manage.auth0.com/#/extensions,rewritten,https://manage.auth0.com/dashboard/#/extensions/list,path changed,
main/docs/fr-ca/troubleshoot/product-lifecycle/past-migrations/migrate-to-passwordless.mdx,20,fr-ca,https://manage.auth0.com/#/logs,rewritten,https://manage.auth0.com/dashboard/#/logging/logs,path changed,
main/docs/fr-ca/troubleshoot/product-lifecycle/past-migrations/migrate-to-passwordless.mdx,27,fr-ca,https://manage.auth0.com/#/logs,rewritten,https://manage.auth0.com/dashboard/#/logging/logs,path changed,
main/docs/fr-ca/troubleshoot/product-lifecycle/past-migrations/migrate-to-tenant-log-search-v3.mdx,65,fr-ca,https://manage.auth0.com/#/tenant/advanced,rewritten,https://manage.auth0.com/dashboard/#/tenant/advanced,add /dashboard/ prefix,
main/docs/fr-ca/troubleshoot/product-lifecycle/past-migrations/migrate-v2-v3.mdx,54,fr-ca,https://manage.auth0.com/#/extensions,rewritten,https://manage.auth0.com/dashboard/#/extensions/list,path changed,
main/docs/fr-ca/troubleshoot/product-lifecycle/past-migrations/migrate-v2-v3.mdx,55,fr-ca,https://manage.auth0.com/#/extensions,rewritten,https://manage.auth0.com/dashboard/#/extensions/list,path changed,
main/docs/fr-ca/troubleshoot/product-lifecycle/past-migrations/migrate-v2-v3.mdx,59,fr-ca,https://manage.auth0.com/#/logs,rewritten,https://manage.auth0.com/dashboard/#/logging/logs,path changed,
main/docs/fr-ca/troubleshoot/product-lifecycle/past-migrations/migration-oauthro-oauthtoken.mdx,95,fr-ca,https://manage.auth0.com/#/tenant/advanced,rewritten,https://manage.auth0.com/dashboard/#/tenant/advanced,add /dashboard/ prefix,
main/docs/fr-ca/troubleshoot/product-lifecycle/past-migrations/resource-owner-passwordless-credentials-exchange.mdx,111,fr-ca,https://manage.auth0.com/#/logs,rewritten,https://manage.auth0.com/dashboard/#/logging/logs,path changed,
main/docs/fr-ca/troubleshoot/product-lifecycle/past-migrations/resource-owner-passwordless-credentials-exchange.mdx,112,fr-ca,https://manage.auth0.com/#/tenant/advanced,rewritten,https://manage.auth0.com/dashboard/#/tenant/advanced,add /dashboard/ prefix,
main/docs/fr-ca/troubleshoot/product-lifecycle/past-migrations/tenant-hostname-migration.mdx,26,fr-ca,https://manage.auth0.com/#/logs,rewritten,https://manage.auth0.com/dashboard/#/logging/logs,path changed,
main/docs/fr-ca/troubleshoot/product-lifecycle/past-migrations/tenant-hostname-migration.mdx,46,fr-ca,https://manage.auth0.com/#/tenant/advanced,rewritten,https://manage.auth0.com/dashboard/#/tenant/advanced,add /dashboard/ prefix,
main/docs/get-started/apis/add-api-permissions.mdx,19,en,https://manage.auth0.com/#/apis,rewritten,https://manage.auth0.com/dashboard/#/apis,http → https + new path,
main/docs/get-started/apis/api-access-policies-for-applications.mdx,40,en,https://manage.auth0.com/#/apis,rewritten,https://manage.auth0.com/dashboard/#/apis,http → https + new path,
main/docs/get-started/apis/api-settings.mdx,5,en,https://manage.auth0.com/#/apis,rewritten,https://manage.auth0.com/dashboard/#/apis,http → https + new path,
main/docs/get-started/apis/configure-access-token-profile.mdx,20,en,https://manage.auth0.com/,unchanged-root,,,
main/docs/get-started/apis/configure-access-token-profile.mdx,26,en,https://manage.auth0.com/#/apis,rewritten,https://manage.auth0.com/dashboard/#/apis,http → https + new path,
main/docs/get-started/apis/configure-json-web-encryption.mdx,25,en,https://manage.auth0.com/,unchanged-root,,,
main/docs/get-started/apis/configure-rich-authorization-requests.mdx,105,en,https://manage.auth0.com/,unchanged-root,,,
main/docs/get-started/apis/configure-rich-authorization-requests.mdx,111,en,https://manage.auth0.com/#/apis,rewritten,https://manage.auth0.com/dashboard/#/apis,http → https + new path,
main/docs/get-started/apis/configure-rich-authorization-requests.mdx,306,en,https://manage.auth0.com/,unchanged-root,,,
main/docs/get-started/apis/configure-rich-authorization-requests.mdx,312,en,https://manage.auth0.com/#/apis,rewritten,https://manage.auth0.com/dashboard/#/apis,http → https + new path,
main/docs/get-started/apis/create-m2m-app-test.mdx,9,en,https://manage.auth0.com/#/apis,rewritten,https://manage.auth0.com/dashboard/#/apis,http → https + new path,
main/docs/get-started/apis/delete-api-permissions.mdx,13,en,https://manage.auth0.com/#/apis,rewritten,https://manage.auth0.com/dashboard/#/apis,http → https + new path,
main/docs/get-started/apis/enable-role-based-access-control-for-apis.mdx,21,en,https://manage.auth0.com/#/apis,rewritten,https://manage.auth0.com/dashboard/#/apis,http → https + new path,
main/docs/get-started/apis/scopes/sample-use-cases-scopes-and-claims.mdx,183,en,https://manage.auth0.com/#/actions/library,rewritten,https://manage.auth0.com/dashboard/#/actions/custom,path changed,
main/docs/get-started/apis/scopes/sample-use-cases-scopes-and-claims.mdx,203,en,https://manage.auth0.com/#/actions/flows/login/,rewritten,https://manage.auth0.com/dashboard/#/actions/triggers/post-login,path changed,
main/docs/get-started/applications.mdx,32,en,https://manage.auth0.com/#/applications/{yourClientId}/settings,rewritten,https://manage.auth0.com/dashboard/#/applications/{yourClientId}/settings,path changed,
main/docs/get-started/applications/application-access-to-apis-client-grants.mdx,76,en,https://manage.auth0.com/#/apis,rewritten,https://manage.auth0.com/dashboard/#/apis,http → https + new path,
main/docs/get-started/applications/application-access-to-apis-client-grants.mdx,158,en,https://manage.auth0.com/#/apis,rewritten,https://manage.auth0.com/dashboard/#/apis,http → https + new path,
main/docs/get-started/applications/application-settings.mdx,6,en,https://manage.auth0.com/#/applications,rewritten,https://manage.auth0.com/dashboard/#/applications,http → https + new path,
main/docs/get-started/applications/change-application-signing-algorithms.mdx,7,en,https://manage.auth0.com/#/applications,rewritten,https://manage.auth0.com/dashboard/#/applications,http → https + new path,
main/docs/get-started/applications/confidential-and-public-applications.mdx,71,en,https://manage.auth0.com/#/applications,rewritten,https://manage.auth0.com/dashboard/#/applications,http → https + new path,
main/docs/get-started/applications/configure-application-metadata.mdx,27,en,https://manage.auth0.com/#/applications,rewritten,https://manage.auth0.com/dashboard/#/applications,http → https + new path,
main/docs/get-started/applications/configure-applications-with-oidc-discovery.mdx,177,en,https://manage.auth0.com/#/applications/{YOUR_AUTH0_CLIENT_ID}/settings,rewritten,https://manage.auth0.com/dashboard/#/applications/{yourClientId}/settings,path changed,
main/docs/get-started/applications/configure-client-initiated-backchannel-authentication.mdx,26,en,https://manage.auth0.com/,unchanged-root,,,
main/docs/get-started/applications/configure-jar.mdx,52,en,https://manage.auth0.com/#/applications,rewritten,https://manage.auth0.com/dashboard/#/applications,http → https + new path,
main/docs/get-started/applications/configure-mtls.mdx,11,en,https://manage.auth0.com/,unchanged-root,,,
main/docs/get-started/applications/configure-mtls/configure-mtls-for-a-client.mdx,12,en,https://manage.auth0.com/#/applications,rewritten,https://manage.auth0.com/dashboard/#/applications,http → https + new path,
main/docs/get-started/applications/configure-mtls/configure-mtls-for-a-tenant.mdx,152,en,https://manage.auth0.com/#/tenant/general,rewritten,https://manage.auth0.com/dashboard/#/tenant/general,add /dashboard/ prefix,
main/docs/get-started/applications/configure-par.mdx,19,en,https://manage.auth0.com/,unchanged-root,,,
main/docs/get-started/applications/configure-private-key-jwt.mdx,27,en,https://manage.auth0.com/#/applications,rewritten,https://manage.auth0.com/dashboard/#/applications,http → https + new path,
main/docs/get-started/applications/configure-private-key-jwt.mdx,50,en,http://manage.auth0.com/#/applications,rewritten,https://manage.auth0.com/dashboard/#/applications,http → https + new path,
main/docs/get-started/applications/configure-private-key-jwt.mdx,64,en,https://manage.auth0.com/dashboard/#/applications/,unchanged-new,,already in new form,
main/docs/get-started/applications/configure-private-key-jwt.mdx,73,en,https://manage.auth0.com/dashboard/#/applications/,unchanged-new,,already in new form,
main/docs/get-started/applications/configure-sender-constraining/configure-client-for-sender-constraining.mdx,60,en,https://manage.auth0.com/#/applications,rewritten,https://manage.auth0.com/dashboard/#/applications,http → https + new path,
main/docs/get-started/applications/configure-sender-constraining/configure-client-for-sender-constraining.mdx,104,en,https://manage.auth0.com/#/apis,rewritten,https://manage.auth0.com/dashboard/#/apis,http → https + new path,
main/docs/get-started/applications/configure-sender-constraining/configure-resource-server-for-sender-constraining.mdx,60,en,https://manage.auth0.com/#/applications,rewritten,https://manage.auth0.com/dashboard/#/applications,http → https + new path,
main/docs/get-started/applications/configure-sender-constraining/configure-resource-server-for-sender-constraining.mdx,104,en,https://manage.auth0.com/#/apis,rewritten,https://manage.auth0.com/dashboard/#/apis,http → https + new path,
main/docs/get-started/applications/credentials.mdx,5,en,http://manage.auth0.com/#/applications,rewritten,https://manage.auth0.com/dashboard/#/applications,http → https + new path,
main/docs/get-started/applications/dynamic-client-registration.mdx,29,en,https://manage.auth0.com/#/tenant/advanced,rewritten,https://manage.auth0.com/dashboard/#/tenant/advanced,add /dashboard/ prefix,
main/docs/get-started/applications/enable-android-app-links-support.mdx,7,en,https://manage.auth0.com/#/applications,rewritten,https://manage.auth0.com/dashboard/#/applications,http → https + new path,
main/docs/get-started/applications/enable-sso-for-applications.mdx,15,en,https://manage.auth0.com/#/externalapps,rewritten,https://manage.auth0.com/dashboard/#/applications/sso,path changed,
main/docs/get-started/applications/enable-universal-links-support-in-apple-xcode.mdx,14,en,https://manage.auth0.com/#/clients,rewritten,https://manage.auth0.com/dashboard/#/applications,path changed,
main/docs/get-started/applications/first-party-and-third-party-applications.mdx,21,en,https://manage.auth0.com/#/applications,rewritten,https://manage.auth0.com/dashboard/#/applications,http → https + new path,
main/docs/get-started/applications/remove-applications.mdx,13,en,https://manage.auth0.com/#/applications,rewritten,https://manage.auth0.com/dashboard/#/applications,http → https + new path,
main/docs/get-started/applications/rotate-client-secret.mdx,28,en,https://manage.auth0.com/#/applications,rewritten,https://manage.auth0.com/dashboard/#/applications,http → https + new path,
main/docs/get-started/applications/rotate-credentials.mdx,17,en,https://manage.auth0.com/#/applications,rewritten,https://manage.auth0.com/dashboard/#/applications,http → https + new path,
main/docs/get-started/applications/set-up-cors.mdx,21,en,https://manage.auth0.com/#/applications,rewritten,https://manage.auth0.com/dashboard/#/applications,http → https + new path,
main/docs/get-started/applications/set-up-cors.mdx,70,en,https://manage.auth0.com/#/applications,rewritten,https://manage.auth0.com/dashboard/#/applications,http → https + new path,
main/docs/get-started/applications/set-up-database-connections.mdx,12,en,http://manage.auth0.com/#/connections/database,rewritten,https://manage.auth0.com/dashboard/#/authentication/database,http → https + new path,
main/docs/get-started/applications/test-database-connections.mdx,9,en,https://manage.auth0.com/#/connections/database,rewritten,https://manage.auth0.com/dashboard/#/authentication/database,http → https + new path,
main/docs/get-started/applications/third-party-applications/troubleshooting.mdx,13,en,https://manage.auth0.com/#/logs,rewritten,https://manage.auth0.com/dashboard/#/logging/logs,path changed,
main/docs/get-started/applications/update-application-connections.mdx,7,en,https://manage.auth0.com/#/applications,rewritten,https://manage.auth0.com/dashboard/#/applications,http → https + new path,
main/docs/get-started/applications/update-grant-types.mdx,13,en,https://manage.auth0.com/#/applications,rewritten,https://manage.auth0.com/dashboard/#/applications,http → https + new path,
main/docs/get-started/applications/wildcards-for-subdomains.mdx,26,en,https://manage.auth0.com/#/applications,rewritten,https://manage.auth0.com/dashboard/#/applications,http → https + new path,
main/docs/get-started/applications/wildcards-for-subdomains.mdx,50,en,https://manage.auth0.com/#/applications,rewritten,https://manage.auth0.com/dashboard/#/applications,http → https + new path,
main/docs/get-started/applications/work-with-auth0-locally.mdx,28,en,https://manage.auth0.com/#/applications/{yourClientId}/settings,rewritten,https://manage.auth0.com/dashboard/#/applications/{yourClientId}/settings,path changed,
main/docs/get-started/architecture-scenarios/b2e.mdx,31,en,https://manage.auth0.com/#/connections/enterprise,rewritten,https://manage.auth0.com/dashboard/#/connections/enterprise,add /dashboard/ prefix,
main/docs/get-started/architecture-scenarios/business-to-business/authorization.mdx,80,en,https://manage.auth0.com/,unchanged-root,,,
main/docs/get-started/architecture-scenarios/business-to-business/branding.mdx,99,en,https://manage.auth0.com/#/login_settings,rewritten,https://manage.auth0.com/dashboard/#/login_settings,add /dashboard/ prefix,
main/docs/get-started/architecture-scenarios/business-to-business/launch/tenant-check.mdx,111,en,https://manage.auth0.com/#/login_settings,rewritten,https://manage.auth0.com/dashboard/#/login_settings,add /dashboard/ prefix,
main/docs/get-started/architecture-scenarios/business-to-consumer/authorization.mdx,69,en,https://manage.auth0.com/,unchanged-root,,,
main/docs/get-started/architecture-scenarios/business-to-consumer/branding.mdx,79,en,https://manage.auth0.com/#/login_settings,rewritten,https://manage.auth0.com/dashboard/#/login_settings,add /dashboard/ prefix,
main/docs/get-started/architecture-scenarios/business-to-consumer/launch/tenant-check.mdx,103,en,https://manage.auth0.com/#/login_settings,rewritten,https://manage.auth0.com/dashboard/#/login_settings,add /dashboard/ prefix,
main/docs/get-started/architecture-scenarios/mobile-api/api-implementation-nodejs.mdx,241,en,https://manage.auth0.com/#/actions/library,rewritten,https://manage.auth0.com/dashboard/#/actions/custom,path changed,
main/docs/get-started/architecture-scenarios/mobile-api/api-implementation-nodejs.mdx,267,en,https://manage.auth0.com/#/actions/triggers/post-login/,rewritten,https://manage.auth0.com/dashboard/#/actions/triggers/post-login,path changed,
main/docs/get-started/architecture-scenarios/mobile-api/part-2.mdx,5,en,https://manage.auth0.com/#,unchanged-root,,,
main/docs/get-started/architecture-scenarios/mobile-api/part-2.mdx,9,en,https://manage.auth0.com/#/apis,rewritten,https://manage.auth0.com/dashboard/#/apis,http → https + new path,
main/docs/get-started/architecture-scenarios/mobile-api/part-2.mdx,60,en,https://manage.auth0.com/#,unchanged-root,,,
main/docs/get-started/architecture-scenarios/mobile-api/part-2.mdx,60,en,https://manage.auth0.com/#/applications,rewritten,https://manage.auth0.com/dashboard/#/applications,http → https + new path,
main/docs/get-started/architecture-scenarios/mobile-api/part-3.mdx,100,en,https://manage.auth0.com/#/applications,rewritten,https://manage.auth0.com/dashboard/#/applications,http → https + new path,
main/docs/get-started/architecture-scenarios/mobile-api/part-3.mdx,101,en,https://manage.auth0.com/#/apis,rewritten,https://manage.auth0.com/dashboard/#/apis,http → https + new path,
main/docs/get-started/architecture-scenarios/mobile-api/part-3.mdx,106,en,https://manage.auth0.com/#/applications,rewritten,https://manage.auth0.com/dashboard/#/applications,http → https + new path,
main/docs/get-started/architecture-scenarios/mobile-api/part-3.mdx,264,en,https://manage.auth0.com/#/applications,rewritten,https://manage.auth0.com/dashboard/#/applications,http → https + new path,
main/docs/get-started/architecture-scenarios/mobile-api/part-3.mdx,460,en,https://manage.auth0.com/#/applications,rewritten,https://manage.auth0.com/dashboard/#/applications,http → https + new path,
main/docs/get-started/architecture-scenarios/server-application-api/part-2.mdx,5,en,https://manage.auth0.com/#,unchanged-root,,,
main/docs/get-started/architecture-scenarios/server-application-api/part-2.mdx,54,en,https://manage.auth0.com/#/applications,rewritten,https://manage.auth0.com/dashboard/#/applications,http → https + new path,
main/docs/get-started/architecture-scenarios/server-application-api/part-3.mdx,105,en,https://manage.auth0.com/#/applications,rewritten,https://manage.auth0.com/dashboard/#/applications,http → https + new path,
main/docs/get-started/architecture-scenarios/spa-api/api-implementation-nodejs.mdx,237,en,https://manage.auth0.com/#/rules%7D,needs-human,,map: malformed,
main/docs/get-started/architecture-scenarios/spa-api/part-2.mdx,5,en,https://manage.auth0.com/#,unchanged-root,,,
main/docs/get-started/architecture-scenarios/spa-api/part-2.mdx,9,en,https://manage.auth0.com/#/apis,rewritten,https://manage.auth0.com/dashboard/#/apis,http → https + new path,
main/docs/get-started/architecture-scenarios/spa-api/part-2.mdx,40,en,https://manage.auth0.com/#,unchanged-root,,,
main/docs/get-started/architecture-scenarios/spa-api/part-2.mdx,40,en,https://manage.auth0.com/#/applications,rewritten,https://manage.auth0.com/dashboard/#/applications,http → https + new path,
main/docs/get-started/architecture-scenarios/spa-api/part-3.mdx,99,en,https://manage.auth0.com/#/applications%7D,needs-human,,map: malformed,
main/docs/get-started/architecture-scenarios/spa-api/part-3.mdx,100,en,https://manage.auth0.com/#/applications%7D,needs-human,,map: malformed,
main/docs/get-started/architecture-scenarios/spa-api/part-3.mdx,102,en,https://manage.auth0.com/#/apis%7D,needs-human,,map: malformed,
main/docs/get-started/architecture-scenarios/sso-for-regular-web-apps/part-2.mdx,5,en,https://manage.auth0.com/#,unchanged-root,,,
main/docs/get-started/architecture-scenarios/sso-for-regular-web-apps/part-2.mdx,29,en,https://manage.auth0.com/#,unchanged-root,,,
main/docs/get-started/architecture-scenarios/sso-for-regular-web-apps/part-2.mdx,29,en,https://manage.auth0.com/#/applications,rewritten,https://manage.auth0.com/dashboard/#/applications,http → https + new path,
main/docs/get-started/architecture-scenarios/sso-for-regular-web-apps/part-2.mdx,33,en,https://manage.auth0.com/#/applications/{yourClientId}/quickstart,rewritten,https://manage.auth0.com/dashboard/#/applications/{yourClientId}/quickstart,path changed,
main/docs/get-started/architecture-scenarios/sso-for-regular-web-apps/part-2.mdx,37,en,https://manage.auth0.com/#/applications/{yourClientId}/settings,rewritten,https://manage.auth0.com/dashboard/#/applications/{yourClientId}/settings,path changed,
main/docs/get-started/architecture-scenarios/sso-for-regular-web-apps/part-2.mdx,38,en,https://manage.auth0.com/#/applications/{yourClientId}/addons,rewritten,https://manage.auth0.com/dashboard/#/applications/{yourClientId}/addons,path changed,
main/docs/get-started/architecture-scenarios/sso-for-regular-web-apps/part-2.mdx,39,en,https://manage.auth0.com/#/applications/{yourClientId}/connections,rewritten,https://manage.auth0.com/dashboard/#/applications/{yourClientId}/connections,path changed,
main/docs/get-started/architecture-scenarios/sso-for-regular-web-apps/part-2.mdx,68,en,https://manage.auth0.com/#,unchanged-root,,,
main/docs/get-started/architecture-scenarios/sso-for-regular-web-apps/part-2.mdx,78,en,https://manage.auth0.com/#,unchanged-root,,,
main/docs/get-started/architecture-scenarios/sso-for-regular-web-apps/part-3.mdx,128,en,https://manage.auth0.com/#/extensions,rewritten,https://manage.auth0.com/dashboard/#/extensions/list,path changed,
main/docs/get-started/auth0-overview/create-applications.mdx,36,en,https://manage.auth0.com/#/applications,rewritten,https://manage.auth0.com/dashboard/#/applications,http → https + new path,
main/docs/get-started/auth0-overview/create-applications/configure-an-identity-provider-in-access-gateway.mdx,7,en,https://manage.auth0.com/#/applications,rewritten,https://manage.auth0.com/dashboard/#/applications,http → https + new path,
main/docs/get-started/auth0-overview/create-applications/machine-to-machine-apps.mdx,14,en,https://manage.auth0.com/#/applications,rewritten,https://manage.auth0.com/dashboard/#/applications,http → https + new path,
main/docs/get-started/auth0-overview/create-applications/native-apps.mdx,9,en,https://manage.auth0.com/#/applications,rewritten,https://manage.auth0.com/dashboard/#/applications,http → https + new path,
main/docs/get-started/auth0-overview/create-applications/regular-web-apps.mdx,8,en,https://manage.auth0.com/#/applications,rewritten,https://manage.auth0.com/dashboard/#/applications,http → https + new path,
main/docs/get-started/auth0-overview/create-applications/single-page-web-apps.mdx,8,en,https://manage.auth0.com/#/applications,rewritten,https://manage.auth0.com/dashboard/#/applications,http → https + new path,
main/docs/get-started/auth0-overview/create-tenants.mdx,57,en,https://manage.auth0.com/#/applications,rewritten,https://manage.auth0.com/dashboard/#/applications,http → https + new path,
main/docs/get-started/auth0-overview/create-tenants/create-multiple-tenants.mdx,7,en,https://manage.auth0.com/#/,unchanged-root,,,
main/docs/get-started/auth0-overview/create-tenants/set-up-multiple-environments.mdx,19,en,https://manage.auth0.com/#/tenant/general,rewritten,https://manage.auth0.com/dashboard/#/tenant/general,add /dashboard/ prefix,
main/docs/get-started/auth0-overview/create-tenants/set-up-multiple-environments.mdx,31,en,https://manage.auth0.com/#/rules,rewritten,https://manage.auth0.com/dashboard/#/rules,add /dashboard/ prefix,
main/docs/get-started/auth0-overview/create-tenants/set-up-multiple-environments.mdx,49,en,https://manage.auth0.com/#/rules,rewritten,https://manage.auth0.com/dashboard/#/rules,add /dashboard/ prefix,
main/docs/get-started/auth0-overview/create-tenants/set-up-multiple-environments.mdx,54,en,https://manage.auth0.com/#/rules,rewritten,https://manage.auth0.com/dashboard/#/rules,add /dashboard/ prefix,
main/docs/get-started/auth0-overview/dashboard.mdx,6,en,https://manage.auth0.com/#,unchanged-root,,,
main/docs/get-started/auth0-overview/dashboard/search-and-filter-auth0-dashboard.mdx,39,en,https://manage.auth0.com/#/applications,rewritten,https://manage.auth0.com/dashboard/#/applications,http → https + new path,
main/docs/get-started/auth0-overview/dashboard/search-and-filter-auth0-dashboard.mdx,40,en,https://manage.auth0.com/#/apis,rewritten,https://manage.auth0.com/dashboard/#/apis,http → https + new path,
main/docs/get-started/auth0-overview/dashboard/search-and-filter-auth0-dashboard.mdx,41,en,https://manage.auth0.com/#/roles,rewritten,https://manage.auth0.com/dashboard/#/applications/{yourClientId}/settings,path changed,
main/docs/get-started/auth0-overview/dashboard/search-and-filter-auth0-dashboard.mdx,42,en,https://manage.auth0.com/#/custom-domains-v2,rewritten,https://manage.auth0.com/dashboard/#/custom-domains-v2,add /dashboard/ prefix,
main/docs/get-started/auth0-overview/dashboard/search-and-filter-auth0-dashboard.mdx,43,en,https://manage.auth0.com/#/organizations,rewritten,https://manage.auth0.com/dashboard/#/organizations/list,path changed,
main/docs/get-started/auth0-overview/dashboard/search-and-filter-auth0-dashboard.mdx,44,en,https://manage.auth0.com/#/organizations,rewritten,https://manage.auth0.com/dashboard/#/organizations/list,path changed,
main/docs/get-started/auth0-overview/dashboard/search-and-filter-auth0-dashboard.mdx,45,en,https://manage.auth0.com/#/connections/enterprise,rewritten,https://manage.auth0.com/dashboard/#/connections/enterprise,add /dashboard/ prefix,
main/docs/get-started/auth0-overview/dashboard/search-and-filter-auth0-dashboard.mdx,46,en,https://manage.auth0.com/#/connections/database,rewritten,https://manage.auth0.com/dashboard/#/authentication/database,http → https + new path,
main/docs/get-started/auth0-overview/dashboard/search-and-filter-auth0-dashboard.mdx,161,en,https://manage.auth0.com/#/tenant/general,rewritten,https://manage.auth0.com/dashboard/#/tenant/general,add /dashboard/ prefix,
main/docs/get-started/auth0-overview/dashboard/search-and-filter-auth0-dashboard.mdx,176,en,https://manage.auth0.com/#/applications,rewritten,https://manage.auth0.com/dashboard/#/applications,http → https + new path,
main/docs/get-started/auth0-overview/dashboard/search-and-filter-auth0-dashboard.mdx,184,en,https://manage.auth0.com/#/applications,rewritten,https://manage.auth0.com/dashboard/#/applications,http → https + new path,
main/docs/get-started/auth0-overview/set-up-apis.mdx,11,en,https://manage.auth0.com/#/apis,rewritten,https://manage.auth0.com/dashboard/#/apis,http → https + new path,
main/docs/get-started/auth0-teams.mdx,31,en,https://manage.auth0.com/#/tenant/billing/subscription,rewritten,https://manage.auth0.com/dashboard/#/tenant/billing/subscription,add /dashboard/ prefix,
main/docs/get-started/auth0-teams/tenant-management.mdx,17,en,https://manage.auth0.com/dashboard,rewritten,https://manage.auth0.com/dashboard/#/,path changed,
main/docs/get-started/authentication-and-authorization-flow/authenticate-with-private-key-jwt.mdx,34,en,https://manage.auth0.com/dashboard/#/applications/,unchanged-new,,already in new form,
main/docs/get-started/authentication-and-authorization-flow/authenticate-with-private-key-jwt.mdx,35,en,https://manage.auth0.com/dashboard/#/applications/,unchanged-new,,already in new form,
main/docs/get-started/authentication-and-authorization-flow/authorization-code-flow-with-pkce/add-login-using-the-authorization-code-flow-with-pkce.mdx,193,en,https://manage.auth0.com/#/Applications/{yourClientId}/settings,rewritten,https://manage.auth0.com/dashboard/#/applications/{yourClientId}/settings,path changed,
main/docs/get-started/authentication-and-authorization-flow/authorization-code-flow-with-pkce/add-login-using-the-authorization-code-flow-with-pkce.mdx,194,en,https://manage.auth0.com/#/Applications/{yourClientId}/settings,rewritten,https://manage.auth0.com/dashboard/#/applications/{yourClientId}/settings,path changed,
main/docs/get-started/authentication-and-authorization-flow/authorization-code-flow-with-pkce/add-login-using-the-authorization-code-flow-with-pkce.mdx,195,en,https://manage.auth0.com/#/applications,rewritten,https://manage.auth0.com/dashboard/#/applications,http → https + new path,
main/docs/get-started/authentication-and-authorization-flow/authorization-code-flow-with-pkce/add-login-using-the-authorization-code-flow-with-pkce.mdx,380,en,https://manage.auth0.com/#/Applications/{yourClientId}/settings,rewritten,https://manage.auth0.com/dashboard/#/applications/{yourClientId}/settings,path changed,
main/docs/get-started/authentication-and-authorization-flow/authorization-code-flow-with-pkce/add-login-using-the-authorization-code-flow-with-pkce.mdx,476,en,https://manage.auth0.com/#/connections/social,rewritten,https://manage.auth0.com/dashboard/#/connections,path changed,
main/docs/get-started/authentication-and-authorization-flow/authorization-code-flow-with-pkce/call-your-api-using-the-authorization-code-flow-with-pkce.mdx,217,en,https://manage.auth0.com/#/Applications/{yourClientId}/settings,rewritten,https://manage.auth0.com/dashboard/#/applications/{yourClientId}/settings,path changed,
main/docs/get-started/authentication-and-authorization-flow/authorization-code-flow-with-pkce/call-your-api-using-the-authorization-code-flow-with-pkce.mdx,218,en,https://manage.auth0.com/#/Applications/{yourClientId}/settings,rewritten,https://manage.auth0.com/dashboard/#/applications/{yourClientId}/settings,path changed,
main/docs/get-started/authentication-and-authorization-flow/authorization-code-flow-with-pkce/call-your-api-using-the-authorization-code-flow-with-pkce.mdx,219,en,https://manage.auth0.com/#/apis,rewritten,https://manage.auth0.com/dashboard/#/apis,http → https + new path,
main/docs/get-started/authentication-and-authorization-flow/authorization-code-flow-with-pkce/call-your-api-using-the-authorization-code-flow-with-pkce.mdx,220,en,https://manage.auth0.com/#/apis,rewritten,https://manage.auth0.com/dashboard/#/apis,http → https + new path,
main/docs/get-started/authentication-and-authorization-flow/authorization-code-flow-with-pkce/call-your-api-using-the-authorization-code-flow-with-pkce.mdx,403,en,https://manage.auth0.com/#/Applications/{yourClientId}/settings,rewritten,https://manage.auth0.com/dashboard/#/applications/{yourClientId}/settings,path changed,
main/docs/get-started/authentication-and-authorization-flow/authorization-code-flow-with-pkce/call-your-api-using-the-authorization-code-flow-with-pkce.mdx,728,en,https://manage.auth0.com/#/Applications/{yourClientId}/settings,rewritten,https://manage.auth0.com/dashboard/#/applications/{yourClientId}/settings,path changed,
main/docs/get-started/authentication-and-authorization-flow/authorization-code-flow/add-login-auth-code-flow.mdx,54,en,https://manage.auth0.com/#/Applications/{yourClientId}/settings,rewritten,https://manage.auth0.com/dashboard/#/applications/{yourClientId}/settings,path changed,
main/docs/get-started/authentication-and-authorization-flow/authorization-code-flow/add-login-auth-code-flow.mdx,55,en,https://manage.auth0.com/#/Applications/{yourClientId}/settings,rewritten,https://manage.auth0.com/dashboard/#/applications/{yourClientId}/settings,path changed,
main/docs/get-started/authentication-and-authorization-flow/authorization-code-flow/add-login-auth-code-flow.mdx,56,en,https://manage.auth0.com/#/applications,rewritten,https://manage.auth0.com/dashboard/#/applications,http → https + new path,
main/docs/get-started/authentication-and-authorization-flow/authorization-code-flow/add-login-auth-code-flow.mdx,237,en,https://manage.auth0.com/#/Applications/{yourClientId}/settings,rewritten,https://manage.auth0.com/dashboard/#/applications/{yourClientId}/settings,path changed,
main/docs/get-started/authentication-and-authorization-flow/authorization-code-flow/add-login-auth-code-flow.mdx,238,en,https://manage.auth0.com/#/Applications/{yourClientId}/settings,rewritten,https://manage.auth0.com/dashboard/#/applications/{yourClientId}/settings,path changed,
main/docs/get-started/authentication-and-authorization-flow/authorization-code-flow/add-login-auth-code-flow.mdx,329,en,https://manage.auth0.com/#/connections/social,rewritten,https://manage.auth0.com/dashboard/#/connections,path changed,
main/docs/get-started/authentication-and-authorization-flow/authorization-code-flow/call-your-api-using-the-authorization-code-flow.mdx,82,en,https://manage.auth0.com/#/Applications/{yourClientId}/settings,rewritten,https://manage.auth0.com/dashboard/#/applications/{yourClientId}/settings,path changed,
main/docs/get-started/authentication-and-authorization-flow/authorization-code-flow/call-your-api-using-the-authorization-code-flow.mdx,83,en,https://manage.auth0.com/#/Applications/{yourClientId}/settings,rewritten,https://manage.auth0.com/dashboard/#/applications/{yourClientId}/settings,path changed,
main/docs/get-started/authentication-and-authorization-flow/authorization-code-flow/call-your-api-using-the-authorization-code-flow.mdx,84,en,https://manage.auth0.com/#/applications,rewritten,https://manage.auth0.com/dashboard/#/applications,http → https + new path,
main/docs/get-started/authentication-and-authorization-flow/authorization-code-flow/call-your-api-using-the-authorization-code-flow.mdx,85,en,https://manage.auth0.com/#/apis,rewritten,https://manage.auth0.com/dashboard/#/apis,http → https + new path,
main/docs/get-started/authentication-and-authorization-flow/authorization-code-flow/call-your-api-using-the-authorization-code-flow.mdx,251,en,https://manage.auth0.com/#/Applications/{yourClientId}/settings,rewritten,https://manage.auth0.com/dashboard/#/applications/{yourClientId}/settings,path changed,
main/docs/get-started/authentication-and-authorization-flow/authorization-code-flow/call-your-api-using-the-authorization-code-flow.mdx,252,en,https://manage.auth0.com/#/Applications/{yourClientId}/settings,rewritten,https://manage.auth0.com/dashboard/#/applications/{yourClientId}/settings,path changed,
main/docs/get-started/authentication-and-authorization-flow/authorization-code-flow/call-your-api-using-the-authorization-code-flow.mdx,568,en,https://manage.auth0.com/#/Applications/{yourClientId}/settings,rewritten,https://manage.auth0.com/dashboard/#/applications/{yourClientId}/settings,path changed,
main/docs/get-started/authentication-and-authorization-flow/client-credentials-flow/call-your-api-using-the-client-credentials-flow.mdx,188,en,https://manage.auth0.com/#/applications,rewritten,https://manage.auth0.com/dashboard/#/applications,http → https + new path,
main/docs/get-started/authentication-and-authorization-flow/client-credentials-flow/call-your-api-using-the-client-credentials-flow.mdx,189,en,https://manage.auth0.com/#/applications,rewritten,https://manage.auth0.com/dashboard/#/applications,http → https + new path,
main/docs/get-started/authentication-and-authorization-flow/client-credentials-flow/call-your-api-using-the-client-credentials-flow.mdx,190,en,https://manage.auth0.com/#/apis,rewritten,https://manage.auth0.com/dashboard/#/apis,http → https + new path,
main/docs/get-started/authentication-and-authorization-flow/client-credentials-flow/customize-tokens-using-hooks-with-client-credentials-flow.mdx,90,en,https://manage.auth0.com/#/applications,rewritten,https://manage.auth0.com/dashboard/#/applications,http → https + new path,
main/docs/get-started/authentication-and-authorization-flow/client-credentials-flow/customize-tokens-using-hooks-with-client-credentials-flow.mdx,90,en,https://manage.auth0.com/#/apis,rewritten,https://manage.auth0.com/dashboard/#/apis,http → https + new path,
main/docs/get-started/authentication-and-authorization-flow/device-authorization-flow/call-your-api-using-the-device-authorization-flow.mdx,29,en,https://manage.auth0.com/#,unchanged-root,,,
main/docs/get-started/authentication-and-authorization-flow/device-authorization-flow/call-your-api-using-the-device-authorization-flow.mdx,207,en,https://manage.auth0.com/#/Applications/{yourClientId}/settings,rewritten,https://manage.auth0.com/dashboard/#/applications/{yourClientId}/settings,path changed,
main/docs/get-started/authentication-and-authorization-flow/device-authorization-flow/call-your-api-using-the-device-authorization-flow.mdx,208,en,https://manage.auth0.com/#/apis,rewritten,https://manage.auth0.com/dashboard/#/apis,http → https + new path,
main/docs/get-started/authentication-and-authorization-flow/device-authorization-flow/call-your-api-using-the-device-authorization-flow.mdx,209,en,https://manage.auth0.com/#/apis,rewritten,https://manage.auth0.com/dashboard/#/apis,http → https + new path,
main/docs/get-started/authentication-and-authorization-flow/device-authorization-flow/call-your-api-using-the-device-authorization-flow.mdx,418,en,https://manage.auth0.com/#/Applications/{yourClientId}/settings,rewritten,https://manage.auth0.com/dashboard/#/applications/{yourClientId}/settings,path changed,
main/docs/get-started/authentication-and-authorization-flow/device-authorization-flow/call-your-api-using-the-device-authorization-flow.mdx,838,en,https://manage.auth0.com/#/Applications/{yourClientId}/settings,rewritten,https://manage.auth0.com/dashboard/#/applications/{yourClientId}/settings,path changed,
main/docs/get-started/authentication-and-authorization-flow/device-authorization-flow/call-your-api-using-the-device-authorization-flow.mdx,839,en,https://manage.auth0.com/#/Applications/{yourClientSecret}/settings,rewritten,https://manage.auth0.com/dashboard/#/applications/{yourClientId}/settings,path changed,
main/docs/get-started/authentication-and-authorization-flow/hybrid-flow/call-api-hybrid-flow.mdx,83,en,https://manage.auth0.com/#/Applications/{yourClientId}/settings,rewritten,https://manage.auth0.com/dashboard/#/applications/{yourClientId}/settings,path changed,
main/docs/get-started/authentication-and-authorization-flow/hybrid-flow/call-api-hybrid-flow.mdx,84,en,https://manage.auth0.com/#/Applications/{yourClientId}/settings,rewritten,https://manage.auth0.com/dashboard/#/applications/{yourClientId}/settings,path changed,
main/docs/get-started/authentication-and-authorization-flow/hybrid-flow/call-api-hybrid-flow.mdx,85,en,https://manage.auth0.com/#/applications,rewritten,https://manage.auth0.com/dashboard/#/applications,http → https + new path,
main/docs/get-started/authentication-and-authorization-flow/hybrid-flow/call-api-hybrid-flow.mdx,86,en,https://manage.auth0.com/#/apis,rewritten,https://manage.auth0.com/dashboard/#/apis,http → https + new path,
main/docs/get-started/authentication-and-authorization-flow/hybrid-flow/call-api-hybrid-flow.mdx,305,en,https://manage.auth0.com/#/Applications/{yourClientId}/settings,rewritten,https://manage.auth0.com/dashboard/#/applications/{yourClientId}/settings,path changed,
main/docs/get-started/authentication-and-authorization-flow/hybrid-flow/call-api-hybrid-flow.mdx,306,en,https://manage.auth0.com/#/Applications/{yourClientId}/settings,rewritten,https://manage.auth0.com/dashboard/#/applications/{yourClientId}/settings,path changed,
main/docs/get-started/authentication-and-authorization-flow/hybrid-flow/call-api-hybrid-flow.mdx,632,en,https://manage.auth0.com/#/Applications/{yourClientId}/settings,rewritten,https://manage.auth0.com/dashboard/#/applications/{yourClientId}/settings,path changed,
main/docs/get-started/authentication-and-authorization-flow/implicit-flow-with-form-post/add-login-using-the-implicit-flow-with-form-post.mdx,62,en,https://manage.auth0.com/#/applications/{yourClientId}/settings,rewritten,https://manage.auth0.com/dashboard/#/applications/{yourClientId}/settings,path changed,
main/docs/get-started/authentication-and-authorization-flow/implicit-flow-with-form-post/add-login-using-the-implicit-flow-with-form-post.mdx,63,en,https://manage.auth0.com/#/Applications/{yourClientId}/settings,rewritten,https://manage.auth0.com/dashboard/#/applications/{yourClientId}/settings,path changed,
main/docs/get-started/authentication-and-authorization-flow/implicit-flow-with-form-post/add-login-using-the-implicit-flow-with-form-post.mdx,190,en,https://manage.auth0.com/#/connections/social,rewritten,https://manage.auth0.com/dashboard/#/connections,path changed,
main/docs/get-started/authentication-and-authorization-flow/resource-owner-password-flow/call-your-api-using-resource-owner-password-flow.mdx,63,en,https://manage.auth0.com/#/tenant,rewritten,https://manage.auth0.com/dashboard/#/tenant/general,path changed,
main/docs/get-started/authentication-and-authorization-flow/resource-owner-password-flow/call-your-api-using-resource-owner-password-flow.mdx,223,en,https://manage.auth0.com/#/Applications/{yourClientId}/settings,rewritten,https://manage.auth0.com/dashboard/#/applications/{yourClientId}/settings,path changed,
main/docs/get-started/authentication-and-authorization-flow/resource-owner-password-flow/call-your-api-using-resource-owner-password-flow.mdx,226,en,https://manage.auth0.com/#/applications/{yourClientId}/settings,rewritten,https://manage.auth0.com/dashboard/#/applications/{yourClientId}/settings,path changed,
main/docs/get-started/authentication-and-authorization-flow/resource-owner-password-flow/call-your-api-using-resource-owner-password-flow.mdx,227,en,https://manage.auth0.com/#/apis,rewritten,https://manage.auth0.com/dashboard/#/apis,http → https + new path,
main/docs/get-started/authentication-and-authorization-flow/resource-owner-password-flow/call-your-api-using-resource-owner-password-flow.mdx,228,en,https://manage.auth0.com/#/applications,rewritten,https://manage.auth0.com/dashboard/#/applications,http → https + new path,
main/docs/get-started/authentication-and-authorization-flow/resource-owner-password-flow/call-your-api-using-resource-owner-password-flow.mdx,556,en,https://manage.auth0.com/#/Applications/{yourClientId}/settings,rewritten,https://manage.auth0.com/dashboard/#/applications/{yourClientId}/settings,path changed,
main/docs/get-started/b2b-connect-enterprise.mdx,102,en,https://manage.auth0.com/#/b2b-integrations,rewritten,https://manage.auth0.com/dashboard/#/applications/b2b-integrations,path changed,
main/docs/get-started/b2b-connect-enterprise.mdx,182,en,https://manage.auth0.com/#/b2b-integrations,rewritten,https://manage.auth0.com/dashboard/#/applications/b2b-integrations,path changed,
main/docs/get-started/b2b-connect-enterprise.mdx,234,en,https://manage.auth0.com/#/event-streams,rewritten,https://manage.auth0.com/dashboard/#/events/event-streams,path changed,
main/docs/get-started/b2b-connect-enterprise.mdx,287,en,https://manage.auth0.com/#/tenant/advanced,rewritten,https://manage.auth0.com/dashboard/#/tenant/advanced,add /dashboard/ prefix,
main/docs/get-started/b2b-connect-enterprise.mdx,355,en,https://manage.auth0.com/dashboard/#/organizations/list,unchanged-new,,already in new form,
main/docs/get-started/b2b-connect-enterprise.mdx,359,en,https://manage.auth0.com/dashboard/#/b2b-integrations/organizations,rewritten,https://manage.auth0.com/dashboard/#/organizations/list,path changed,
main/docs/get-started/b2b-connect-enterprise/configure-aws-cognito.mdx,69,en,https://manage.auth0.com/dashboard/#/b2b-integrations,rewritten,https://manage.auth0.com/dashboard/#/applications/b2b-integrations,path changed,
main/docs/get-started/b2b-connect-enterprise/configure-keycloak.mdx,70,en,https://manage.auth0.com/dashboard/#/b2b-integrations,rewritten,https://manage.auth0.com/dashboard/#/applications/b2b-integrations,path changed,
main/docs/get-started/b2b-connect-enterprise/configure-ory.mdx,77,en,https://manage.auth0.com/dashboard/#/b2b-integrations,rewritten,https://manage.auth0.com/dashboard/#/applications/b2b-integrations,path changed,
main/docs/get-started/dashboard-profile/auth0-dashboard-login-session-management.mdx,7,en,https://manage.auth0.com/#/profile/sessions,rewritten,https://manage.auth0.com/dashboard/#/tenant/admins,path changed,
main/docs/get-started/manage-dashboard-access/add-change-remove-mfa.mdx,7,en,https://manage.auth0.com/#/profile,rewritten,https://manage.auth0.com/dashboard/#/tenant/admins,path changed,
main/docs/get-started/manage-dashboard-access/add-change-remove-mfa.mdx,7,en,https://manage.auth0.com/#/tenant/admins,rewritten,https://manage.auth0.com/dashboard/#/tenant/admins,add /dashboard/ prefix,
main/docs/get-started/manage-dashboard-access/add-change-remove-mfa/add-mfa.mdx,5,en,https://manage.auth0.com/#/profile,rewritten,https://manage.auth0.com/dashboard/#/tenant/admins,path changed,
main/docs/get-started/manage-dashboard-access/add-change-remove-mfa/add-mfa.mdx,27,en,https://manage.auth0.com/#/profile,rewritten,https://manage.auth0.com/dashboard/#/tenant/admins,path changed,
main/docs/get-started/manage-dashboard-access/add-change-remove-mfa/add-mfa.mdx,47,en,https://manage.auth0.com/#/profile,rewritten,https://manage.auth0.com/dashboard/#/tenant/admins,path changed,
main/docs/get-started/manage-dashboard-access/add-change-remove-mfa/remove-or-change-dashboard-multi-factor-authentication.mdx,31,en,https://manage.auth0.com/#/profile,rewritten,https://manage.auth0.com/dashboard/#/tenant/admins,path changed,
main/docs/get-started/manage-dashboard-access/add-change-remove-mfa/remove-or-change-dashboard-multi-factor-authentication.mdx,35,en,https://manage.auth0.com/#/profile,rewritten,https://manage.auth0.com/dashboard/#/tenant/admins,path changed,
main/docs/get-started/manage-dashboard-access/add-change-remove-mfa/remove-or-change-dashboard-multi-factor-authentication.mdx,47,en,https://manage.auth0.com/#/profile,rewritten,https://manage.auth0.com/dashboard/#/tenant/admins,path changed,
main/docs/get-started/manage-dashboard-access/add-dashboard-users.mdx,34,en,https://manage.auth0.com/#/tenant/admins,rewritten,https://manage.auth0.com/dashboard/#/tenant/admins,add /dashboard/ prefix,
main/docs/get-started/manage-dashboard-access/add-dashboard-users.mdx,41,en,https://manage.auth0.com/#/tenant/admins,rewritten,https://manage.auth0.com/dashboard/#/tenant/admins,add /dashboard/ prefix,
main/docs/get-started/manage-dashboard-access/configure-single-sign-on-for-auth0-dashboard.mdx,113,en,https://manage.auth0.com/login?connection={assignedConnectionName},unchanged-root,,,
main/docs/get-started/manage-dashboard-access/configure-single-sign-on-for-auth0-dashboard.mdx,153,en,https://manage.auth0.com/login?connection={assignedConnectionName},unchanged-root,,,
main/docs/get-started/manage-dashboard-access/configure-single-sign-on-for-auth0-dashboard.mdx,165,en,https://manage.auth0.com/login?connection={assignedConnectionName},unchanged-root,,,
main/docs/get-started/manage-dashboard-access/configure-single-sign-on-for-auth0-dashboard.mdx,219,en,https://manage.auth0.com/login?connection={assignedConnectionName},unchanged-root,,,
main/docs/get-started/manage-dashboard-access/configure-single-sign-on-for-auth0-dashboard.mdx,251,en,https://manage.auth0.com/login?connection=auth0,unchanged-root,,,
main/docs/get-started/manage-dashboard-access/configure-single-sign-on-for-auth0-dashboard.mdx,281,en,https://manage.auth0.com/login?connection={assignedConnectionName},unchanged-root,,,
main/docs/get-started/manage-dashboard-access/edit-dashboard-users.mdx,9,en,https://manage.auth0.com/#/tenant/admins,rewritten,https://manage.auth0.com/dashboard/#/tenant/admins,add /dashboard/ prefix,
main/docs/get-started/manage-dashboard-access/remove-dashboard-users.mdx,7,en,https://manage.auth0.com/#/tenant/admins,rewritten,https://manage.auth0.com/dashboard/#/tenant/admins,add /dashboard/ prefix,
main/docs/get-started/manage-dashboard-access/update-dashboard-user-email.mdx,7,en,https://manage.auth0.com/#/tenants/admins,rewritten,https://manage.auth0.com/dashboard/#/tenant/admins,path changed,
main/docs/get-started/tenant-settings.mdx,6,en,https://manage.auth0.com/#/tenant,rewritten,https://manage.auth0.com/dashboard/#/tenant/general,path changed,
main/docs/get-started/tenant-settings.mdx,150,en,https://manage.auth0.com/#/password_reset,rewritten,https://manage.auth0.com/dashboard/#/password_reset,add /dashboard/ prefix,
main/docs/get-started/tenant-settings/configure-device-user-code-settings.mdx,7,en,https://manage.auth0.com/#/tenant,rewritten,https://manage.auth0.com/dashboard/#/tenant/general,path changed,
main/docs/get-started/tenant-settings/enable-sso-for-legacy-tenants.mdx,13,en,https://manage.auth0.com/#/tenant,rewritten,https://manage.auth0.com/dashboard/#/tenant/general,path changed,
main/docs/get-started/tenant-settings/find-your-tenant-name-or-tenant-id.mdx,7,en,https://manage.auth0.com/#,unchanged-root,,,
main/docs/get-started/tenant-settings/signing-keys/revoke-signing-keys.mdx,26,en,https://manage.auth0.com/#/tenant/signing_keys,rewritten,https://manage.auth0.com/dashboard/#/tenant/signing_keys,add /dashboard/ prefix,
main/docs/get-started/tenant-settings/signing-keys/revoke-signing-keys.mdx,34,en,https://manage.auth0.com/#/tenant/signing_keys,rewritten,https://manage.auth0.com/dashboard/#/tenant/signing_keys,add /dashboard/ prefix,
main/docs/get-started/tenant-settings/signing-keys/rotate-signing-keys.mdx,31,en,https://manage.auth0.com/#/tenant/signing_keys,rewritten,https://manage.auth0.com/dashboard/#/tenant/signing_keys,add /dashboard/ prefix,
main/docs/get-started/tenant-settings/signing-keys/view-signing-certificates.mdx,15,en,https://manage.auth0.com/#/tenant/signing_keys,rewritten,https://manage.auth0.com/dashboard/#/tenant/signing_keys,add /dashboard/ prefix,
main/docs/get-started/tenant-settings/signing-keys/view-signing-certificates.mdx,29,en,https://manage.auth0.com/#/applications,rewritten,https://manage.auth0.com/dashboard/#/applications,http → https + new path,
main/docs/get-started/tenant-settings/signing-keys/view-signing-certificates.mdx,37,en,https://manage.auth0.com/#/applications,rewritten,https://manage.auth0.com/dashboard/#/applications,http → https + new path,
main/docs/get-started/universal-components/android/components/my-account-overview.mdx,43,en,https://manage.auth0.com/#/apis,rewritten,https://manage.auth0.com/dashboard/#/apis,http → https + new path,
main/docs/get-started/universal-components/android/components/my-account-overview.mdx,48,en,https://manage.auth0.com/#/applications,rewritten,https://manage.auth0.com/dashboard/#/applications,http → https + new path,
main/docs/get-started/universal-components/ios/components/my-account-overview.mdx,43,en,https://manage.auth0.com/#/apis,rewritten,https://manage.auth0.com/dashboard/#/apis,http → https + new path,
main/docs/get-started/universal-components/ios/components/my-account-overview.mdx,48,en,https://manage.auth0.com/#/applications,rewritten,https://manage.auth0.com/dashboard/#/applications,http → https + new path,
main/docs/get-started/universal-components/web/components/build-delegated-admin.mdx,68,en,https://manage.auth0.com/#/applications,rewritten,https://manage.auth0.com/dashboard/#/applications,http → https + new path,
main/docs/get-started/universal-components/web/components/build-delegated-admin.mdx,80,en,https://manage.auth0.com/#/applications,rewritten,https://manage.auth0.com/dashboard/#/applications,http → https + new path,
main/docs/get-started/universal-components/web/components/build-delegated-admin.mdx,103,en,https://manage.auth0.com/#/connections/database,rewritten,https://manage.auth0.com/dashboard/#/authentication/database,http → https + new path,
main/docs/get-started/universal-components/web/components/build-delegated-admin.mdx,154,en,https://manage.auth0.com/#/organizations,rewritten,https://manage.auth0.com/dashboard/#/organizations/list,path changed,
main/docs/get-started/universal-components/web/components/build-delegated-admin.mdx,192,en,https://manage.auth0.com/#/applications,rewritten,https://manage.auth0.com/dashboard/#/applications,http → https + new path,
main/docs/get-started/universal-components/web/components/build-delegated-admin.mdx,204,en,https://manage.auth0.com/#/applications,rewritten,https://manage.auth0.com/dashboard/#/applications,http → https + new path,
main/docs/get-started/universal-components/web/components/build-delegated-admin.mdx,227,en,https://manage.auth0.com/#/connections/database,rewritten,https://manage.auth0.com/dashboard/#/authentication/database,http → https + new path,
main/docs/get-started/universal-components/web/components/build-delegated-admin.mdx,278,en,https://manage.auth0.com/#/organizations,rewritten,https://manage.auth0.com/dashboard/#/organizations/list,path changed,
main/docs/get-started/universal-components/web/components/build-delegated-admin.mdx,318,en,https://manage.auth0.com/#/applications,rewritten,https://manage.auth0.com/dashboard/#/applications,http → https + new path,
main/docs/get-started/universal-components/web/components/build-delegated-admin.mdx,331,en,https://manage.auth0.com/#/applications,rewritten,https://manage.auth0.com/dashboard/#/applications,http → https + new path,
main/docs/get-started/universal-components/web/components/build-delegated-admin.mdx,354,en,https://manage.auth0.com/#/connections/database,rewritten,https://manage.auth0.com/dashboard/#/authentication/database,http → https + new path,
main/docs/get-started/universal-components/web/components/build-delegated-admin.mdx,405,en,https://manage.auth0.com/#/organizations,rewritten,https://manage.auth0.com/dashboard/#/organizations/list,path changed,
main/docs/get-started/universal-components/web/components/my-account-overview.mdx,50,en,https://manage.auth0.com/#/apis,rewritten,https://manage.auth0.com/dashboard/#/apis,http → https + new path,
main/docs/get-started/universal-components/web/components/my-account-overview.mdx,55,en,https://manage.auth0.com/#/applications,rewritten,https://manage.auth0.com/dashboard/#/applications,http → https + new path,
main/docs/get-started/universal-components/web/components/my-account-overview.mdx,142,en,https://manage.auth0.com/#/apis,rewritten,https://manage.auth0.com/dashboard/#/apis,http → https + new path,
main/docs/get-started/universal-components/web/components/my-account-overview.mdx,147,en,https://manage.auth0.com/#/applications,rewritten,https://manage.auth0.com/dashboard/#/applications,http → https + new path,
main/docs/get-started/universal-components/web/components/my-account-overview.mdx,168,en,https://manage.auth0.com/#/connections/database,rewritten,https://manage.auth0.com/dashboard/#/authentication/database,http → https + new path,
main/docs/get-started/universal-components/web/components/my-account-overview.mdx,170,en,https://manage.auth0.com/#/users,rewritten,https://manage.auth0.com/dashboard/#/users,add /dashboard/ prefix,
main/docs/get-started/universal-components/web/components/my-account-overview.mdx,245,en,https://manage.auth0.com/#/apis,rewritten,https://manage.auth0.com/dashboard/#/apis,http → https + new path,
main/docs/get-started/universal-components/web/components/my-account-overview.mdx,250,en,https://manage.auth0.com/#/applications,rewritten,https://manage.auth0.com/dashboard/#/applications,http → https + new path,
main/docs/get-started/universal-components/web/components/my-account-overview.mdx,271,en,https://manage.auth0.com/#/connections/database,rewritten,https://manage.auth0.com/dashboard/#/authentication/database,http → https + new path,
main/docs/get-started/universal-components/web/components/my-account-overview.mdx,273,en,https://manage.auth0.com/#/users,rewritten,https://manage.auth0.com/dashboard/#/users,add /dashboard/ prefix,
main/docs/get-started/universal-components/web/components/user-mfa-management.mdx,63,en,https://manage.auth0.com/dashboard/#/security/mfa,rewritten,https://manage.auth0.com/dashboard/#/authentication/mfa,path changed,
main/docs/get-started/universal-components/web/components/user-mfa-management.mdx,182,en,https://manage.auth0.com/dashboard/#/security/mfa,rewritten,https://manage.auth0.com/dashboard/#/authentication/mfa,path changed,
main/docs/get-started/universal-components/web/components/user-mfa-management.mdx,275,en,https://manage.auth0.com/dashboard/#/security/mfa,rewritten,https://manage.auth0.com/dashboard/#/authentication/mfa,path changed,
main/docs/ja-jp/api/authentication.mdx,98,ja-jp,https://manage.auth0.com/dashboard/,rewritten,https://manage.auth0.com/dashboard/#/,path changed,
main/docs/ja-jp/api/authentication/account-linking-legacy/link.mdx,20,ja-jp,https://manage.auth0.com/dashboard,rewritten,https://manage.auth0.com/dashboard/#/,path changed,
main/docs/ja-jp/api/authentication/implicit-flow/authorize.mdx,25,ja-jp,https://manage.auth0.com/dashboard,rewritten,https://manage.auth0.com/dashboard/#/,path changed,
main/docs/ja-jp/api/authentication/login-legacy/database-ad-lapd-active.mdx,22,ja-jp,http://manage.auth0.com/login,unchanged-root,,,
main/docs/ja-jp/api/authentication/login/authenticate-using-database.mdx,10,ja-jp,http://manage.auth0.com/login,unchanged-root,,,
main/docs/ja-jp/api/authentication/login/authenticate-using-database.mdx,13,ja-jp,http://manage.auth0.com/login,unchanged-root,,,
main/docs/ja-jp/api/authentication/login/authenticate-using-database.mdx,19,ja-jp,http://manage.auth0.com/login,unchanged-root,,,
main/docs/ja-jp/api/authentication/login/authenticate-using-database.mdx,43,ja-jp,http://manage.auth0.com/login,unchanged-root,,,
main/docs/ja-jp/api/authentication/login/authenticate-using-database.mdx,47,ja-jp,https://manage.auth0.com/dashboard/#/applications,unchanged-new,,already in new form,
main/docs/ja-jp/api/authentication/login/enterprise-saml-and-others.mdx,17,ja-jp,http://manage.auth0.com/login,unchanged-root,,,
main/docs/ja-jp/api/authentication/login/enterprise-saml-and-others.mdx,40,ja-jp,http://manage.auth0.com/login,unchanged-root,,,
main/docs/ja-jp/api/authentication/revoke-refresh-token/revoke-refresh-token.mdx,20,ja-jp,https://manage.auth0.com/dashboard,rewritten,https://manage.auth0.com/dashboard/#/,path changed,
main/docs/ja-jp/api/myorganization.mdx,32,ja-jp,https://manage.auth0.com/#/apis,rewritten,https://manage.auth0.com/dashboard/#/apis,http → https + new path,
main/docs/ja-jp/api/myorganization.mdx,60,ja-jp,https://manage.auth0.com/#/apis,rewritten,https://manage.auth0.com/dashboard/#/apis,http → https + new path,
main/docs/ja-jp/authenticate/database-connections.mdx,10,ja-jp,https://manage.auth0.com/#/connections/database,rewritten,https://manage.auth0.com/dashboard/#/authentication/database,http → https + new path,
main/docs/ja-jp/authenticate/database-connections/activate-and-configure-attributes-for-flexible-identifiers.mdx,17,ja-jp,https://manage.auth0.com/#/connections/database,rewritten,https://manage.auth0.com/dashboard/#/authentication/database,http → https + new path,
main/docs/ja-jp/authenticate/database-connections/activate-and-configure-attributes-for-flexible-identifiers.mdx,24,ja-jp,https://manage.auth0.com/#/connections/database,rewritten,https://manage.auth0.com/dashboard/#/authentication/database,http → https + new path,
main/docs/ja-jp/authenticate/database-connections/custom-db/create-db-connection.mdx,35,ja-jp,https://manage.auth0.com/#/connections/database,rewritten,https://manage.auth0.com/dashboard/#/authentication/database,http → https + new path,
main/docs/ja-jp/authenticate/database-connections/custom-db/create-db-connection.mdx,35,ja-jp,https://manage.auth0.com/#/connections/database/new,rewritten,https://manage.auth0.com/dashboard/#/authentication/database,path changed,
main/docs/ja-jp/authenticate/database-connections/custom-db/create-db-connection.mdx,161,ja-jp,https://manage.auth0.com/dashboard/us/#/connections/database/,rewritten,https://manage.auth0.com/dashboard/#/authentication/database,path changed,
main/docs/ja-jp/authenticate/database-connections/custom-db/test-custom-database-connections.mdx,15,ja-jp,https://manage.auth0.com/#/applications/applications/create,rewritten,https://manage.auth0.com/dashboard/#/applications,path changed,
main/docs/ja-jp/authenticate/database-connections/custom-db/test-custom-database-connections.mdx,23,ja-jp,https://manage.auth0.com/#/apis,rewritten,https://manage.auth0.com/dashboard/#/apis,http → https + new path,
main/docs/ja-jp/authenticate/database-connections/custom-db/test-custom-database-connections.mdx,41,ja-jp,https://manage.auth0.com/#/connections/database,rewritten,https://manage.auth0.com/dashboard/#/authentication/database,http → https + new path,
main/docs/ja-jp/authenticate/database-connections/custom-db/test-custom-database-connections.mdx,47,ja-jp,https://manage.auth0.com/#/users,rewritten,https://manage.auth0.com/dashboard/#/users,add /dashboard/ prefix,
main/docs/ja-jp/authenticate/database-connections/custom-db/test-custom-database-connections.mdx,76,ja-jp,https://manage.auth0.com/#/connections/database,rewritten,https://manage.auth0.com/dashboard/#/authentication/database,http → https + new path,
main/docs/ja-jp/authenticate/database-connections/flexible-password-policy.mdx,38,ja-jp,https://manage.auth0.com/#/connections/database,rewritten,https://manage.auth0.com/dashboard/#/authentication/database,http → https + new path,
main/docs/ja-jp/authenticate/database-connections/passkeys.mdx,130,ja-jp,https://manage.auth0.com/#/applications,rewritten,https://manage.auth0.com/dashboard/#/applications,http → https + new path,
main/docs/ja-jp/authenticate/database-connections/passkeys/configure-passkey-policy.mdx,19,ja-jp,https://manage.auth0.com/#/login_page,rewritten,https://manage.auth0.com/dashboard/#/login_page,add /dashboard/ prefix,
main/docs/ja-jp/authenticate/database-connections/passkeys/configure-passkey-policy.mdx,119,ja-jp,https://manage.auth0.com/#/connections/database,rewritten,https://manage.auth0.com/dashboard/#/authentication/database,http → https + new path,
main/docs/ja-jp/authenticate/database-connections/passkeys/configure-passkey-policy.mdx,177,ja-jp,https://manage.auth0.com/#/applications,rewritten,https://manage.auth0.com/dashboard/#/applications,http → https + new path,
main/docs/ja-jp/authenticate/database-connections/passkeys/configure-passkey-policy.mdx,181,ja-jp,https://manage.auth0.com/#/tenant/relying_party_ids,rewritten,https://manage.auth0.com/dashboard/#/tenant/relying_party_ids,add /dashboard/ prefix,
main/docs/ja-jp/authenticate/database-connections/passkeys/monitor-passkey-events-in-tenant-logs.mdx,8,ja-jp,https://manage.auth0.com/#/logs,rewritten,https://manage.auth0.com/dashboard/#/logging/logs,path changed,
main/docs/ja-jp/authenticate/database-connections/passkeys/passkey-apis.mdx,49,ja-jp,https://manage.auth0.com/#/applications,rewritten,https://manage.auth0.com/dashboard/#/applications,http → https + new path,
main/docs/ja-jp/authenticate/database-connections/passkeys/passkey-apis.mdx,65,ja-jp,https://manage.auth0.com/#/applications,rewritten,https://manage.auth0.com/dashboard/#/applications,http → https + new path,
main/docs/ja-jp/authenticate/database-connections/passkeys/passkey-apis.mdx,78,ja-jp,https://manage.auth0.com/#/applications,rewritten,https://manage.auth0.com/dashboard/#/applications,http → https + new path,
main/docs/ja-jp/authenticate/database-connections/passkeys/passkey-apis.mdx,92,ja-jp,https://manage.auth0.com/#/applications,rewritten,https://manage.auth0.com/dashboard/#/applications,http → https + new path,
main/docs/ja-jp/authenticate/database-connections/passkeys/passkey-apis.mdx,104,ja-jp,https://manage.auth0.com/#/tenant/relying_party_ids,rewritten,https://manage.auth0.com/dashboard/#/tenant/relying_party_ids,add /dashboard/ prefix,
main/docs/ja-jp/authenticate/database-connections/password-change.mdx,50,ja-jp,https://manage.auth0.com/#/applications/\{yourClientId}/settings,rewritten,https://manage.auth0.com/dashboard/#/applications/{yourClientId}/settings,path changed,
main/docs/ja-jp/authenticate/database-connections/password-change.mdx,398,ja-jp,https://manage.auth0.com/#/users,rewritten,https://manage.auth0.com/dashboard/#/users,add /dashboard/ prefix,
main/docs/ja-jp/authenticate/database-connections/password-options.mdx,28,ja-jp,https://manage.auth0.com/#/connections/database,rewritten,https://manage.auth0.com/dashboard/#/authentication/database,http → https + new path,
main/docs/ja-jp/authenticate/database-connections/passwordless-authentication-for-db-connect.mdx,30,ja-jp,https://manage.auth0.com/#/phone/templates/phone/provider,rewritten,https://manage.auth0.com/dashboard/#/phone/provider,path changed,
main/docs/ja-jp/authenticate/database-connections/passwordless-authentication-for-db-connect.mdx,33,ja-jp,https://manage.auth0.com/#/connections/passwordless,rewritten,https://manage.auth0.com/dashboard/#/authentication/passwordless,path changed,
main/docs/ja-jp/authenticate/database-connections/passwordless-authentication-for-db-connect.mdx,66,ja-jp,https://manage.auth0.com/#/connections/database,rewritten,https://manage.auth0.com/dashboard/#/authentication/database,http → https + new path,
main/docs/ja-jp/authenticate/database-connections/passwordless-authentication-for-db-connect.mdx,274,ja-jp,https://manage.auth0.com/#/connections/database,rewritten,https://manage.auth0.com/dashboard/#/authentication/database,http → https + new path,
main/docs/ja-jp/authenticate/database-connections/passwordless-authentication-for-db-connect.mdx,403,ja-jp,https://manage.auth0.com/#/actions/triggers,rewritten,https://manage.auth0.com/dashboard/#/actions/triggers,add /dashboard/ prefix,
main/docs/ja-jp/authenticate/database-connections/require-username.mdx,10,ja-jp,https://manage.auth0.com/#/connections/database,rewritten,https://manage.auth0.com/dashboard/#/authentication/database,http → https + new path,
main/docs/ja-jp/authenticate/enterprise-connections.mdx,34,ja-jp,https://manage.auth0.com/#/connections/enterprise,rewritten,https://manage.auth0.com/dashboard/#/connections/enterprise,add /dashboard/ prefix,
main/docs/ja-jp/authenticate/enterprise-connections/enable-dpop-enterprise-connections.mdx,57,ja-jp,https://manage.auth0.com/dashboard/#/connections/enterprise/,unchanged-new,,already in new form,
main/docs/ja-jp/authenticate/enterprise-connections/enable-dpop-enterprise-connections.mdx,101,ja-jp,https://manage.auth0.com/#/logs,rewritten,https://manage.auth0.com/dashboard/#/logging/logs,path changed,
main/docs/ja-jp/authenticate/enterprise-connections/enable-dpop-enterprise-connections.mdx,128,ja-jp,https://manage.auth0.com/dashboard/#/connections/enterprise/,unchanged-new,,already in new form,
main/docs/ja-jp/authenticate/enterprise-connections/enable-dpop-enterprise-connections.mdx,163,ja-jp,https://manage.auth0.com/#/connections/enterprise,rewritten,https://manage.auth0.com/dashboard/#/connections/enterprise,add /dashboard/ prefix,
main/docs/ja-jp/authenticate/enterprise-connections/private-key-jwt-client-auth.mdx,80,ja-jp,https://manage.auth0.com/#/connections/enterprise,rewritten,https://manage.auth0.com/dashboard/#/connections/enterprise,add /dashboard/ prefix,
main/docs/ja-jp/authenticate/enterprise-connections/private-key-jwt-client-auth.mdx,91,ja-jp,https://manage.auth0.com/#/connections/enterprise,rewritten,https://manage.auth0.com/dashboard/#/connections/enterprise,add /dashboard/ prefix,
main/docs/ja-jp/authenticate/enterprise-connections/private-key-jwt-client-auth.mdx,175,ja-jp,https://manage.auth0.com/#/connections/enterprise,rewritten,https://manage.auth0.com/dashboard/#/connections/enterprise,add /dashboard/ prefix,
main/docs/ja-jp/authenticate/enterprise-connections/private-key-jwt-client-auth.mdx,267,ja-jp,https://manage.auth0.com/#/connections/enterprise,rewritten,https://manage.auth0.com/dashboard/#/connections/enterprise,add /dashboard/ prefix,
main/docs/ja-jp/authenticate/enterprise-connections/self-service-enterprise-configuration/manage-self-service-enterprise-config.mdx,41,ja-jp,https://manage.auth0.com/#/connections/enterprise,rewritten,https://manage.auth0.com/dashboard/#/connections/enterprise,add /dashboard/ prefix,
main/docs/ja-jp/authenticate/enterprise-connections/self-service-enterprise-configuration/manage-self-service-enterprise-config.mdx,240,ja-jp,https://manage.auth0.com/#/connections/enterprise,rewritten,https://manage.auth0.com/dashboard/#/connections/enterprise,add /dashboard/ prefix,
main/docs/ja-jp/authenticate/enterprise-connections/self-service-enterprise-configuration/manage-self-service-enterprise-config.mdx,330,ja-jp,https://manage.auth0.com/#/organizations,rewritten,https://manage.auth0.com/dashboard/#/organizations/list,path changed,
main/docs/ja-jp/authenticate/enterprise-connections/self-service-enterprise-configuration/manage-self-service-enterprise-config.mdx,432,ja-jp,https://manage.auth0.com/#/connections/enterprise,rewritten,https://manage.auth0.com/dashboard/#/connections/enterprise,add /dashboard/ prefix,
main/docs/ja-jp/authenticate/enterprise-connections/self-service-enterprise-configuration/manage-self-service-enterprise-config.mdx,493,ja-jp,https://manage.auth0.com/#/connections/enterprise,rewritten,https://manage.auth0.com/dashboard/#/connections/enterprise,add /dashboard/ prefix,
main/docs/ja-jp/authenticate/enterprise-connections/session-expiry-enterprise-connections.mdx,69,ja-jp,https://manage.auth0.com/#/connections/enterprise,rewritten,https://manage.auth0.com/dashboard/#/connections/enterprise,add /dashboard/ prefix,
main/docs/ja-jp/authenticate/enterprise-connections/session-expiry-enterprise-connections.mdx,111,ja-jp,https://manage.auth0.com/#/actions/library,rewritten,https://manage.auth0.com/dashboard/#/actions/custom,path changed,
main/docs/ja-jp/authenticate/enterprise-connections/session-expiry-enterprise-connections.mdx,129,ja-jp,https://manage.auth0.com/#/actions/triggers,rewritten,https://manage.auth0.com/dashboard/#/actions/triggers,add /dashboard/ prefix,
main/docs/ja-jp/authenticate/enterprise-connections/session-expiry-enterprise-connections.mdx,252,ja-jp,https://manage.auth0.com/#/logs,rewritten,https://manage.auth0.com/dashboard/#/logging/logs,path changed,
main/docs/ja-jp/authenticate/enterprise-connections/session-expiry-enterprise-connections.mdx,270,ja-jp,https://manage.auth0.com/#/connections/enterprise,rewritten,https://manage.auth0.com/dashboard/#/connections/enterprise,add /dashboard/ prefix,
main/docs/ja-jp/authenticate/enterprise-connections/user-attribute-profile.mdx,143,ja-jp,http://manage.auth0.com/*/connections/enterprise/self-service-profiles,rewritten,https://manage.auth0.com/login?connection={assignedConnectionName},http → https + new path,
main/docs/ja-jp/authenticate/identity-providers/adding-scopes-for-an-external-idp.mdx,14,ja-jp,https://manage.auth0.com/#/connections/social,rewritten,https://manage.auth0.com/dashboard/#/connections,path changed,
main/docs/ja-jp/authenticate/identity-providers/calling-an-external-idp-api.mdx,45,ja-jp,https://manage.auth0.com/#/apis,rewritten,https://manage.auth0.com/dashboard/#/apis,http → https + new path,
main/docs/ja-jp/authenticate/identity-providers/calling-an-external-idp-api.mdx,45,ja-jp,https://manage.auth0.com/#/apis/management/authorized-clients,rewritten,https://manage.auth0.com/dashboard/#/apis/{apiId}/authorized-clients,path changed,
main/docs/ja-jp/authenticate/identity-providers/calling-an-external-idp-api.mdx,53,ja-jp,https://manage.auth0.com/#/applications,rewritten,https://manage.auth0.com/dashboard/#/applications,http → https + new path,
main/docs/ja-jp/authenticate/identity-providers/calling-an-external-idp-api.mdx,64,ja-jp,https://manage.auth0.com/#/apis/management/authorized-clients,rewritten,https://manage.auth0.com/dashboard/#/apis/{apiId}/authorized-clients,path changed,
main/docs/ja-jp/authenticate/identity-providers/calling-an-external-idp-api.mdx,64,ja-jp,https://manage.auth0.com/#/apis/management/authorized-clients,rewritten,https://manage.auth0.com/dashboard/#/apis/{apiId}/authorized-clients,path changed,
main/docs/ja-jp/authenticate/identity-providers/calling-an-external-idp-api.mdx,72,ja-jp,https://manage.auth0.com/#/apis/management/authorized-clients,rewritten,https://manage.auth0.com/dashboard/#/apis/{apiId}/authorized-clients,path changed,
main/docs/ja-jp/authenticate/identity-providers/calling-an-external-idp-api.mdx,72,ja-jp,https://manage.auth0.com/#/apis/management/test,rewritten,https://manage.auth0.com/dashboard/#/apis/{apiId}/test,path changed,
main/docs/ja-jp/authenticate/identity-providers/calling-an-external-idp-api.mdx,85,ja-jp,https://manage.auth0.com/#/apis,rewritten,https://manage.auth0.com/dashboard/#/apis,http → https + new path,
main/docs/ja-jp/authenticate/identity-providers/calling-an-external-idp-api.mdx,85,ja-jp,https://manage.auth0.com/#/apis/management/authorized-clients,rewritten,https://manage.auth0.com/dashboard/#/apis/{apiId}/authorized-clients,path changed,
main/docs/ja-jp/authenticate/identity-providers/calling-an-external-idp-api.mdx,236,ja-jp,https://manage.auth0.com/#/users,rewritten,https://manage.auth0.com/dashboard/#/users,add /dashboard/ prefix,
main/docs/ja-jp/authenticate/identity-providers/enterprise-identity-providers/active-directory-ldap.mdx,36,ja-jp,https://manage.auth0.com/#/connections/enterprise,rewritten,https://manage.auth0.com/dashboard/#/connections/enterprise,add /dashboard/ prefix,
main/docs/ja-jp/authenticate/identity-providers/enterprise-identity-providers/active-directory-ldap/ad-ldap-connector/ad-ldap-connector-test-environment.mdx,34,ja-jp,https://manage.auth0.com/#/connections/enterprise,rewritten,https://manage.auth0.com/dashboard/#/connections/enterprise,add /dashboard/ prefix,
main/docs/ja-jp/authenticate/identity-providers/enterprise-identity-providers/active-directory-ldap/ad-ldap-connector/ad-ldap-connector-test-environment.mdx,51,ja-jp,https://manage.auth0.com/#/applications,rewritten,https://manage.auth0.com/dashboard/#/applications,http → https + new path,
main/docs/ja-jp/authenticate/identity-providers/enterprise-identity-providers/active-directory-ldap/ad-ldap-connector/ad-ldap-high-availability.mdx,42,ja-jp,https://manage.auth0.com/#/connections/enterprise/ad,rewritten,https://manage.auth0.com/dashboard/#/connections/enterprise/ad,add /dashboard/ prefix,
main/docs/ja-jp/authenticate/identity-providers/enterprise-identity-providers/active-directory-ldap/ad-ldap-connector/configure-ad-ldap-connector-client-certificates.mdx,10,ja-jp,https://manage.auth0.com/#/connections/enterprise/ad,rewritten,https://manage.auth0.com/dashboard/#/connections/enterprise/ad,add /dashboard/ prefix,
main/docs/ja-jp/authenticate/identity-providers/enterprise-identity-providers/active-directory-ldap/ad-ldap-connector/configure-ad-ldap-connector-with-kerberos.mdx,10,ja-jp,https://manage.auth0.com/#/connections/enterprise/ad,rewritten,https://manage.auth0.com/dashboard/#/connections/enterprise/ad,add /dashboard/ prefix,
main/docs/ja-jp/authenticate/identity-providers/enterprise-identity-providers/active-directory-ldap/ad-ldap-connector/disable-credential-caching.mdx,8,ja-jp,https://manage.auth0.com/#/connections/enterprise,rewritten,https://manage.auth0.com/dashboard/#/connections/enterprise,add /dashboard/ prefix,
main/docs/ja-jp/authenticate/identity-providers/enterprise-identity-providers/active-directory-ldap/ad-ldap-connector/install-configure-ad-ldap-connector.mdx,25,ja-jp,https://manage.auth0.com/#/connections/enterprise/ad,rewritten,https://manage.auth0.com/dashboard/#/connections/enterprise/ad,add /dashboard/ prefix,
main/docs/ja-jp/authenticate/identity-providers/enterprise-identity-providers/azure-active-directory-native.mdx,129,ja-jp,https://manage.auth0.com/#/connections/enterprise,rewritten,https://manage.auth0.com/dashboard/#/connections/enterprise,add /dashboard/ prefix,
main/docs/ja-jp/authenticate/identity-providers/enterprise-identity-providers/azure-active-directory/v2.mdx,90,ja-jp,https://manage.auth0.com/#/connections/enterprise,rewritten,https://manage.auth0.com/dashboard/#/connections/enterprise,add /dashboard/ prefix,
main/docs/ja-jp/authenticate/identity-providers/enterprise-identity-providers/azuread-adfs-email-verification.mdx,28,ja-jp,https://manage.auth0.com/#/tenant/advanced,rewritten,https://manage.auth0.com/dashboard/#/tenant/advanced,add /dashboard/ prefix,
main/docs/ja-jp/authenticate/identity-providers/enterprise-identity-providers/choose-a-connection-type-for-azure-ad.mdx,22,ja-jp,https://manage.auth0.com/dashboard/#/connections/enterprise,unchanged-new,,already in new form,
main/docs/ja-jp/authenticate/identity-providers/enterprise-identity-providers/configure-pkce-claim-mapping-for-oidc.mdx,27,ja-jp,https://manage.auth0.com/#/connections/enterprise,rewritten,https://manage.auth0.com/dashboard/#/connections/enterprise,add /dashboard/ prefix,
main/docs/ja-jp/authenticate/identity-providers/enterprise-identity-providers/enable-enterprise-connections.mdx,8,ja-jp,https://manage.auth0.com/#/connections/enterprise,rewritten,https://manage.auth0.com/dashboard/#/connections/enterprise,add /dashboard/ prefix,
main/docs/ja-jp/authenticate/identity-providers/enterprise-identity-providers/google-apps.mdx,54,ja-jp,https://manage.auth0.com/#/connections/enterprise,rewritten,https://manage.auth0.com/dashboard/#/connections/enterprise,add /dashboard/ prefix,
main/docs/ja-jp/authenticate/identity-providers/enterprise-identity-providers/google-directory-sync.mdx,48,ja-jp,https://manage.auth0.com/#/connections/enterprise,rewritten,https://manage.auth0.com/dashboard/#/connections/enterprise,add /dashboard/ prefix,
main/docs/ja-jp/authenticate/identity-providers/enterprise-identity-providers/google-directory-sync.mdx,176,ja-jp,https://manage.auth0.com/#/connections/enterprise,rewritten,https://manage.auth0.com/dashboard/#/connections/enterprise,add /dashboard/ prefix,
main/docs/ja-jp/authenticate/identity-providers/enterprise-identity-providers/oidc.mdx,56,ja-jp,https://manage.auth0.com/#/connections/enterprise,rewritten,https://manage.auth0.com/dashboard/#/connections/enterprise,add /dashboard/ prefix,
main/docs/ja-jp/authenticate/identity-providers/enterprise-identity-providers/okta/express-configuration.mdx,132,ja-jp,https://manage.auth0.com/dashboard/#/applications,unchanged-new,,already in new form,
main/docs/ja-jp/authenticate/identity-providers/enterprise-identity-providers/okta/express-configuration.mdx,447,ja-jp,https://manage.auth0.com/dashboard/#/applications/#/okta-integration-network/wizard,rewritten,https://manage.auth0.com/dashboard/#/applications/{yourClientId}/okta-integration-network,path changed,
main/docs/ja-jp/authenticate/identity-providers/enterprise-identity-providers/okta/express-configuration.mdx,459,ja-jp,https://manage.auth0.com/dashboard/#/applications/#/okta-integration-network/wizard,rewritten,https://manage.auth0.com/dashboard/#/applications/{yourClientId}/okta-integration-network,path changed,
main/docs/ja-jp/authenticate/identity-providers/enterprise-identity-providers/ping-federate.mdx,51,ja-jp,https://manage.auth0.com/#/connections/enterprise,rewritten,https://manage.auth0.com/dashboard/#/connections/enterprise,add /dashboard/ prefix,
main/docs/ja-jp/authenticate/identity-providers/enterprise-identity-providers/saml.mdx,55,ja-jp,https://manage.auth0.com/#/connections/enterprise,rewritten,https://manage.auth0.com/dashboard/#/connections/enterprise,add /dashboard/ prefix,
main/docs/ja-jp/authenticate/identity-providers/enterprise-identity-providers/test-enterprise-connections.mdx,11,ja-jp,https://manage.auth0.com/#/connections/enterprise,rewritten,https://manage.auth0.com/dashboard/#/connections/enterprise,add /dashboard/ prefix,
main/docs/ja-jp/authenticate/identity-providers/locate-the-connection-id.mdx,8,ja-jp,https://manage.auth0.com/#/,unchanged-root,,,
main/docs/ja-jp/authenticate/identity-providers/okta.mdx,58,ja-jp,https://manage.auth0.com/#/connections/enterprise,rewritten,https://manage.auth0.com/dashboard/#/connections/enterprise,add /dashboard/ prefix,
main/docs/ja-jp/authenticate/identity-providers/social-identity-providers.mdx,20,ja-jp,https://manage.auth0.com/#/connections/social,rewritten,https://manage.auth0.com/dashboard/#/connections,path changed,
main/docs/ja-jp/authenticate/identity-providers/social-identity-providers/apple-native.mdx,41,ja-jp,https://manage.auth0.com/#/applications,rewritten,https://manage.auth0.com/dashboard/#/applications,http → https + new path,
main/docs/ja-jp/authenticate/identity-providers/social-identity-providers/apple-native.mdx,46,ja-jp,https://manage.auth0.com/#/connections/social,rewritten,https://manage.auth0.com/dashboard/#/connections,path changed,
main/docs/ja-jp/authenticate/identity-providers/social-identity-providers/facebook-native.mdx,31,ja-jp,https://manage.auth0.com/#/applications,rewritten,https://manage.auth0.com/dashboard/#/applications,http → https + new path,
main/docs/ja-jp/authenticate/identity-providers/social-identity-providers/github.mdx,16,ja-jp,https://manage.auth0.com/#/applications,rewritten,https://manage.auth0.com/dashboard/#/applications,http → https + new path,
main/docs/ja-jp/authenticate/identity-providers/social-identity-providers/github.mdx,40,ja-jp,https://manage.auth0.com/#/applications,rewritten,https://manage.auth0.com/dashboard/#/applications,http → https + new path,
main/docs/ja-jp/authenticate/identity-providers/social-identity-providers/github.mdx,64,ja-jp,https://manage.auth0.com/#/social,rewritten,https://manage.auth0.com/dashboard/#/connections,http → https + new path,
main/docs/ja-jp/authenticate/identity-providers/social-identity-providers/github.mdx,90,ja-jp,https://manage.auth0.com/#/social,rewritten,https://manage.auth0.com/dashboard/#/connections,http → https + new path,
main/docs/ja-jp/authenticate/identity-providers/social-identity-providers/google-native.mdx,71,ja-jp,https://manage.auth0.com/#/applications,rewritten,https://manage.auth0.com/dashboard/#/applications,http → https + new path,
main/docs/ja-jp/authenticate/identity-providers/social-identity-providers/google-one-tap.mdx,64,ja-jp,https://manage.auth0.com/#/applications,rewritten,https://manage.auth0.com/dashboard/#/applications,http → https + new path,
main/docs/ja-jp/authenticate/identity-providers/social-identity-providers/google-one-tap.mdx,69,ja-jp,https://manage.auth0.com/#/connections/social,rewritten,https://manage.auth0.com/dashboard/#/connections,path changed,
main/docs/ja-jp/authenticate/identity-providers/social-identity-providers/google.mdx,20,ja-jp,https://manage.auth0.com/#/applications,rewritten,https://manage.auth0.com/dashboard/#/applications,http → https + new path,
main/docs/ja-jp/authenticate/identity-providers/social-identity-providers/google.mdx,64,ja-jp,https://manage.auth0.com/#/custom_domains,rewritten,https://manage.auth0.com/dashboard/#/custom-domains-v2,path changed,
main/docs/ja-jp/authenticate/identity-providers/social-identity-providers/google.mdx,107,ja-jp,https://manage.auth0.com/#/social,rewritten,https://manage.auth0.com/dashboard/#/connections,http → https + new path,
main/docs/ja-jp/authenticate/identity-providers/social-identity-providers/google.mdx,132,ja-jp,https://manage.auth0.com/#/social,rewritten,https://manage.auth0.com/dashboard/#/connections,http → https + new path,
main/docs/ja-jp/authenticate/identity-providers/social-identity-providers/oauth2.mdx,10,ja-jp,https://manage.auth0.com/#,unchanged-root,,,
main/docs/ja-jp/authenticate/identity-providers/social-identity-providers/oauth2.mdx,12,ja-jp,https://manage.auth0.com/#/connections/social,rewritten,https://manage.auth0.com/dashboard/#/connections,path changed,
main/docs/ja-jp/authenticate/identity-providers/social-identity-providers/tiktok.mdx,30,ja-jp,http://manage.auth0.com/#/applications,rewritten,https://manage.auth0.com/dashboard/#/applications,http → https + new path,
main/docs/ja-jp/authenticate/identity-providers/social-identity-providers/tiktok.mdx,38,ja-jp,http://manage.auth0.com/#/social,rewritten,https://manage.auth0.com/dashboard/#/connections,http → https + new path,
main/docs/ja-jp/authenticate/identity-providers/social-identity-providers/tiktok.mdx,81,ja-jp,http://manage.auth0.com/#/applications,rewritten,https://manage.auth0.com/dashboard/#/applications,http → https + new path,
main/docs/ja-jp/authenticate/identity-providers/social-identity-providers/tiktok.mdx,91,ja-jp,http://manage.auth0.com/#/apis,rewritten,https://manage.auth0.com/dashboard/#/apis,http → https + new path,
main/docs/ja-jp/authenticate/identity-providers/test-connections.mdx,12,ja-jp,https://manage.auth0.com/#,unchanged-root,,,
main/docs/ja-jp/authenticate/identity-providers/test-connections.mdx,25,ja-jp,https://manage.auth0.com/#/applications,rewritten,https://manage.auth0.com/dashboard/#/applications,http → https + new path,
main/docs/ja-jp/authenticate/identity-providers/view-connections.mdx,8,ja-jp,https://manage.auth0.com/#/connections,rewritten,https://manage.auth0.com/dashboard/#/connections,add /dashboard/ prefix,
main/docs/ja-jp/authenticate/identity-providers/view-connections.mdx,11,ja-jp,https://manage.auth0.com/#/connections/database,rewritten,https://manage.auth0.com/dashboard/#/authentication/database,http → https + new path,
main/docs/ja-jp/authenticate/identity-providers/view-connections.mdx,12,ja-jp,https://manage.auth0.com/#/connections/social,rewritten,https://manage.auth0.com/dashboard/#/connections,path changed,
main/docs/ja-jp/authenticate/identity-providers/view-connections.mdx,13,ja-jp,https://manage.auth0.com/#/connections/enterprise,rewritten,https://manage.auth0.com/dashboard/#/connections/enterprise,add /dashboard/ prefix,
main/docs/ja-jp/authenticate/identity-providers/view-connections.mdx,14,ja-jp,https://manage.auth0.com/#/connections/passwordless,rewritten,https://manage.auth0.com/dashboard/#/authentication/passwordless,path changed,
main/docs/ja-jp/authenticate/login/auth0-universal-login.mdx,21,ja-jp,https://manage.auth0.com/#/universal-login/customizations-new,rewritten,https://manage.auth0.com/dashboard/#/pages,path changed,
main/docs/ja-jp/authenticate/login/auth0-universal-login/configure-default-login-routes.mdx,12,ja-jp,https://manage.auth0.com/#/applications/settings,rewritten,https://manage.auth0.com/dashboard/#/applications/{yourClientId}/settings,path changed,
main/docs/ja-jp/authenticate/login/auth0-universal-login/configure-default-login-routes.mdx,12,ja-jp,https://manage.auth0.com/#/tenant/advanced,rewritten,https://manage.auth0.com/dashboard/#/tenant/advanced,add /dashboard/ prefix,
main/docs/ja-jp/authenticate/login/auth0-universal-login/error-pages.mdx,12,ja-jp,https://manage.auth0.com/#/tenant/,rewritten,https://manage.auth0.com/dashboard/#/tenant/general,path changed,
main/docs/ja-jp/authenticate/login/auth0-universal-login/identifier-first.mdx,20,ja-jp,https://manage.auth0.com/#/authentication-profiles,rewritten,https://manage.auth0.com/dashboard/#/authentication/authentication-profile,path changed,
main/docs/ja-jp/authenticate/login/auth0-universal-login/identifier-first.mdx,32,ja-jp,https://manage.auth0.com/#/connections/enterprise,rewritten,https://manage.auth0.com/dashboard/#/connections/enterprise,add /dashboard/ prefix,
main/docs/ja-jp/authenticate/login/auth0-universal-login/passwordless-login/email-or-sms.mdx,20,ja-jp,https://manage.auth0.com/#/login_settings,rewritten,https://manage.auth0.com/dashboard/#/login_settings,add /dashboard/ prefix,
main/docs/ja-jp/authenticate/login/auth0-universal-login/passwordless-login/webauthn-device-biometrics.mdx,11,ja-jp,https://manage.auth0.com/#/connections/database,rewritten,https://manage.auth0.com/dashboard/#/authentication/database,http → https + new path,
main/docs/ja-jp/authenticate/login/auth0-universal-login/passwordless-login/webauthn-device-biometrics.mdx,18,ja-jp,https://manage.auth0.com/#/login_settings,rewritten,https://manage.auth0.com/dashboard/#/login_settings,add /dashboard/ prefix,
main/docs/ja-jp/authenticate/login/auth0-universal-login/passwordless-login/webauthn-device-biometrics.mdx,19,ja-jp,https://manage.auth0.com/#/authentication-profiles,rewritten,https://manage.auth0.com/dashboard/#/authentication/authentication-profile,path changed,
main/docs/ja-jp/authenticate/login/auth0-universal-login/universal-login-vs-classic-login/universal-experience.mdx,52,ja-jp,https://manage.auth0.com/#/mfa,rewritten,https://manage.auth0.com/dashboard/#/authentication/mfa,path changed,
main/docs/ja-jp/authenticate/login/auth0-universal-login/universal-login-vs-classic-login/universal-experience.mdx,53,ja-jp,https://manage.auth0.com/#/mfa,rewritten,https://manage.auth0.com/dashboard/#/authentication/mfa,path changed,
main/docs/ja-jp/authenticate/login/configure-silent-authentication.mdx,54,ja-jp,https://manage.auth0.com/#/applications,rewritten,https://manage.auth0.com/dashboard/#/applications,http → https + new path,
main/docs/ja-jp/authenticate/login/logout/back-channel-logout/configure-back-channel-logout.mdx,48,ja-jp,https://manage.auth0.com/#/applications,rewritten,https://manage.auth0.com/dashboard/#/applications,http → https + new path,
main/docs/ja-jp/authenticate/login/logout/back-channel-logout/configure-back-channel-logout.mdx,62,ja-jp,http://manage.auth0.com/#/applications,rewritten,https://manage.auth0.com/dashboard/#/applications,http → https + new path,
main/docs/ja-jp/authenticate/login/logout/log-users-out-of-auth0.mdx,64,ja-jp,https://manage.auth0.com/#/tenant/advanced,rewritten,https://manage.auth0.com/dashboard/#/tenant/advanced,add /dashboard/ prefix,
main/docs/ja-jp/authenticate/login/logout/log-users-out-of-auth0.mdx,178,ja-jp,https://manage.auth0.com/#/applications,rewritten,https://manage.auth0.com/dashboard/#/applications,http → https + new path,
main/docs/ja-jp/authenticate/login/logout/log-users-out-of-auth0.mdx,208,ja-jp,https://manage.auth0.com/#/tenant/advanced,rewritten,https://manage.auth0.com/dashboard/#/tenant/advanced,add /dashboard/ prefix,
main/docs/ja-jp/authenticate/login/logout/log-users-out-of-auth0.mdx,282,ja-jp,https://manage.auth0.com/#/tenant/advanced,rewritten,https://manage.auth0.com/dashboard/#/tenant/advanced,add /dashboard/ prefix,
main/docs/ja-jp/authenticate/login/logout/log-users-out-of-saml-idps.mdx,16,ja-jp,https://manage.auth0.com/#/connections/enterprise/samlp,rewritten,https://manage.auth0.com/dashboard/#/connections/enterprise/samlp,add /dashboard/ prefix,
main/docs/ja-jp/authenticate/login/logout/log-users-out-of-saml-idps.mdx,30,ja-jp,https://manage.auth0.com/#/applications,rewritten,https://manage.auth0.com/dashboard/#/applications,http → https + new path,
main/docs/ja-jp/authenticate/login/logout/redirect-users-after-logout.mdx,14,ja-jp,https://manage.auth0.com/#/tenant/advanced,rewritten,https://manage.auth0.com/dashboard/#/tenant/advanced,add /dashboard/ prefix,
main/docs/ja-jp/authenticate/login/logout/redirect-users-after-logout.mdx,16,ja-jp,https://manage.auth0.com/#/tenant/advanced,rewritten,https://manage.auth0.com/dashboard/#/tenant/advanced,add /dashboard/ prefix,
main/docs/ja-jp/authenticate/login/logout/redirect-users-after-logout.mdx,54,ja-jp,https://manage.auth0.com/#,unchanged-root,,,
main/docs/ja-jp/authenticate/login/logout/universal-logout.mdx,46,ja-jp,https://manage.auth0.com/#/connections/enterprise/okta,rewritten,https://manage.auth0.com/dashboard/#/connections/enterprise/okta,add /dashboard/ prefix,
main/docs/ja-jp/authenticate/login/logout/universal-logout.mdx,55,ja-jp,https://manage.auth0.com/#/connections/enterprise/oidc,rewritten,https://manage.auth0.com/dashboard/#/connections/enterprise/oidc,add /dashboard/ prefix,
main/docs/ja-jp/authenticate/login/logout/universal-logout.mdx,61,ja-jp,https://manage.auth0.com/#/connections/enterprise/samlp,rewritten,https://manage.auth0.com/dashboard/#/connections/enterprise/samlp,add /dashboard/ prefix,
main/docs/ja-jp/authenticate/login/logout/universal-logout.mdx,109,ja-jp,https://manage.auth0.com/#/*/logs,rewritten,https://manage.auth0.com/dashboard/#/logging/logs,path changed,
main/docs/ja-jp/authenticate/login/oidc-conformant-authentication.mdx,30,ja-jp,https://manage.auth0.com/#/applications,rewritten,https://manage.auth0.com/dashboard/#/applications,http → https + new path,
main/docs/ja-jp/authenticate/login/redirect-users-after-login.mdx,10,ja-jp,https://manage.auth0.com/#/applications/\{yourClientId}/settings,rewritten,https://manage.auth0.com/dashboard/#/applications/{yourClientId}/settings,path changed,
main/docs/ja-jp/authenticate/passwordless/authentication-methods/email-magic-link.mdx,39,ja-jp,https://manage.auth0.com/#/connections/passwordless,rewritten,https://manage.auth0.com/dashboard/#/authentication/passwordless,path changed,
main/docs/ja-jp/authenticate/passwordless/authentication-methods/email-magic-link.mdx,84,ja-jp,https://manage.auth0.com/#/login_settings,rewritten,https://manage.auth0.com/dashboard/#/login_settings,add /dashboard/ prefix,
main/docs/ja-jp/authenticate/passwordless/authentication-methods/email-otp.mdx,26,ja-jp,https://manage.auth0.com/#/connections/passwordless,rewritten,https://manage.auth0.com/dashboard/#/authentication/passwordless,path changed,
main/docs/ja-jp/authenticate/passwordless/authentication-methods/sms-otp.mdx,26,ja-jp,https://manage.auth0.com/#/phone/templates/phone/provider,rewritten,https://manage.auth0.com/dashboard/#/phone/provider,path changed,
main/docs/ja-jp/authenticate/passwordless/best-practices.mdx,55,ja-jp,https://manage.auth0.com/#/connections/passwordless,rewritten,https://manage.auth0.com/dashboard/#/authentication/passwordless,path changed,
main/docs/ja-jp/authenticate/passwordless/implement-login/embedded-login/native.mdx,10,ja-jp,https://manage.auth0.com/#/applications,rewritten,https://manage.auth0.com/dashboard/#/applications,http → https + new path,
main/docs/ja-jp/authenticate/passwordless/implement-login/embedded-login/relevant-api-endpoints.mdx,21,ja-jp,https://manage.auth0.com/#/applications,rewritten,https://manage.auth0.com/dashboard/#/applications,http → https + new path,
main/docs/ja-jp/authenticate/passwordless/implement-login/embedded-login/relevant-api-endpoints.mdx,58,ja-jp,https://manage.auth0.com/#/applications,rewritten,https://manage.auth0.com/dashboard/#/applications,http → https + new path,
main/docs/ja-jp/authenticate/passwordless/implement-login/embedded-login/spa.mdx,23,ja-jp,https://manage.auth0.com/#/applications,rewritten,https://manage.auth0.com/dashboard/#/applications,http → https + new path,
main/docs/ja-jp/authenticate/passwordless/implement-login/embedded-login/webapps.mdx,10,ja-jp,https://manage.auth0.com/#/applications,rewritten,https://manage.auth0.com/dashboard/#/applications,http → https + new path,
main/docs/ja-jp/authenticate/passwordless/implement-login/universal-login.mdx,10,ja-jp,https://manage.auth0.com/#/login_settings,rewritten,https://manage.auth0.com/dashboard/#/login_settings,add /dashboard/ prefix,
main/docs/ja-jp/authenticate/passwordless/passwordless-with-universal-login.mdx,22,ja-jp,https://manage.auth0.com/?/authentication-profiles,rewritten,https://manage.auth0.com/dashboard/#/authentication/authentication-profile,path changed,
main/docs/ja-jp/authenticate/passwordless/sample-use-cases-actions.mdx,13,ja-jp,https://manage.auth0.com/#/templates/provider,rewritten,https://manage.auth0.com/dashboard/#/phone/provider,path changed,
main/docs/ja-jp/authenticate/passwordless/sample-use-cases-actions.mdx,62,ja-jp,https://manage.auth0.com/dashboard/#/phone/templates/phone/provider,rewritten,https://manage.auth0.com/dashboard/#/phone/provider,path changed,
main/docs/ja-jp/authenticate/protocols/oauth.mdx,112,ja-jp,https://manage.auth0.com/#/applications/\{yourClientId}/settings,rewritten,https://manage.auth0.com/dashboard/#/applications/{yourClientId}/settings,path changed,
main/docs/ja-jp/authenticate/protocols/saml/saml-configuration/configure-auth0-as-service-and-identity-provider.mdx,18,ja-jp,https://manage.auth0.com/#/,unchanged-root,,,
main/docs/ja-jp/authenticate/protocols/saml/saml-configuration/configure-auth0-as-service-and-identity-provider.mdx,28,ja-jp,https://manage.auth0.com/#/applications,rewritten,https://manage.auth0.com/dashboard/#/applications,http → https + new path,
main/docs/ja-jp/authenticate/protocols/saml/saml-configuration/configure-auth0-as-service-and-identity-provider.mdx,36,ja-jp,https://manage.auth0.com/#/users,rewritten,https://manage.auth0.com/dashboard/#/users,add /dashboard/ prefix,
main/docs/ja-jp/authenticate/protocols/saml/saml-configuration/configure-auth0-as-service-and-identity-provider.mdx,47,ja-jp,https://manage.auth0.com/#/connections/enterprise,rewritten,https://manage.auth0.com/dashboard/#/connections/enterprise,add /dashboard/ prefix,
main/docs/ja-jp/authenticate/protocols/saml/saml-configuration/configure-auth0-as-service-and-identity-provider.mdx,71,ja-jp,https://manage.auth0.com/#/applications,rewritten,https://manage.auth0.com/dashboard/#/applications,http → https + new path,
main/docs/ja-jp/authenticate/protocols/saml/saml-configuration/configure-auth0-as-service-and-identity-provider.mdx,90,ja-jp,https://manage.auth0.com/#/applications,rewritten,https://manage.auth0.com/dashboard/#/applications,http → https + new path,
main/docs/ja-jp/authenticate/protocols/saml/saml-configuration/configure-auth0-as-service-and-identity-provider.mdx,102,ja-jp,https://manage.auth0.com/#/connections/enterprise,rewritten,https://manage.auth0.com/dashboard/#/connections/enterprise,add /dashboard/ prefix,
main/docs/ja-jp/authenticate/protocols/saml/saml-configuration/configure-auth0-as-service-and-identity-provider.mdx,170,ja-jp,https://manage.auth0.com/#/applications,rewritten,https://manage.auth0.com/dashboard/#/applications,http → https + new path,
main/docs/ja-jp/authenticate/protocols/saml/saml-configuration/customize-saml-assertions.mdx,14,ja-jp,https://manage.auth0.com/#/applications/\{yourClientId}/addons,rewritten,https://manage.auth0.com/dashboard/#/applications/{yourClientId}/addons,path changed,
main/docs/ja-jp/authenticate/protocols/saml/saml-configuration/deprovision-users-in-saml-integrations.mdx,10,ja-jp,https://manage.auth0.com/#/users,rewritten,https://manage.auth0.com/dashboard/#/users,add /dashboard/ prefix,
main/docs/ja-jp/authenticate/protocols/saml/saml-sso-integrations/configure-auth0-saml-service-provider.mdx,26,ja-jp,https://manage.auth0.com/#/connections/enterprise/samlp,rewritten,https://manage.auth0.com/dashboard/#/connections/enterprise/samlp,add /dashboard/ prefix,
main/docs/ja-jp/authenticate/protocols/saml/saml-sso-integrations/configure-auth0-saml-service-provider.mdx,126,ja-jp,https://manage.auth0.com/#/connections/enterprise/samlp,rewritten,https://manage.auth0.com/dashboard/#/connections/enterprise/samlp,add /dashboard/ prefix,
main/docs/ja-jp/authenticate/protocols/saml/saml-sso-integrations/configure-auth0-saml-service-provider.mdx,158,ja-jp,https://manage.auth0.com/#/connections/enterprise/samlp,rewritten,https://manage.auth0.com/dashboard/#/connections/enterprise/samlp,add /dashboard/ prefix,
main/docs/ja-jp/authenticate/protocols/saml/saml-sso-integrations/configure-auth0-saml-service-provider/configure-adfs-saml-connections.mdx,114,ja-jp,https://manage.auth0.com/#/connections/enterprise/samlp,rewritten,https://manage.auth0.com/dashboard/#/connections/enterprise/samlp,add /dashboard/ prefix,
main/docs/ja-jp/authenticate/protocols/saml/saml-sso-integrations/configure-auth0-saml-service-provider/configure-okta-as-saml-identity-provider.mdx,50,ja-jp,https://manage.auth0.com/#,unchanged-root,,,
main/docs/ja-jp/authenticate/protocols/saml/saml-sso-integrations/configure-auth0-saml-service-provider/configure-okta-as-saml-identity-provider.mdx,51,ja-jp,https://manage.auth0.com/#/connections/enterprise/samlp,rewritten,https://manage.auth0.com/dashboard/#/connections/enterprise/samlp,add /dashboard/ prefix,
main/docs/ja-jp/authenticate/protocols/saml/saml-sso-integrations/configure-auth0-saml-service-provider/configure-okta-as-saml-identity-provider.mdx,71,ja-jp,https://manage.auth0.com/#,unchanged-root,,,
main/docs/ja-jp/authenticate/protocols/saml/saml-sso-integrations/configure-auth0-saml-service-provider/configure-okta-as-saml-identity-provider.mdx,72,ja-jp,https://manage.auth0.com/#/organizations,rewritten,https://manage.auth0.com/dashboard/#/organizations/list,path changed,
main/docs/ja-jp/authenticate/protocols/saml/saml-sso-integrations/configure-auth0-saml-service-provider/configure-okta-as-saml-identity-provider.mdx,81,ja-jp,https://manage.auth0.com/#,unchanged-root,,,
main/docs/ja-jp/authenticate/protocols/saml/saml-sso-integrations/configure-auth0-saml-service-provider/configure-okta-as-saml-identity-provider.mdx,82,ja-jp,https://manage.auth0.com/#/connections/enterprise/samlp,rewritten,https://manage.auth0.com/dashboard/#/connections/enterprise/samlp,add /dashboard/ prefix,
main/docs/ja-jp/authenticate/protocols/saml/saml-sso-integrations/configure-auth0-saml-service-provider/configure-okta-as-saml-identity-provider.mdx,89,ja-jp,https://manage.auth0.com/#,unchanged-root,,,
main/docs/ja-jp/authenticate/protocols/saml/saml-sso-integrations/configure-auth0-saml-service-provider/configure-okta-as-saml-identity-provider.mdx,90,ja-jp,https://manage.auth0.com/#/connections/enterprise/samlp,rewritten,https://manage.auth0.com/dashboard/#/connections/enterprise/samlp,add /dashboard/ prefix,
main/docs/ja-jp/authenticate/protocols/saml/saml-sso-integrations/configure-auth0-saml-service-provider/configure-onelogin-as-saml-identity-provider.mdx,28,ja-jp,https://manage.auth0.com/#,unchanged-root,,,
main/docs/ja-jp/authenticate/protocols/saml/saml-sso-integrations/configure-auth0-saml-service-provider/configure-onelogin-as-saml-identity-provider.mdx,94,ja-jp,https://manage.auth0.com/#/connections/enterprise,rewritten,https://manage.auth0.com/dashboard/#/connections/enterprise,add /dashboard/ prefix,
main/docs/ja-jp/authenticate/protocols/saml/saml-sso-integrations/configure-auth0-saml-service-provider/configure-onelogin-as-saml-identity-provider.mdx,109,ja-jp,https://manage.auth0.com/#/connections/enterprise,rewritten,https://manage.auth0.com/dashboard/#/connections/enterprise,add /dashboard/ prefix,
main/docs/ja-jp/authenticate/protocols/saml/saml-sso-integrations/configure-auth0-saml-service-provider/configure-onelogin-as-saml-identity-provider.mdx,110,ja-jp,https://manage.auth0.com/#/users,rewritten,https://manage.auth0.com/dashboard/#/users,add /dashboard/ prefix,
main/docs/ja-jp/authenticate/protocols/saml/saml-sso-integrations/configure-auth0-saml-service-provider/configure-salesforce-as-saml-identity-provider.mdx,33,ja-jp,https://manage.auth0.com/#/connections/enterprise,rewritten,https://manage.auth0.com/dashboard/#/connections/enterprise,add /dashboard/ prefix,
main/docs/ja-jp/authenticate/protocols/saml/saml-sso-integrations/configure-auth0-saml-service-provider/configure-salesforce-as-saml-identity-provider.mdx,86,ja-jp,https://manage.auth0.com/#/connections/enterprise,rewritten,https://manage.auth0.com/dashboard/#/connections/enterprise,add /dashboard/ prefix,
main/docs/ja-jp/authenticate/protocols/saml/saml-sso-integrations/configure-auth0-saml-service-provider/configure-ssocircle-as-saml-identity-provider.mdx,28,ja-jp,https://manage.auth0.com/#/connections,rewritten,https://manage.auth0.com/dashboard/#/connections,add /dashboard/ prefix,
main/docs/ja-jp/authenticate/protocols/saml/saml-sso-integrations/configure-auth0-saml-service-provider/configure-ssocircle-as-saml-identity-provider.mdx,75,ja-jp,https://manage.auth0.com/#,unchanged-root,,,
main/docs/ja-jp/authenticate/protocols/saml/saml-sso-integrations/configure-idp-initiated-saml-sign-on-to-oidc-apps.mdx,113,ja-jp,https://manage.auth0.com/#/applications,rewritten,https://manage.auth0.com/dashboard/#/applications,http → https + new path,
main/docs/ja-jp/authenticate/protocols/saml/saml-sso-integrations/configure-idp-initiated-saml-sign-on-to-oidc-apps.mdx,119,ja-jp,https://manage.auth0.com/#/connections/enterprise/samlp,rewritten,https://manage.auth0.com/dashboard/#/connections/enterprise/samlp,add /dashboard/ prefix,
main/docs/ja-jp/authenticate/protocols/saml/saml-sso-integrations/enable-saml2-web-app-addon.mdx,8,ja-jp,https://manage.auth0.com/#/applications,rewritten,https://manage.auth0.com/dashboard/#/applications,http → https + new path,
main/docs/ja-jp/authenticate/protocols/saml/saml-sso-integrations/identity-provider-initiated-single-sign-on.mdx,73,ja-jp,https://manage.auth0.com/#/connections/enterprise,rewritten,https://manage.auth0.com/dashboard/#/connections/enterprise,add /dashboard/ prefix,
main/docs/ja-jp/authenticate/protocols/saml/saml-sso-integrations/sign-and-encrypt-saml-requests.mdx,21,ja-jp,https://manage.auth0.com/#/connections/enterprise,rewritten,https://manage.auth0.com/dashboard/#/connections/enterprise,add /dashboard/ prefix,
main/docs/ja-jp/authenticate/protocols/saml/saml-sso-integrations/sign-and-encrypt-saml-requests.mdx,89,ja-jp,https://manage.auth0.com/#/connections/enterprise,rewritten,https://manage.auth0.com/dashboard/#/connections/enterprise,add /dashboard/ prefix,
main/docs/ja-jp/authenticate/protocols/saml/saml-sso-integrations/sign-and-encrypt-saml-requests.mdx,181,ja-jp,https://manage.auth0.com/#/applications,rewritten,https://manage.auth0.com/dashboard/#/applications,http → https + new path,
main/docs/ja-jp/authenticate/protocols/saml/saml-sso-integrations/sign-and-encrypt-saml-requests.mdx,188,ja-jp,https://manage.auth0.com/#/applications,rewritten,https://manage.auth0.com/dashboard/#/applications,http → https + new path,
main/docs/ja-jp/authenticate/protocols/saml/saml-sso-integrations/sign-and-encrypt-saml-requests.mdx,249,ja-jp,https://manage.auth0.com/#/tenant/signing_keys,rewritten,https://manage.auth0.com/dashboard/#/tenant/signing_keys,add /dashboard/ prefix,
main/docs/ja-jp/authenticate/protocols/saml/saml-sso-integrations/sign-and-encrypt-saml-requests.mdx,280,ja-jp,https://manage.auth0.com/#/applications,rewritten,https://manage.auth0.com/dashboard/#/applications,http → https + new path,
main/docs/ja-jp/authenticate/protocols/scim/configure-inbound-scim.mdx,22,ja-jp,https://manage.auth0.com/#/,unchanged-root,,,
main/docs/ja-jp/authenticate/protocols/scim/configure-inbound-scim.mdx,23,ja-jp,https://manage.auth0.com/#/connections/enterprise/,rewritten,https://manage.auth0.com/dashboard/#/connections/enterprise,add /dashboard/ prefix,
main/docs/ja-jp/authenticate/protocols/scim/configure-inbound-scim.mdx,40,ja-jp,https://manage.auth0.com/#/users,rewritten,https://manage.auth0.com/dashboard/#/users,add /dashboard/ prefix,
main/docs/ja-jp/authenticate/protocols/scim/configure-inbound-scim.mdx,40,ja-jp,https://manage.auth0.com/#/enterprise-groups,rewritten,https://manage.auth0.com/dashboard/#/enterprise-groups,add /dashboard/ prefix,
main/docs/ja-jp/authenticate/protocols/scim/configure-inbound-scim.mdx,40,ja-jp,https://manage.auth0.com/#/logs,rewritten,https://manage.auth0.com/dashboard/#/logging/logs,path changed,
main/docs/ja-jp/authenticate/protocols/scim/configure-inbound-scim.mdx,106,ja-jp,https://manage.auth0.com/#/logs,rewritten,https://manage.auth0.com/dashboard/#/logging/logs,path changed,
main/docs/ja-jp/authenticate/protocols/scim/inbound-scim-for-azure-ad-saml-connections.mdx,17,ja-jp,https://manage.auth0.com/#/,unchanged-root,,,
main/docs/ja-jp/authenticate/protocols/scim/inbound-scim-for-azure-ad-saml-connections.mdx,35,ja-jp,https://manage.auth0.com/#/,unchanged-root,,,
main/docs/ja-jp/authenticate/protocols/scim/inbound-scim-for-new-azure-ad-connections.mdx,16,ja-jp,https://manage.auth0.com/#/,unchanged-root,,,
main/docs/ja-jp/authenticate/protocols/scim/inbound-scim-for-new-azure-ad-connections.mdx,27,ja-jp,https://manage.auth0.com/#/,unchanged-root,,,
main/docs/ja-jp/authenticate/protocols/scim/inbound-scim-for-okta-workforce-connections.mdx,18,ja-jp,https://manage.auth0.com/#/,unchanged-root,,,
main/docs/ja-jp/authenticate/protocols/scim/inbound-scim-for-okta-workforce-saml-connections.mdx,14,ja-jp,https://manage.auth0.com/#/,unchanged-root,,,
main/docs/ja-jp/authenticate/protocols/scim/inbound-scim-for-older-azure-ad-connections.mdx,18,ja-jp,https://manage.auth0.com/#/,unchanged-root,,,
main/docs/ja-jp/authenticate/protocols/scim/manage-an-inbound-scim-deployment-with-the-management-api.mdx,12,ja-jp,https://manage.auth0.com/#/,unchanged-root,,,
main/docs/ja-jp/authenticate/protocols/ws-fed-protocol.mdx,14,ja-jp,https://manage.auth0.com/#/applications/\{yourClientId}/settings,rewritten,https://manage.auth0.com/dashboard/#/applications/{yourClientId}/settings,path changed,
main/docs/ja-jp/authenticate/single-sign-on/native-to-web/configure-implement-native-to-web.mdx,58,ja-jp,https://manage.auth0.com/dashboard/#/applications,unchanged-new,,already in new form,
main/docs/ja-jp/authenticate/single-sign-on/native-to-web/configure-implement-native-to-web.mdx,98,ja-jp,https://manage.auth0.com/dashboard/#/applications,unchanged-new,,already in new form,
main/docs/ja-jp/authenticate/single-sign-on/outbound-single-sign-on/configure-auth0-saml-identity-provider.mdx,10,ja-jp,https://manage.auth0.com/#/externalapps,rewritten,https://manage.auth0.com/dashboard/#/applications/sso,path changed,
main/docs/ja-jp/authenticate/single-sign-on/outbound-single-sign-on/configure-auth0-saml-identity-provider.mdx,28,ja-jp,https://manage.auth0.com/#/applications,rewritten,https://manage.auth0.com/dashboard/#/applications,http → https + new path,
main/docs/ja-jp/authenticate/single-sign-on/outbound-single-sign-on/configure-auth0-saml-identity-provider/configure-auth0-as-identity-provider-for-atlassian.mdx,8,ja-jp,https://manage.auth0.com/#/applications,rewritten,https://manage.auth0.com/dashboard/#/applications,http → https + new path,
main/docs/ja-jp/authenticate/single-sign-on/outbound-single-sign-on/configure-auth0-saml-identity-provider/configure-auth0-as-identity-provider-for-cisco-webex.mdx,8,ja-jp,https://manage.auth0.com/#/applications,rewritten,https://manage.auth0.com/dashboard/#/applications,http → https + new path,
main/docs/ja-jp/authenticate/single-sign-on/outbound-single-sign-on/configure-auth0-saml-identity-provider/configure-auth0-as-identity-provider-for-datadog.mdx,8,ja-jp,https://manage.auth0.com/#/applications,rewritten,https://manage.auth0.com/dashboard/#/applications,http → https + new path,
main/docs/ja-jp/authenticate/single-sign-on/outbound-single-sign-on/configure-auth0-saml-identity-provider/configure-auth0-as-identity-provider-for-egencia.mdx,8,ja-jp,https://manage.auth0.com/#/applications,rewritten,https://manage.auth0.com/dashboard/#/applications,http → https + new path,
main/docs/ja-jp/authenticate/single-sign-on/outbound-single-sign-on/configure-auth0-saml-identity-provider/configure-auth0-as-identity-provider-for-freshdesk.mdx,8,ja-jp,https://manage.auth0.com/#/applications,rewritten,https://manage.auth0.com/dashboard/#/applications,http → https + new path,
main/docs/ja-jp/authenticate/single-sign-on/outbound-single-sign-on/configure-auth0-saml-identity-provider/configure-auth0-as-identity-provider-for-hosted-graphite.mdx,8,ja-jp,https://manage.auth0.com/#/applications,rewritten,https://manage.auth0.com/dashboard/#/applications,http → https + new path,
main/docs/ja-jp/authenticate/single-sign-on/outbound-single-sign-on/configure-auth0-saml-identity-provider/configure-auth0-as-identity-provider-for-litmos.mdx,32,ja-jp,https://manage.auth0.com/#/applications,rewritten,https://manage.auth0.com/dashboard/#/applications,http → https + new path,
main/docs/ja-jp/authenticate/single-sign-on/outbound-single-sign-on/configure-auth0-saml-identity-provider/configure-auth0-as-identity-provider-for-pluralsight.mdx,8,ja-jp,https://manage.auth0.com/#/applications,rewritten,https://manage.auth0.com/dashboard/#/applications,http → https + new path,
main/docs/ja-jp/authenticate/single-sign-on/outbound-single-sign-on/configure-auth0-saml-identity-provider/configure-auth0-as-identity-provider-for-sprout-video.mdx,8,ja-jp,https://manage.auth0.com/#/applications,rewritten,https://manage.auth0.com/dashboard/#/applications,http → https + new path,
main/docs/ja-jp/authenticate/single-sign-on/outbound-single-sign-on/configure-auth0-saml-identity-provider/configure-auth0-as-identity-provider-for-tableau-online.mdx,8,ja-jp,https://manage.auth0.com/#/applications,rewritten,https://manage.auth0.com/dashboard/#/applications,http → https + new path,
main/docs/ja-jp/authenticate/single-sign-on/outbound-single-sign-on/configure-auth0-saml-identity-provider/configure-auth0-as-identity-provider-for-tableau-server.mdx,8,ja-jp,https://manage.auth0.com/#/applications,rewritten,https://manage.auth0.com/dashboard/#/applications,http → https + new path,
main/docs/ja-jp/authenticate/single-sign-on/outbound-single-sign-on/configure-auth0-saml-identity-provider/configure-auth0-as-identity-provider-for-workday.mdx,8,ja-jp,https://manage.auth0.com/#/applications,rewritten,https://manage.auth0.com/dashboard/#/applications,http → https + new path,
main/docs/ja-jp/authenticate/single-sign-on/outbound-single-sign-on/configure-auth0-saml-identity-provider/configure-auth0-as-identity-provider-for-workpath.mdx,8,ja-jp,https://manage.auth0.com/#/applications,rewritten,https://manage.auth0.com/dashboard/#/applications,http → https + new path,
main/docs/ja-jp/authenticate/single-sign-on/outbound-single-sign-on/configure-auth0-saml-identity-provider/configure-auth0-as-idp-for-google-g-suite.mdx,8,ja-jp,https://manage.auth0.com/#/applications,rewritten,https://manage.auth0.com/dashboard/#/applications,http → https + new path,
main/docs/ja-jp/authenticate/single-sign-on/outbound-single-sign-on/configure-auth0-saml-identity-provider/configure-saml2-addon-eloqua.mdx,10,ja-jp,https://manage.auth0.com/#/applications,rewritten,https://manage.auth0.com/dashboard/#/applications,http → https + new path,
main/docs/ja-jp/authenticate/single-sign-on/outbound-single-sign-on/configure-auth0-saml-identity-provider/configure-saml2-addon-eloqua.mdx,55,ja-jp,https://manage.auth0.com/#/applications,rewritten,https://manage.auth0.com/dashboard/#/applications,http → https + new path,
main/docs/ja-jp/authenticate/single-sign-on/outbound-single-sign-on/configure-auth0-saml-identity-provider/configure-saml2-web-app-addon-for-aws.mdx,8,ja-jp,https://manage.auth0.com/#/applications,rewritten,https://manage.auth0.com/dashboard/#/applications,http → https + new path,
main/docs/ja-jp/authenticate/single-sign-on/outbound-single-sign-on/configure-auth0-saml-identity-provider/configure-saml2-web-app-addon-for-github-enterprise-cloud.mdx,13,ja-jp,https://manage.auth0.com/#/applications,rewritten,https://manage.auth0.com/dashboard/#/applications,http → https + new path,
main/docs/ja-jp/authenticate/single-sign-on/outbound-single-sign-on/configure-auth0-saml-identity-provider/configure-saml2-web-app-addon-for-github-enterprise-cloud.mdx,14,ja-jp,https://manage.auth0.com/#/applications/\{yourClientId}/addons,rewritten,https://manage.auth0.com/dashboard/#/applications/{yourClientId}/addons,path changed,
main/docs/ja-jp/authenticate/single-sign-on/outbound-single-sign-on/configure-auth0-saml-identity-provider/configure-saml2-web-app-addon-for-github-enterprise-server.mdx,10,ja-jp,https://manage.auth0.com/#/applications,rewritten,https://manage.auth0.com/dashboard/#/applications,http → https + new path,
main/docs/ja-jp/authenticate/single-sign-on/outbound-single-sign-on/configure-auth0-saml-identity-provider/configure-saml2-web-app-addon-for-github-enterprise-server.mdx,11,ja-jp,https://manage.auth0.com/#/applications/\{yourClientId}/addons,rewritten,https://manage.auth0.com/dashboard/#/applications/{yourClientId}/addons,path changed,
main/docs/ja-jp/authenticate/single-sign-on/outbound-single-sign-on/configure-auth0-saml-identity-provider/configure-saml2-web-app-addon-for-heroku.mdx,10,ja-jp,https://manage.auth0.com/#/applications,rewritten,https://manage.auth0.com/dashboard/#/applications,http → https + new path,
main/docs/ja-jp/customize/actions/actions-real-time-logs.mdx,18,ja-jp,https://manage.auth0.com/#/tenant/action-logs,rewritten,https://manage.auth0.com/dashboard/#/actions/logs,path changed,
main/docs/ja-jp/customize/actions/actions-real-time-logs.mdx,92,ja-jp,https://manage.auth0.com/#/tenant/action-logs,rewritten,https://manage.auth0.com/dashboard/#/actions/logs,path changed,
main/docs/ja-jp/customize/actions/explore-triggers/post-login.mdx,57,ja-jp,https://manage.auth0.com/#/apis,rewritten,https://manage.auth0.com/dashboard/#/apis,http → https + new path,
main/docs/ja-jp/customize/actions/manage-dependencies.mdx,12,ja-jp,https://manage.auth0.com/#/actions/library,rewritten,https://manage.auth0.com/dashboard/#/actions/custom,path changed,
main/docs/ja-jp/customize/actions/manage-versions.mdx,12,ja-jp,https://manage.auth0.com/#/actions/library,rewritten,https://manage.auth0.com/dashboard/#/actions/custom,path changed,
main/docs/ja-jp/customize/actions/manage-versions.mdx,22,ja-jp,https://manage.auth0.com/#/actions/library,rewritten,https://manage.auth0.com/dashboard/#/actions/custom,path changed,
main/docs/ja-jp/customize/actions/migrate/migrate-a-rule-to-an-action.mdx,6,ja-jp,https://manage.auth0.com/,unchanged-root,,,
main/docs/ja-jp/customize/actions/migrate/migrate-from-hooks-to-actions.mdx,48,ja-jp,https://manage.auth0.com/#/select-tenant?path=/actions/library,rewritten,https://manage.auth0.com/dashboard/#/actions/custom,path changed,
main/docs/ja-jp/customize/actions/migrate/migrate-from-rules-to-actions.mdx,50,ja-jp,https://manage.auth0.com/#/select-tenant?path=/actions/library,rewritten,https://manage.auth0.com/dashboard/#/actions/custom,path changed,
main/docs/ja-jp/customize/actions/modules/write-your-first-action-module.mdx,47,ja-jp,https://manage.auth0.com/#/actions/library,rewritten,https://manage.auth0.com/dashboard/#/actions/custom,path changed,
main/docs/ja-jp/customize/actions/modules/write-your-first-action-module.mdx,239,ja-jp,https://manage.auth0.com/#/actions/library,rewritten,https://manage.auth0.com/dashboard/#/actions/custom,path changed,
main/docs/ja-jp/customize/actions/test-actions.mdx,14,ja-jp,https://manage.auth0.com/#/actions,rewritten,https://manage.auth0.com/dashboard/#/actions,add /dashboard/ prefix,
main/docs/ja-jp/customize/actions/test-actions.mdx,34,ja-jp,https://manage.auth0.com/#/authentication-profiles,rewritten,https://manage.auth0.com/dashboard/#/authentication/authentication-profile,path changed,
main/docs/ja-jp/customize/actions/write-your-first-action.mdx,32,ja-jp,https://manage.auth0.com/#/actions/library,rewritten,https://manage.auth0.com/dashboard/#/actions/custom,path changed,
main/docs/ja-jp/customize/actions/write-your-first-action.mdx,43,ja-jp,https://manage.auth0.com/#/actions/library,rewritten,https://manage.auth0.com/dashboard/#/actions/custom,path changed,
main/docs/ja-jp/customize/actions/write-your-first-action.mdx,135,ja-jp,https://manage.auth0.com/#/actions/flows,rewritten,https://manage.auth0.com/dashboard/#/actions/triggers,path changed,
main/docs/ja-jp/customize/actions/write-your-first-action.mdx,145,ja-jp,https://manage.auth0.com/#/logs,rewritten,https://manage.auth0.com/dashboard/#/logging/logs,path changed,
main/docs/ja-jp/customize/custom-domains.mdx,37,ja-jp,https://manage.auth0.com/#/custom_domains,rewritten,https://manage.auth0.com/dashboard/#/custom-domains-v2,path changed,
main/docs/ja-jp/customize/custom-domains/auth0-managed-certificates.mdx,12,ja-jp,https://manage.auth0.com/#/tenant/custom_domains,rewritten,https://manage.auth0.com/dashboard/#/tenant/custom_domains,add /dashboard/ prefix,
main/docs/ja-jp/customize/custom-domains/auth0-managed-certificates.mdx,12,ja-jp,https://manage.auth0.com/#/custom_domains,rewritten,https://manage.auth0.com/dashboard/#/custom-domains-v2,path changed,
main/docs/ja-jp/customize/custom-domains/auth0-managed-certificates.mdx,19,ja-jp,https://manage.auth0.com/#/branding/custom_domains,rewritten,https://manage.auth0.com/dashboard/#/custom-domains-v2,path changed,
main/docs/ja-jp/customize/custom-domains/configure-features-to-use-custom-domains.mdx,119,ja-jp,https://manage.auth0.com/#/branding/custom_domains,rewritten,https://manage.auth0.com/dashboard/#/custom-domains-v2,path changed,
main/docs/ja-jp/customize/custom-domains/multiple-custom-domains.mdx,57,ja-jp,https://manage.auth0.com/#/applications,rewritten,https://manage.auth0.com/dashboard/#/applications,http → https + new path,
main/docs/ja-jp/customize/custom-domains/multiple-custom-domains/migration-guide.mdx,212,ja-jp,https://manage.auth0.com/#/applications,rewritten,https://manage.auth0.com/dashboard/#/applications,http → https + new path,
main/docs/ja-jp/customize/custom-domains/self-managed-certificates.mdx,25,ja-jp,https://manage.auth0.com/#/tenant/custom_domains,rewritten,https://manage.auth0.com/dashboard/#/tenant/custom_domains,add /dashboard/ prefix,
main/docs/ja-jp/customize/custom-domains/self-managed-certificates.mdx,25,ja-jp,https://manage.auth0.com/#/custom_domains,rewritten,https://manage.auth0.com/dashboard/#/custom-domains-v2,path changed,
main/docs/ja-jp/customize/custom-domains/self-managed-certificates.mdx,33,ja-jp,https://manage.auth0.com/#/branding/custom_domains,rewritten,https://manage.auth0.com/dashboard/#/custom-domains-v2,path changed,
main/docs/ja-jp/customize/custom-domains/self-managed-certificates.mdx,70,ja-jp,https://manage.auth0.com/#/branding/custom_domains,rewritten,https://manage.auth0.com/dashboard/#/custom-domains-v2,path changed,
main/docs/ja-jp/customize/custom-domains/self-managed-certificates/configure-akamai-for-use-as-reverse-proxy.mdx,13,ja-jp,https://manage.auth0.com/#/tenant/custom_domains,rewritten,https://manage.auth0.com/dashboard/#/tenant/custom_domains,add /dashboard/ prefix,
main/docs/ja-jp/customize/custom-domains/self-managed-certificates/configure-gcp-as-reverse-proxy.mdx,7,ja-jp,https://manage.auth0.com/#/tenant/billing/subscription,rewritten,https://manage.auth0.com/dashboard/#/tenant/billing/subscription,add /dashboard/ prefix,
main/docs/ja-jp/customize/custom-domains/self-managed-certificates/configure-gcp-as-reverse-proxy.mdx,18,ja-jp,https://manage.auth0.com/#/tenant/custom_domains,rewritten,https://manage.auth0.com/dashboard/#/tenant/custom_domains,add /dashboard/ prefix,
main/docs/ja-jp/customize/customize-sms-or-voice-messages.mdx,8,ja-jp,https://manage.auth0.com/#/security/mfa,rewritten,https://manage.auth0.com/dashboard/#/authentication/mfa,path changed,
main/docs/ja-jp/customize/email/email-templates.mdx,16,ja-jp,https://manage.auth0.com/#/templates,rewritten,https://manage.auth0.com/dashboard/#/pages,path changed,
main/docs/ja-jp/customize/email/email-templates.mdx,55,ja-jp,https://manage.auth0.com/#/connections/passwordless,rewritten,https://manage.auth0.com/dashboard/#/authentication/passwordless,path changed,
main/docs/ja-jp/customize/email/email-templates/customize-email-templates.mdx,14,ja-jp,https://manage.auth0.com/#/templates,rewritten,https://manage.auth0.com/dashboard/#/pages,path changed,
main/docs/ja-jp/customize/email/email-templates/supported-liquid-syntax.mdx,68,ja-jp,https://manage.auth0.com/#/tenant,rewritten,https://manage.auth0.com/dashboard/#/tenant/general,path changed,
main/docs/ja-jp/customize/email/smtp-email-providers/amazon-ses.mdx,39,ja-jp,https://manage.auth0.com/#/branding/email_provider,rewritten,https://manage.auth0.com/dashboard/#/emails/provider,path changed,
main/docs/ja-jp/customize/email/smtp-email-providers/amazon-ses.mdx,51,ja-jp,https://manage.auth0.com/#/emails/provider,rewritten,https://manage.auth0.com/dashboard/#/emails/provider,add /dashboard/ prefix,
main/docs/ja-jp/customize/email/smtp-email-providers/amazon-ses.mdx,58,ja-jp,https://manage.auth0.com/#/logs,rewritten,https://manage.auth0.com/dashboard/#/logging/logs,path changed,
main/docs/ja-jp/customize/email/smtp-email-providers/azure-communication-services.mdx,28,ja-jp,https://manage.auth0.com/#/branding/email_provider,rewritten,https://manage.auth0.com/dashboard/#/emails/provider,path changed,
main/docs/ja-jp/customize/email/smtp-email-providers/azure-communication-services.mdx,46,ja-jp,https://manage.auth0.com/#/logs,rewritten,https://manage.auth0.com/dashboard/#/logging/logs,path changed,
main/docs/ja-jp/customize/email/smtp-email-providers/custom/configure-action.mdx,11,ja-jp,https://manage.auth0.com/#/templates/provider,rewritten,https://manage.auth0.com/dashboard/#/phone/provider,path changed,
main/docs/ja-jp/customize/email/smtp-email-providers/custom/configure-action.mdx,41,ja-jp,https://manage.auth0.com/#/templates/provider,rewritten,https://manage.auth0.com/dashboard/#/phone/provider,path changed,
main/docs/ja-jp/customize/email/smtp-email-providers/mailgun.mdx,18,ja-jp,https://manage.auth0.com/#/branding/email_provider,rewritten,https://manage.auth0.com/dashboard/#/emails/provider,path changed,
main/docs/ja-jp/customize/email/smtp-email-providers/mailgun.mdx,26,ja-jp,https://manage.auth0.com/#/logs,rewritten,https://manage.auth0.com/dashboard/#/logging/logs,path changed,
main/docs/ja-jp/customize/email/smtp-email-providers/mandrill.mdx,17,ja-jp,https://manage.auth0.com/#/branding/email_provider,rewritten,https://manage.auth0.com/dashboard/#/emails/provider,path changed,
main/docs/ja-jp/customize/email/smtp-email-providers/mandrill.mdx,25,ja-jp,https://manage.auth0.com/#/logs,rewritten,https://manage.auth0.com/dashboard/#/logging/logs,path changed,
main/docs/ja-jp/customize/email/smtp-email-providers/microsoft-365-exchange-online.mdx,35,ja-jp,https://manage.auth0.com/#/branding/email_provider,rewritten,https://manage.auth0.com/dashboard/#/emails/provider,path changed,
main/docs/ja-jp/customize/email/smtp-email-providers/microsoft-365-exchange-online.mdx,42,ja-jp,https://manage.auth0.com/#/logs,rewritten,https://manage.auth0.com/dashboard/#/logging/logs,path changed,
main/docs/ja-jp/customize/email/smtp-email-providers/resend.mdx,26,ja-jp,https://manage.auth0.com/#/branding/email_provider,rewritten,https://manage.auth0.com/dashboard/#/emails/provider,path changed,
main/docs/ja-jp/customize/email/smtp-email-providers/resend.mdx,35,ja-jp,https://manage.auth0.com/#/logs,rewritten,https://manage.auth0.com/dashboard/#/logging/logs,path changed,
main/docs/ja-jp/customize/email/smtp-email-providers/sendgrid.mdx,21,ja-jp,https://manage.auth0.com/#/branding/email_provider,rewritten,https://manage.auth0.com/dashboard/#/emails/provider,path changed,
main/docs/ja-jp/customize/email/smtp-email-providers/sendgrid.mdx,30,ja-jp,https://manage.auth0.com/#/logs,rewritten,https://manage.auth0.com/dashboard/#/logging/logs,path changed,
main/docs/ja-jp/customize/email/smtp-email-providers/smtp-server.mdx,30,ja-jp,https://manage.auth0.com/#/branding/email-provider,rewritten,https://manage.auth0.com/dashboard/#/emails/provider,path changed,
main/docs/ja-jp/customize/email/smtp-email-providers/smtp-server.mdx,38,ja-jp,https://manage.auth0.com/#/logs,rewritten,https://manage.auth0.com/dashboard/#/logging/logs,path changed,
main/docs/ja-jp/customize/email/smtp-email-providers/sparkpost.mdx,18,ja-jp,https://manage.auth0.com/#/branding/email_provider,rewritten,https://manage.auth0.com/dashboard/#/emails/provider,path changed,
main/docs/ja-jp/customize/email/smtp-email-providers/sparkpost.mdx,26,ja-jp,https://manage.auth0.com/#/logs,rewritten,https://manage.auth0.com/dashboard/#/logging/logs,path changed,
main/docs/ja-jp/customize/email/smtp-email-providers/troubleshooting.mdx,12,ja-jp,https://manage.auth0.com/#/logs,rewritten,https://manage.auth0.com/dashboard/#/logging/logs,path changed,
main/docs/ja-jp/customize/events/create-an-event-stream.mdx,21,ja-jp,https://manage.auth0.com/#/applications,rewritten,https://manage.auth0.com/dashboard/#/applications,http → https + new path,
main/docs/ja-jp/customize/events/send-outbound-scim.mdx,77,ja-jp,https://manage.auth0.com/#/event-streams,rewritten,https://manage.auth0.com/dashboard/#/events/event-streams,path changed,
main/docs/ja-jp/customize/experiment-center/quickstart.mdx,156,ja-jp,https://manage.auth0.com/dashboard/#/logs,rewritten,https://manage.auth0.com/dashboard/#/logging/logs,path changed,
main/docs/ja-jp/customize/extensions/account-link-extension.mdx,26,ja-jp,https://manage.auth0.com/#/extensions,rewritten,https://manage.auth0.com/dashboard/#/extensions/list,path changed,
main/docs/ja-jp/customize/extensions/account-link-extension.mdx,60,ja-jp,https://manage.auth0.com/#/login_settings,rewritten,https://manage.auth0.com/dashboard/#/login_settings,add /dashboard/ prefix,
main/docs/ja-jp/customize/extensions/account-link-extension.mdx,84,ja-jp,https://manage.auth0.com/#/extensions/installed,rewritten,https://manage.auth0.com/dashboard/#/extensions/installed,add /dashboard/ prefix,
main/docs/ja-jp/customize/extensions/account-link-extension.mdx,95,ja-jp,https://manage.auth0.com/#/rules,rewritten,https://manage.auth0.com/dashboard/#/rules,add /dashboard/ prefix,
main/docs/ja-jp/customize/extensions/ad-ldap-connector-health-monitor.mdx,12,ja-jp,https://manage.auth0.com/#/extensions,rewritten,https://manage.auth0.com/dashboard/#/extensions/list,path changed,
main/docs/ja-jp/customize/extensions/ad-ldap-connector-health-monitor.mdx,15,ja-jp,https://manage.auth0.com/#/applications/\{yourClientId}/settings,rewritten,https://manage.auth0.com/dashboard/#/applications/{yourClientId}/settings,path changed,
main/docs/ja-jp/customize/extensions/ad-ldap-connector-health-monitor.mdx,16,ja-jp,https://manage.auth0.com/#/tenant/advanced,rewritten,https://manage.auth0.com/dashboard/#/tenant/advanced,add /dashboard/ prefix,
main/docs/ja-jp/customize/extensions/ad-ldap-connector-health-monitor.mdx,17,ja-jp,https://manage.auth0.com/#/tenant/advanced,rewritten,https://manage.auth0.com/dashboard/#/tenant/advanced,add /dashboard/ prefix,
main/docs/ja-jp/customize/extensions/ad-ldap-connector-health-monitor.mdx,23,ja-jp,https://manage.auth0.com/#/extensions,rewritten,https://manage.auth0.com/dashboard/#/extensions/list,path changed,
main/docs/ja-jp/customize/extensions/ad-ldap-connector-health-monitor.mdx,33,ja-jp,https://manage.auth0.com/#/connections/enterprise,rewritten,https://manage.auth0.com/dashboard/#/connections/enterprise,add /dashboard/ prefix,
main/docs/ja-jp/customize/extensions/authentication-api-debugger-extension.mdx,12,ja-jp,https://manage.auth0.com/#/extensions,rewritten,https://manage.auth0.com/dashboard/#/extensions/list,path changed,
main/docs/ja-jp/customize/extensions/authentication-api-debugger-extension.mdx,21,ja-jp,https://manage.auth0.com/#/extensions,rewritten,https://manage.auth0.com/dashboard/#/extensions/list,path changed,
main/docs/ja-jp/customize/extensions/authentication-api-debugger-extension.mdx,21,ja-jp,https://manage.auth0.com/#/extensions,rewritten,https://manage.auth0.com/dashboard/#/extensions/list,path changed,
main/docs/ja-jp/customize/extensions/authentication-api-debugger-extension.mdx,34,ja-jp,https://manage.auth0.com/#/applications,rewritten,https://manage.auth0.com/dashboard/#/applications,http → https + new path,
main/docs/ja-jp/customize/extensions/authorization-extension.mdx,47,ja-jp,https://manage.auth0.com/#/extensions,rewritten,https://manage.auth0.com/dashboard/#/extensions/list,path changed,
main/docs/ja-jp/customize/extensions/authorization-extension.mdx,62,ja-jp,https://manage.auth0.com/#/rules,rewritten,https://manage.auth0.com/dashboard/#/rules,add /dashboard/ prefix,
main/docs/ja-jp/customize/extensions/authorization-extension/configure-authorization-extension.mdx,25,ja-jp,https://manage.auth0.com/#/extensions,rewritten,https://manage.auth0.com/dashboard/#/extensions/list,path changed,
main/docs/ja-jp/customize/extensions/authorization-extension/configure-authorization-extension.mdx,55,ja-jp,https://manage.auth0.com/#/users,rewritten,https://manage.auth0.com/dashboard/#/users,add /dashboard/ prefix,
main/docs/ja-jp/customize/extensions/authorization-extension/configure-authorization-extension.mdx,65,ja-jp,https://manage.auth0.com/#/rules,rewritten,https://manage.auth0.com/dashboard/#/rules,add /dashboard/ prefix,
main/docs/ja-jp/customize/extensions/authorization-extension/enable-api-access-to-authorization-extension.mdx,21,ja-jp,https://manage.auth0.com/#/extensions,rewritten,https://manage.auth0.com/dashboard/#/extensions/list,path changed,
main/docs/ja-jp/customize/extensions/authorization-extension/enable-api-access-to-authorization-extension.mdx,34,ja-jp,https://manage.auth0.com/#/apis,rewritten,https://manage.auth0.com/dashboard/#/apis,http → https + new path,
main/docs/ja-jp/customize/extensions/authorization-extension/enable-api-access-to-authorization-extension.mdx,38,ja-jp,https://manage.auth0.com/#/applications,rewritten,https://manage.auth0.com/dashboard/#/applications,http → https + new path,
main/docs/ja-jp/customize/extensions/authorization-extension/install-authorization-extension.mdx,29,ja-jp,https://manage.auth0.com/#/extensions,rewritten,https://manage.auth0.com/dashboard/#/extensions/list,path changed,
main/docs/ja-jp/customize/extensions/authorization-extension/migrate-to-authorization-extension-v2.mdx,31,ja-jp,https://manage.auth0.com/#/extensions,rewritten,https://manage.auth0.com/dashboard/#/extensions/list,path changed,
main/docs/ja-jp/customize/extensions/authorization-extension/use-rules-with-the-authorization-extension.mdx,63,ja-jp,https://manage.auth0.com/#/applications,rewritten,https://manage.auth0.com/dashboard/#/applications,http → https + new path,
main/docs/ja-jp/customize/extensions/authorization-extension/use-rules-with-the-authorization-extension.mdx,74,ja-jp,https://manage.auth0.com/#/rules,rewritten,https://manage.auth0.com/dashboard/#/rules,add /dashboard/ prefix,
main/docs/ja-jp/customize/extensions/delegated-administration-extension/create-delegated-admin-applications.mdx,8,ja-jp,https://manage.auth0.com/#/applications,rewritten,https://manage.auth0.com/dashboard/#/applications,http → https + new path,
main/docs/ja-jp/customize/extensions/delegated-administration-extension/delegated-administration-manage-users.mdx,24,ja-jp,https://manage.auth0.com/#/logs,rewritten,https://manage.auth0.com/dashboard/#/logging/logs,path changed,
main/docs/ja-jp/customize/extensions/delegated-administration-extension/install-delegated-admin-extension.mdx,14,ja-jp,https://manage.auth0.com/#/extensions,rewritten,https://manage.auth0.com/dashboard/#/extensions/list,path changed,
main/docs/ja-jp/customize/extensions/delegated-administration-extension/install-delegated-admin-extension.mdx,30,ja-jp,https://manage.auth0.com/#/applications,rewritten,https://manage.auth0.com/dashboard/#/applications,http → https + new path,
main/docs/ja-jp/customize/extensions/delegated-administration-extension/install-delegated-admin-extension.mdx,34,ja-jp,https://manage.auth0.com/#/applications,rewritten,https://manage.auth0.com/dashboard/#/applications,http → https + new path,
main/docs/ja-jp/customize/extensions/delegated-administration-extension/install-delegated-admin-extension.mdx,54,ja-jp,https://manage.auth0.com/#/extensions,rewritten,https://manage.auth0.com/dashboard/#/extensions/list,path changed,
main/docs/ja-jp/customize/extensions/single-sign-on-dashboard-extension/add-applications-to-the-sso-dashboard.mdx,15,ja-jp,https://manage.auth0.com/#/extensions,rewritten,https://manage.auth0.com/dashboard/#/extensions/list,path changed,
main/docs/ja-jp/customize/extensions/single-sign-on-dashboard-extension/add-applications-to-the-sso-dashboard.mdx,29,ja-jp,https://manage.auth0.com/#/applications,rewritten,https://manage.auth0.com/dashboard/#/applications,http → https + new path,
main/docs/ja-jp/customize/extensions/single-sign-on-dashboard-extension/add-applications-to-the-sso-dashboard.mdx,30,ja-jp,https://manage.auth0.com/#/connections/database,rewritten,https://manage.auth0.com/dashboard/#/authentication/database,http → https + new path,
main/docs/ja-jp/customize/extensions/single-sign-on-dashboard-extension/create-sso-dashboard-application.mdx,12,ja-jp,https://manage.auth0.com/#/applications,rewritten,https://manage.auth0.com/dashboard/#/applications,http → https + new path,
main/docs/ja-jp/customize/extensions/single-sign-on-dashboard-extension/install-sso-dashboard-extension.mdx,17,ja-jp,https://manage.auth0.com/#/extensions,rewritten,https://manage.auth0.com/dashboard/#/extensions/list,path changed,
main/docs/ja-jp/customize/extensions/single-sign-on-dashboard-extension/install-sso-dashboard-extension.mdx,35,ja-jp,https://manage.auth0.com/#/applications,rewritten,https://manage.auth0.com/dashboard/#/applications,http → https + new path,
main/docs/ja-jp/customize/extensions/single-sign-on-dashboard-extension/install-sso-dashboard-extension.mdx,39,ja-jp,https://manage.auth0.com/#/extensions,rewritten,https://manage.auth0.com/dashboard/#/extensions/list,path changed,
main/docs/ja-jp/customize/extensions/single-sign-on-dashboard-extension/update-applications-on-the-sso-dashboard.mdx,18,ja-jp,https://manage.auth0.com/#/extensions,rewritten,https://manage.auth0.com/dashboard/#/extensions/list,path changed,
main/docs/ja-jp/customize/extensions/user-import-export-extension.mdx,21,ja-jp,https://manage.auth0.com/#/extensions,rewritten,https://manage.auth0.com/dashboard/#/extensions/list,path changed,
main/docs/ja-jp/customize/extensions/user-import-export-extension.mdx,62,ja-jp,https://manage.auth0.com/#/users,rewritten,https://manage.auth0.com/dashboard/#/users,add /dashboard/ prefix,
main/docs/ja-jp/customize/hooks/create-hooks.mdx,40,ja-jp,https://manage.auth0.com/#/hooks,rewritten,https://manage.auth0.com/dashboard/#/hooks,add /dashboard/ prefix,
main/docs/ja-jp/customize/hooks/delete-hooks.mdx,30,ja-jp,https://manage.auth0.com/#/,unchanged-root,,,
main/docs/ja-jp/customize/hooks/enable-disable-hooks.mdx,38,ja-jp,https://manage.auth0.com/#/,unchanged-root,,,
main/docs/ja-jp/customize/hooks/hook-secrets/create-hook-secrets.mdx,36,ja-jp,https://manage.auth0.com/#/,unchanged-root,,,
main/docs/ja-jp/customize/hooks/hook-secrets/create-hook-secrets.mdx,36,ja-jp,https://manage.auth0.com/#/hooks,rewritten,https://manage.auth0.com/dashboard/#/hooks,add /dashboard/ prefix,
main/docs/ja-jp/customize/hooks/hook-secrets/delete-hook-secrets.mdx,32,ja-jp,https://manage.auth0.com/#/,unchanged-root,,,
main/docs/ja-jp/customize/hooks/hook-secrets/delete-hook-secrets.mdx,32,ja-jp,https://manage.auth0.com/#/hooks,rewritten,https://manage.auth0.com/dashboard/#/hooks,add /dashboard/ prefix,
main/docs/ja-jp/customize/hooks/hook-secrets/update-hook-secrets.mdx,32,ja-jp,https://manage.auth0.com/#/,unchanged-root,,,
main/docs/ja-jp/customize/hooks/hook-secrets/view-hook-secrets.mdx,30,ja-jp,https://manage.auth0.com/#/,unchanged-root,,,
main/docs/ja-jp/customize/hooks/update-hooks.mdx,36,ja-jp,https://manage.auth0.com/#/,unchanged-root,,,
main/docs/ja-jp/customize/hooks/update-hooks.mdx,44,ja-jp,https://manage.auth0.com/#/,unchanged-root,,,
main/docs/ja-jp/customize/hooks/view-hooks.mdx,30,ja-jp,https://manage.auth0.com/#/,unchanged-root,,,
main/docs/ja-jp/customize/hooks/view-logs-for-hooks.mdx,24,ja-jp,https://manage.auth0.com/#/,unchanged-root,,,
main/docs/ja-jp/customize/integrations/apigee.mdx,33,ja-jp,https://manage.auth0.com/#/applications,rewritten,https://manage.auth0.com/dashboard/#/applications,http → https + new path,
main/docs/ja-jp/customize/integrations/aws/amazon-cognito.mdx,14,ja-jp,https://manage.auth0.com/#/applications,rewritten,https://manage.auth0.com/dashboard/#/applications,http → https + new path,
main/docs/ja-jp/customize/integrations/aws/amazon-cognito.mdx,53,ja-jp,https://manage.auth0.com/#/applications,rewritten,https://manage.auth0.com/dashboard/#/applications,http → https + new path,
main/docs/ja-jp/customize/integrations/aws/amazon-cognito.mdx,72,ja-jp,https://manage.auth0.com/#/applications,rewritten,https://manage.auth0.com/dashboard/#/applications,http → https + new path,
main/docs/ja-jp/customize/integrations/aws/aws-api-gateway-custom-authorizers.mdx,59,ja-jp,https://manage.auth0.com/#/apis,rewritten,https://manage.auth0.com/dashboard/#/apis,http → https + new path,
main/docs/ja-jp/customize/integrations/aws/aws-api-gateway-custom-authorizers.mdx,191,ja-jp,https://manage.auth0.com/#/apis,rewritten,https://manage.auth0.com/dashboard/#/apis,http → https + new path,
main/docs/ja-jp/customize/integrations/aws/configure-amazon-web-services-for-sso.mdx,171,ja-jp,https://manage.auth0.com/#/applications,rewritten,https://manage.auth0.com/dashboard/#/applications,http → https + new path,
main/docs/ja-jp/customize/integrations/aws/session-tags.mdx,121,ja-jp,https://manage.auth0.com/#/applications,rewritten,https://manage.auth0.com/dashboard/#/applications,http → https + new path,
main/docs/ja-jp/customize/integrations/azure-api-management.mdx,20,ja-jp,https://manage.auth0.com/#/apis,rewritten,https://manage.auth0.com/dashboard/#/apis,http → https + new path,
main/docs/ja-jp/customize/integrations/azure-api-management.mdx,34,ja-jp,https://manage.auth0.com/#/applications,rewritten,https://manage.auth0.com/dashboard/#/applications,http → https + new path,
main/docs/ja-jp/customize/integrations/azure-api-management.mdx,41,ja-jp,https://manage.auth0.com/#/connections/database,rewritten,https://manage.auth0.com/dashboard/#/authentication/database,http → https + new path,
main/docs/ja-jp/customize/integrations/azure-api-management.mdx,56,ja-jp,https://manage.auth0.com/#/users,rewritten,https://manage.auth0.com/dashboard/#/users,add /dashboard/ prefix,
main/docs/ja-jp/customize/integrations/azure-api-management.mdx,127,ja-jp,https://manage.auth0.com/#/applications,rewritten,https://manage.auth0.com/dashboard/#/applications,http → https + new path,
main/docs/ja-jp/customize/integrations/cms/wordpress-plugin/configure-login-by-auth0.mdx,20,ja-jp,https://manage.auth0.com/#/applications,rewritten,https://manage.auth0.com/dashboard/#/applications,http → https + new path,
main/docs/ja-jp/customize/integrations/cms/wordpress-plugin/configure-login-by-auth0.mdx,21,ja-jp,https://manage.auth0.com/#/applications,rewritten,https://manage.auth0.com/dashboard/#/applications,http → https + new path,
main/docs/ja-jp/customize/integrations/cms/wordpress-plugin/configure-login-by-auth0.mdx,49,ja-jp,https://manage.auth0.com/#/apis,rewritten,https://manage.auth0.com/dashboard/#/apis,http → https + new path,
main/docs/ja-jp/customize/integrations/cms/wordpress-plugin/configure-login-by-auth0.mdx,58,ja-jp,https://manage.auth0.com/#/connections/database,rewritten,https://manage.auth0.com/dashboard/#/authentication/database,http → https + new path,
main/docs/ja-jp/customize/integrations/cms/wordpress-plugin/configure-login-by-auth0.mdx,71,ja-jp,https://manage.auth0.com/#/applications,rewritten,https://manage.auth0.com/dashboard/#/applications,http → https + new path,
main/docs/ja-jp/customize/integrations/cms/wordpress-plugin/configure-login-by-auth0.mdx,154,ja-jp,https://manage.auth0.com/#,unchanged-root,,,
main/docs/ja-jp/customize/integrations/cms/wordpress-plugin/install-login-by-auth0.mdx,124,ja-jp,https://manage.auth0.com/#,unchanged-root,,,
main/docs/ja-jp/customize/integrations/cms/wordpress-plugin/troubleshoot-login-by-auth0.mdx,52,ja-jp,https://manage.auth0.com/#/applications,rewritten,https://manage.auth0.com/dashboard/#/applications,http → https + new path,
main/docs/ja-jp/customize/integrations/cms/wordpress-plugin/troubleshoot-login-by-auth0.mdx,62,ja-jp,https://manage.auth0.com/#/applications,rewritten,https://manage.auth0.com/dashboard/#/applications,http → https + new path,
main/docs/ja-jp/customize/integrations/cms/wordpress-plugin/troubleshoot-login-by-auth0.mdx,65,ja-jp,https://manage.auth0.com/#/connections/database,rewritten,https://manage.auth0.com/dashboard/#/authentication/database,http → https + new path,
main/docs/ja-jp/customize/integrations/cms/wordpress-plugin/troubleshoot-login-by-auth0.mdx,75,ja-jp,https://manage.auth0.com/#/connections/passwordless,rewritten,https://manage.auth0.com/dashboard/#/authentication/passwordless,path changed,
main/docs/ja-jp/customize/integrations/cms/wordpress-plugin/troubleshoot-login-by-auth0.mdx,93,ja-jp,https://manage.auth0.com/#/logs,rewritten,https://manage.auth0.com/dashboard/#/logging/logs,path changed,
main/docs/ja-jp/customize/integrations/cms/wordpress-plugin/troubleshoot-wordpress-plugin-invalid-state-errors.mdx,29,ja-jp,https://manage.auth0.com/#/applications/\{yourClientId}/settings,rewritten,https://manage.auth0.com/dashboard/#/applications/{yourClientId}/settings,path changed,
main/docs/ja-jp/customize/integrations/cms/wordpress-plugin/user-migration-in-login-by-auth0.mdx,65,ja-jp,https://manage.auth0.com/#/connections/database,rewritten,https://manage.auth0.com/dashboard/#/authentication/database,http → https + new path,
main/docs/ja-jp/customize/integrations/google-cloud-endpoints.mdx,139,ja-jp,https://manage.auth0.com/#/apis,rewritten,https://manage.auth0.com/dashboard/#/apis,http → https + new path,
main/docs/ja-jp/customize/integrations/google-cloud-endpoints.mdx,394,ja-jp,https://manage.auth0.com/#/apis,rewritten,https://manage.auth0.com/dashboard/#/apis,http → https + new path,
main/docs/ja-jp/customize/integrations/integrate-with-vercel.mdx,71,ja-jp,https://manage.auth0.com/,unchanged-root,,,
main/docs/ja-jp/customize/integrations/marketing-tool-integrations/adobe-campaign.mdx,10,ja-jp,https://manage.auth0.com/#/extensions,rewritten,https://manage.auth0.com/dashboard/#/extensions/list,path changed,
main/docs/ja-jp/customize/integrations/marketing-tool-integrations/alterian.mdx,10,ja-jp,https://manage.auth0.com/#/extensions,rewritten,https://manage.auth0.com/dashboard/#/extensions/list,path changed,
main/docs/ja-jp/customize/integrations/marketing-tool-integrations/constant-contact.mdx,10,ja-jp,https://manage.auth0.com/#/extensions,rewritten,https://manage.auth0.com/dashboard/#/extensions/list,path changed,
main/docs/ja-jp/customize/integrations/marketing-tool-integrations/eloqua.mdx,10,ja-jp,https://manage.auth0.com/#/extensions,rewritten,https://manage.auth0.com/dashboard/#/extensions/list,path changed,
main/docs/ja-jp/customize/integrations/marketing-tool-integrations/export-user-data-salesforce.mdx,10,ja-jp,https://manage.auth0.com/#/extensions,rewritten,https://manage.auth0.com/dashboard/#/extensions/list,path changed,
main/docs/ja-jp/customize/integrations/marketing-tool-integrations/mailchimp.mdx,10,ja-jp,https://manage.auth0.com/#/extensions,rewritten,https://manage.auth0.com/dashboard/#/extensions/list,path changed,
main/docs/ja-jp/customize/integrations/marketing-tool-integrations/marketo.mdx,12,ja-jp,https://manage.auth0.com/#/extensions,rewritten,https://manage.auth0.com/dashboard/#/extensions/list,path changed,
main/docs/ja-jp/customize/integrations/marketing-tool-integrations/sailthru.mdx,10,ja-jp,https://manage.auth0.com/#/extensions,rewritten,https://manage.auth0.com/dashboard/#/extensions/list,path changed,
main/docs/ja-jp/customize/integrations/marketing-tool-integrations/salesforce-marketing-cloud.mdx,12,ja-jp,https://manage.auth0.com/#/extensions,rewritten,https://manage.auth0.com/dashboard/#/extensions/list,path changed,
main/docs/ja-jp/customize/integrations/marketing-tool-integrations/watson-campaign-automation.mdx,10,ja-jp,https://manage.auth0.com/#/extensions,rewritten,https://manage.auth0.com/dashboard/#/extensions/list,path changed,
main/docs/ja-jp/customize/integrations/sharepoint-2010-2013.mdx,16,ja-jp,https://manage.auth0.com/#/externalapps/create,rewritten,https://manage.auth0.com/dashboard/#/applications/sso,path changed,
main/docs/ja-jp/customize/integrations/sharepoint-2010-2013.mdx,177,ja-jp,https://manage.auth0.com/#/rules,rewritten,https://manage.auth0.com/dashboard/#/rules,add /dashboard/ prefix,
main/docs/ja-jp/customize/internationalization-and-localization/universal-login-internationalization.mdx,101,ja-jp,https://manage.auth0.com/#/tenant,rewritten,https://manage.auth0.com/dashboard/#/tenant/general,path changed,
main/docs/ja-jp/customize/log-streams/check-log-stream-health.mdx,8,ja-jp,https://manage.auth0.com/#/log-streams,rewritten,https://manage.auth0.com/dashboard/#/logging/log-streams,path changed,
main/docs/ja-jp/customize/log-streams/custom-log-streams.mdx,22,ja-jp,https://manage.auth0.com/#/log-streams,rewritten,https://manage.auth0.com/dashboard/#/logging/log-streams,path changed,
main/docs/ja-jp/customize/log-streams/event-filters.mdx,8,ja-jp,https://manage.auth0.com/#/log-streams,rewritten,https://manage.auth0.com/dashboard/#/logging/log-streams,path changed,
main/docs/ja-jp/customize/login-pages/advanced-customizations/configure/overview.mdx,19,ja-jp,https://manage.auth0.com/dashboard/#/universal-login/customizations-new,rewritten,https://manage.auth0.com/dashboard/#/pages,path changed,
main/docs/ja-jp/customize/login-pages/advanced-customizations/deployment-workflow.mdx,39,ja-jp,https://manage.auth0.com/#/applications,rewritten,https://manage.auth0.com/dashboard/#/applications,http → https + new path,
main/docs/ja-jp/customize/login-pages/classic-login/customization-classic.mdx,18,ja-jp,https://manage.auth0.com/#/login_settings,rewritten,https://manage.auth0.com/dashboard/#/login_settings,add /dashboard/ prefix,
main/docs/ja-jp/customize/login-pages/classic-login/customization-classic.mdx,44,ja-jp,https://manage.auth0.com/#/login_settings,rewritten,https://manage.auth0.com/dashboard/#/login_settings,add /dashboard/ prefix,
main/docs/ja-jp/customize/login-pages/classic-login/customization-classic.mdx,63,ja-jp,https://manage.auth0.com/#/login_page,rewritten,https://manage.auth0.com/dashboard/#/login_page,add /dashboard/ prefix,
main/docs/ja-jp/customize/login-pages/classic-login/customize-password-reset-page.mdx,34,ja-jp,https://manage.auth0.com/#/password_reset,rewritten,https://manage.auth0.com/dashboard/#/password_reset,add /dashboard/ prefix,
main/docs/ja-jp/customize/login-pages/classic-login/customize-password-reset-page.mdx,86,ja-jp,https://manage.auth0.com/#/tenant,rewritten,https://manage.auth0.com/dashboard/#/tenant/general,path changed,
main/docs/ja-jp/customize/login-pages/classic-login/customize-password-reset-page.mdx,113,ja-jp,https://manage.auth0.com/#/connections/database/con_YOUR-CONNECTION-ID/security,pattern-rewritten,https://manage.auth0.com/dashboard/#/connections/database/con_YOUR-CONNECTION-ID/security,database connection security tab,
main/docs/ja-jp/customize/login-pages/classic-login/customize-password-reset-page.mdx,119,ja-jp,https://manage.auth0.com/#/tenant,rewritten,https://manage.auth0.com/dashboard/#/tenant/general,path changed,
main/docs/ja-jp/customize/login-pages/classic-login/customize-with-lock-sdk.mdx,16,ja-jp,https://manage.auth0.com/#/login_page,rewritten,https://manage.auth0.com/dashboard/#/login_page,add /dashboard/ prefix,
main/docs/ja-jp/customize/login-pages/custom-error-pages.mdx,43,ja-jp,https://manage.auth0.com/#/tenant/,rewritten,https://manage.auth0.com/dashboard/#/tenant/general,path changed,
main/docs/ja-jp/customize/login-pages/universal-login/customize-signup-and-login-prompts.mdx,71,ja-jp,https://manage.auth0.com/#/universal-login/customize-partials,rewritten,https://manage.auth0.com/dashboard/#/pages/customize-partials,path changed,
main/docs/ja-jp/customize/login-pages/universal-login/customize-signup-and-login-prompts/language-selection.mdx,26,ja-jp,https://manage.auth0.com/#/tenant/general,rewritten,https://manage.auth0.com/dashboard/#/tenant/general,add /dashboard/ prefix,
main/docs/ja-jp/customize/login-pages/universal-login/customize-signup-and-login-prompts/use-actions-to-validate-and-store-end-user-data-gathered-by-signup-prompt.mdx,30,ja-jp,https://manage.auth0.com/dashboard/us/dev-6endizjt/actions/library,rewritten,https://manage.auth0.com/dashboard/#/actions/custom,path changed,
main/docs/ja-jp/customize/login-pages/universal-login/customize-signup-and-login-prompts/use-actions-to-validate-and-store-end-user-data-gathered-by-signup-prompt.mdx,59,ja-jp,https://manage.auth0.com/dashboard/us/dev-6endizjt/actions/flows/pre-user-signup/,rewritten,https://manage.auth0.com/dashboard/#/actions/triggers/pre-user-registration,path changed,
main/docs/ja-jp/customize/login-pages/universal-login/customize-signup-and-login-prompts/use-actions-to-validate-and-store-end-user-data-gathered-by-signup-prompt.mdx,75,ja-jp,https://manage.auth0.com/dashboard/us/dev-6endizjt/users,rewritten,https://manage.auth0.com/dashboard/#/users,path changed,
main/docs/ja-jp/customize/login-pages/universal-login/customize-signup-and-login-prompts/use-dynamic-variables-to-internationalize-custom-form-elements.mdx,68,ja-jp,https://manage.auth0.com/dashboard/us/dev-6endizjt/universal-login/customizations/colors,rewritten,https://manage.auth0.com/dashboard/#/branding/customizations/colors,path changed,
main/docs/ja-jp/customize/login-pages/universal-login/customize-templates.mdx,179,ja-jp,https://manage.auth0.com/#/universal-login/customizations-new,rewritten,https://manage.auth0.com/dashboard/#/pages,path changed,
main/docs/ja-jp/customize/login-pages/universal-login/customize-text-elements.mdx,24,ja-jp,https://manage.auth0.com/#/custom_text,rewritten,https://manage.auth0.com/dashboard/#/pages/customize-text,path changed,
main/docs/ja-jp/customize/login-pages/universal-login/customize-themes.mdx,18,ja-jp,https://manage.auth0.com/#/universal-login/customizations/colors,rewritten,https://manage.auth0.com/dashboard/#/branding/customizations/colors,path changed,
main/docs/ja-jp/customize/phone-messages/configure-phone-messaging-providers/configure-a-custom-phone-provider.mdx,26,ja-jp,https://manage.auth0.com/dashboard/#/phone/templates/phone/provider,rewritten,https://manage.auth0.com/dashboard/#/phone/provider,path changed,
main/docs/ja-jp/customize/phone-messages/configure-phone-messaging-providers/configure-a-custom-phone-provider.mdx,49,ja-jp,https://manage.auth0.com/dashboard/#/phone/templates/phone/provider,rewritten,https://manage.auth0.com/dashboard/#/phone/provider,path changed,
main/docs/ja-jp/customize/phone-messages/configure-phone-messaging-providers/configure-a-custom-phone-provider/configure-a-custom-phone-provider-with-terraform.mdx,85,ja-jp,https://manage.auth0.com/#/phone/templates/phone/provider,rewritten,https://manage.auth0.com/dashboard/#/phone/provider,path changed,
main/docs/ja-jp/customize/phone-messages/configure-phone-messaging-providers/configure-a-custom-phone-provider/configure-a-custom-phone-provider-with-twilio-verify.mdx,15,ja-jp,https://manage.auth0.com/dashboard/#/phone/templates/phone/provider,rewritten,https://manage.auth0.com/dashboard/#/phone/provider,path changed,
main/docs/ja-jp/customize/phone-messages/configure-phone-messaging-providers/configure-twilio-as-a-phone-messaging-provider.mdx,15,ja-jp,https://manage.auth0.com/#/branding/phone/provider,rewritten,https://manage.auth0.com/dashboard/#/phone/provider,path changed,
main/docs/ja-jp/customize/phone-messages/configure-phone-messaging-providers/configure-twilio-as-a-phone-messaging-provider.mdx,25,ja-jp,https://manage.auth0.com/#/logs,rewritten,https://manage.auth0.com/dashboard/#/logging/logs,path changed,
main/docs/ja-jp/customize/phone-messages/phone-templates.mdx,17,ja-jp,https://manage.auth0.com/#/phone,rewritten,https://manage.auth0.com/dashboard/#/phone/templates,path changed,
main/docs/ja-jp/customize/phone-messages/phone-templates/customize.mdx,15,ja-jp,https://manage.auth0.com/#/phone,rewritten,https://manage.auth0.com/dashboard/#/phone/templates,path changed,
main/docs/ja-jp/customize/phone-messages/phone-templates/supported-liquid-syntax.mdx,55,ja-jp,https://manage.auth0.com/#/tenant,rewritten,https://manage.auth0.com/dashboard/#/tenant/general,path changed,
main/docs/ja-jp/customize/phone-messages/unified-phone/configure-unified-phone.mdx,24,ja-jp,https://manage.auth0.com/#/phone/templates/phone/provider,rewritten,https://manage.auth0.com/dashboard/#/phone/provider,path changed,
main/docs/ja-jp/customize/phone-messages/unified-phone/configure-unified-phone.mdx,38,ja-jp,https://manage.auth0.com/#/security/mfa,rewritten,https://manage.auth0.com/dashboard/#/authentication/mfa,path changed,
main/docs/ja-jp/customize/phone-messages/unified-phone/configure-unified-phone.mdx,47,ja-jp,https://manage.auth0.com/#/phone/templates/phone/provider,rewritten,https://manage.auth0.com/dashboard/#/phone/provider,path changed,
main/docs/ja-jp/customize/phone-messages/unified-phone/configure-unified-phone.mdx,61,ja-jp,https://manage.auth0.com/#/connections/passwordless,rewritten,https://manage.auth0.com/dashboard/#/authentication/passwordless,path changed,
main/docs/ja-jp/customize/phone-messages/unified-phone/configure-unified-phone.mdx,65,ja-jp,https://manage.auth0.com/#/applications,rewritten,https://manage.auth0.com/dashboard/#/applications,http → https + new path,
main/docs/ja-jp/customize/phone-messages/unified-phone/configure-unified-phone.mdx,68,ja-jp,https://manage.auth0.com/#/connections/passwordless,rewritten,https://manage.auth0.com/dashboard/#/authentication/passwordless,path changed,
main/docs/ja-jp/customize/phone-messages/unified-phone/configure-unified-phone.mdx,80,ja-jp,https://manage.auth0.com/#/phone/templates/phone/provider,rewritten,https://manage.auth0.com/dashboard/#/phone/provider,path changed,
main/docs/ja-jp/customize/phone-messages/unified-phone/unified-phone-experience-passwordless.mdx,40,ja-jp,https://manage.auth0.com/#/connections/passwordless,rewritten,https://manage.auth0.com/dashboard/#/authentication/passwordless,path changed,
main/docs/ja-jp/customize/phone-messages/unified-phone/unified-phone-experience-passwordless.mdx,54,ja-jp,https://manage.auth0.com/#/phone/templates/phone/provider,rewritten,https://manage.auth0.com/dashboard/#/phone/provider,path changed,
main/docs/ja-jp/customize/phone-messages/unified-phone/unified-phone-experience-passwordless.mdx,69,ja-jp,https://manage.auth0.com/#/connections/passwordless,rewritten,https://manage.auth0.com/dashboard/#/authentication/passwordless,path changed,
main/docs/ja-jp/customize/phone-messages/unified-phone/unified-phone-experience-passwordless.mdx,85,ja-jp,https://manage.auth0.com/#/phone/templates/phone/provider,rewritten,https://manage.auth0.com/dashboard/#/phone/provider,path changed,
main/docs/ja-jp/customize/phone-messages/unified-phone/unified-phone-experience-passwordless.mdx,92,ja-jp,https://manage.auth0.com/#/connections/passwordless,rewritten,https://manage.auth0.com/dashboard/#/authentication/passwordless,path changed,
main/docs/ja-jp/customize/phone-messages/unified-phone/use-auth0s-unified-phone-experience-for-multi-factor-authentication.mdx,42,ja-jp,https://manage.auth0.com/#/security/mfa,rewritten,https://manage.auth0.com/dashboard/#/authentication/mfa,path changed,
main/docs/ja-jp/customize/phone-messages/unified-phone/use-auth0s-unified-phone-experience-for-multi-factor-authentication.mdx,56,ja-jp,https://manage.auth0.com/#/tenant/advanced,rewritten,https://manage.auth0.com/dashboard/#/tenant/advanced,add /dashboard/ prefix,
main/docs/ja-jp/customize/phone-messages/unified-phone/use-auth0s-unified-phone-experience-for-multi-factor-authentication.mdx,66,ja-jp,https://manage.auth0.com/#/phone/templates/phone/provider,rewritten,https://manage.auth0.com/dashboard/#/phone/provider,path changed,
main/docs/ja-jp/customize/phone-messages/unified-phone/use-auth0s-unified-phone-experience-for-multi-factor-authentication.mdx,82,ja-jp,https://manage.auth0.com/#/security/mfa,rewritten,https://manage.auth0.com/dashboard/#/authentication/mfa,path changed,
main/docs/ja-jp/customize/phone-messages/unified-phone/use-auth0s-unified-phone-experience-for-multi-factor-authentication.mdx,216,ja-jp,https://manage.auth0.com/#/phone/templates/phone/provider,rewritten,https://manage.auth0.com/dashboard/#/phone/provider,path changed,
main/docs/ja-jp/customize/phone-messages/unified-phone/use-auth0s-unified-phone-experience-for-multi-factor-authentication.mdx,223,ja-jp,https://manage.auth0.com/#/security/mfa,rewritten,https://manage.auth0.com/dashboard/#/authentication/mfa,path changed,
main/docs/ja-jp/customize/portals/quickstart.mdx,88,ja-jp,https://manage.auth0.com/#/applications,rewritten,https://manage.auth0.com/dashboard/#/applications,http → https + new path,
main/docs/ja-jp/customize/rules/configuration.mdx,20,ja-jp,https://manage.auth0.com/#/rules/,rewritten,https://manage.auth0.com/dashboard/#/rules,add /dashboard/ prefix,
main/docs/ja-jp/customize/rules/configure-global-variables-for-rules.mdx,18,ja-jp,https://manage.auth0.com/#/rules,rewritten,https://manage.auth0.com/dashboard/#/rules,add /dashboard/ prefix,
main/docs/ja-jp/customize/rules/create-rules.mdx,47,ja-jp,https://manage.auth0.com/#/rules,rewritten,https://manage.auth0.com/dashboard/#/rules,add /dashboard/ prefix,
main/docs/ja-jp/customize/rules/debug-rules.mdx,26,ja-jp,https://manage.auth0.com/#/rules/create,rewritten,https://manage.auth0.com/dashboard/#/rules,path changed,
main/docs/ja-jp/customize/rules/redirect-users.mdx,221,ja-jp,https://manage.auth0.com/#/tenant/advanced,rewritten,https://manage.auth0.com/dashboard/#/tenant/advanced,add /dashboard/ prefix,
main/docs/ja-jp/deploy-monitor/auth0-cli.mdx,7,ja-jp,https://manage.auth0.com/,unchanged-root,,,
main/docs/ja-jp/deploy-monitor/deploy-cli-tool.mdx,9,ja-jp,https://manage.auth0.com/,unchanged-root,,,
main/docs/ja-jp/deploy-monitor/logs/log-event-filters.mdx,6,ja-jp,https://manage.auth0.com/#/logs,rewritten,https://manage.auth0.com/dashboard/#/logging/logs,path changed,
main/docs/ja-jp/deploy-monitor/logs/view-log-events.mdx,12,ja-jp,https://manage.auth0.com/#/logs,rewritten,https://manage.auth0.com/dashboard/#/logging/logs,path changed,
main/docs/ja-jp/deploy-monitor/metric-streams.mdx,138,ja-jp,https://manage.auth0.com,unchanged-root,,,
main/docs/ja-jp/deploy-monitor/metric-streams.mdx,210,ja-jp,https://manage.auth0.com,unchanged-root,,,
main/docs/ja-jp/deploy-monitor/metric-streams.mdx,286,ja-jp,https://manage.auth0.com,unchanged-root,,,
main/docs/ja-jp/deploy-monitor/metric-streams.mdx,359,ja-jp,https://manage.auth0.com,unchanged-root,,,
main/docs/ja-jp/deploy-monitor/metric-streams.mdx,426,ja-jp,https://manage.auth0.com,unchanged-root,,,
main/docs/ja-jp/deploy-monitor/monitor/check-auth0-status.mdx,20,ja-jp,https://manage.auth0.com/dashboard/#/applications,unchanged-new,,already in new form,
main/docs/ja-jp/deploy-monitor/pre-deployment-checks/pre-launch-tips.mdx,23,ja-jp,https://manage.auth0.com/#/security/attack-protection,rewritten,https://manage.auth0.com/dashboard/#/security/attack-protection,add /dashboard/ prefix,
main/docs/ja-jp/deploy-monitor/pre-deployment-checks/pre-launch-tips.mdx,24,ja-jp,https://manage.auth0.com/#/tenant/admins,rewritten,https://manage.auth0.com/dashboard/#/tenant/admins,add /dashboard/ prefix,
main/docs/ja-jp/deploy-monitor/pre-deployment-checks/pre-launch-tips.mdx,26,ja-jp,https://manage.auth0.com/#/rules,rewritten,https://manage.auth0.com/dashboard/#/rules,add /dashboard/ prefix,
main/docs/ja-jp/deploy-monitor/pre-deployment-checks/pre-launch-tips.mdx,28,ja-jp,https://manage.auth0.com/#/tenant,rewritten,https://manage.auth0.com/dashboard/#/tenant/general,path changed,
main/docs/ja-jp/deploy-monitor/pre-deployment-checks/predeployment-tests.mdx,16,ja-jp,https://manage.auth0.com/#/logs,rewritten,https://manage.auth0.com/dashboard/#/logging/logs,path changed,
main/docs/ja-jp/deploy-monitor/pre-deployment-checks/production-check-recommended-fixes.mdx,13,ja-jp,https://manage.auth0.com/#/tenant/custom_domains,rewritten,https://manage.auth0.com/dashboard/#/tenant/custom_domains,add /dashboard/ prefix,
main/docs/ja-jp/deploy-monitor/pre-deployment-checks/production-check-recommended-fixes.mdx,14,ja-jp,https://manage.auth0.com/#/account,rewritten,https://manage.auth0.com/dashboard/#/tenant/general,path changed,
main/docs/ja-jp/deploy-monitor/pre-deployment-checks/production-check-recommended-fixes.mdx,16,ja-jp,https://manage.auth0.com/#/emails,rewritten,https://manage.auth0.com/dashboard/#/emails/templates,path changed,
main/docs/ja-jp/deploy-monitor/pre-deployment-checks/production-check-recommended-fixes.mdx,18,ja-jp,https://manage.auth0.com/#/account/admins,rewritten,https://manage.auth0.com/dashboard/#/tenant/admins,path changed,
main/docs/ja-jp/deploy-monitor/pre-deployment-checks/production-check-recommended-fixes.mdx,19,ja-jp,https://manage.auth0.com/#/account/advanced,rewritten,https://manage.auth0.com/dashboard/#/tenant/advanced,path changed,
main/docs/ja-jp/deploy-monitor/pre-deployment-checks/production-check-required-fixes.mdx,13,ja-jp,https://manage.auth0.com/#/tenant/advanced,rewritten,https://manage.auth0.com/dashboard/#/tenant/advanced,add /dashboard/ prefix,
main/docs/ja-jp/deploy-monitor/pre-deployment-checks/production-check-required-fixes.mdx,18,ja-jp,https://manage.auth0.com/#/applications,rewritten,https://manage.auth0.com/dashboard/#/applications,http → https + new path,
main/docs/ja-jp/deploy-monitor/pre-deployment-checks/production-check-required-fixes.mdx,19,ja-jp,https://manage.auth0.com/#/applications,rewritten,https://manage.auth0.com/dashboard/#/applications,http → https + new path,
main/docs/ja-jp/deploy-monitor/pre-deployment-checks/production-check-required-fixes.mdx,20,ja-jp,https://manage.auth0.com/#/applications,rewritten,https://manage.auth0.com/dashboard/#/applications,http → https + new path,
main/docs/ja-jp/deploy-monitor/pre-deployment-checks/production-check-required-fixes.mdx,21,ja-jp,https://manage.auth0.com/#/emails/provider,rewritten,https://manage.auth0.com/dashboard/#/emails/provider,add /dashboard/ prefix,
main/docs/ja-jp/deploy-monitor/pre-deployment-checks/production-check-required-fixes.mdx,23,ja-jp,https://manage.auth0.com/#/mfa,rewritten,https://manage.auth0.com/dashboard/#/authentication/mfa,path changed,
main/docs/ja-jp/deploy-monitor/pre-deployment-checks/production-check-required-fixes.mdx,24,ja-jp,https://manage.auth0.com/#/account/advanced,rewritten,https://manage.auth0.com/dashboard/#/tenant/advanced,path changed,
main/docs/ja-jp/deploy-monitor/pre-deployment-checks/production-check-required-fixes.mdx,26,ja-jp,https://manage.auth0.com/#/connections/social,rewritten,https://manage.auth0.com/dashboard/#/connections,path changed,
main/docs/ja-jp/deploy-monitor/pre-deployment-checks/production-check-required-fixes.mdx,27,ja-jp,https://manage.auth0.com/#/account,rewritten,https://manage.auth0.com/dashboard/#/tenant/general,path changed,
main/docs/ja-jp/deploy-monitor/pre-deployment-checks/production-check-required-fixes.mdx,28,ja-jp,https://manage.auth0.com/#/account,rewritten,https://manage.auth0.com/dashboard/#/tenant/general,path changed,
main/docs/ja-jp/deploy-monitor/pre-deployment-checks/production-check-required-fixes.mdx,31,ja-jp,https://manage.auth0.com/#/tenant/advanced,rewritten,https://manage.auth0.com/dashboard/#/tenant/advanced,add /dashboard/ prefix,
main/docs/ja-jp/deploy-monitor/pre-deployment-checks/production-checks-best-practices.mdx,10,ja-jp,https://manage.auth0.com/#/connections/database,rewritten,https://manage.auth0.com/dashboard/#/authentication/database,http → https + new path,
main/docs/ja-jp/deploy-monitor/pre-deployment-checks/production-checks-best-practices.mdx,11,ja-jp,https://manage.auth0.com/#/account/advanced,rewritten,https://manage.auth0.com/dashboard/#/tenant/advanced,path changed,
main/docs/ja-jp/get-started/apis/add-api-permissions.mdx,18,ja-jp,https://manage.auth0.com/#/apis,rewritten,https://manage.auth0.com/dashboard/#/apis,http → https + new path,
main/docs/ja-jp/get-started/apis/api-access-policies-for-applications.mdx,40,ja-jp,https://manage.auth0.com/#/apis,rewritten,https://manage.auth0.com/dashboard/#/apis,http → https + new path,
main/docs/ja-jp/get-started/apis/api-settings.mdx,6,ja-jp,https://manage.auth0.com/#/apis,rewritten,https://manage.auth0.com/dashboard/#/apis,http → https + new path,
main/docs/ja-jp/get-started/apis/configure-access-token-profile.mdx,21,ja-jp,https://manage.auth0.com/,unchanged-root,,,
main/docs/ja-jp/get-started/apis/configure-access-token-profile.mdx,27,ja-jp,https://manage.auth0.com/#/apis,rewritten,https://manage.auth0.com/dashboard/#/apis,http → https + new path,
main/docs/ja-jp/get-started/apis/configure-json-web-encryption.mdx,24,ja-jp,https://manage.auth0.com/,unchanged-root,,,
main/docs/ja-jp/get-started/apis/configure-rich-authorization-requests.mdx,104,ja-jp,https://manage.auth0.com/,unchanged-root,,,
main/docs/ja-jp/get-started/apis/configure-rich-authorization-requests.mdx,110,ja-jp,https://manage.auth0.com/#/apis,rewritten,https://manage.auth0.com/dashboard/#/apis,http → https + new path,
main/docs/ja-jp/get-started/apis/configure-rich-authorization-requests.mdx,297,ja-jp,https://manage.auth0.com/,unchanged-root,,,
main/docs/ja-jp/get-started/apis/configure-rich-authorization-requests.mdx,303,ja-jp,https://manage.auth0.com/#/apis,rewritten,https://manage.auth0.com/dashboard/#/apis,http → https + new path,
main/docs/ja-jp/get-started/apis/create-m2m-app-test.mdx,10,ja-jp,https://manage.auth0.com/#/apis,rewritten,https://manage.auth0.com/dashboard/#/apis,http → https + new path,
main/docs/ja-jp/get-started/apis/delete-api-permissions.mdx,14,ja-jp,https://manage.auth0.com/#/apis,rewritten,https://manage.auth0.com/dashboard/#/apis,http → https + new path,
main/docs/ja-jp/get-started/apis/enable-role-based-access-control-for-apis.mdx,20,ja-jp,https://manage.auth0.com/#/apis,rewritten,https://manage.auth0.com/dashboard/#/apis,http → https + new path,
main/docs/ja-jp/get-started/apis/scopes/sample-use-cases-scopes-and-claims.mdx,185,ja-jp,https://manage.auth0.com/#/actions/library,rewritten,https://manage.auth0.com/dashboard/#/actions/custom,path changed,
main/docs/ja-jp/get-started/apis/scopes/sample-use-cases-scopes-and-claims.mdx,208,ja-jp,https://manage.auth0.com/#/actions/flows/login/,rewritten,https://manage.auth0.com/dashboard/#/actions/triggers/post-login,path changed,
main/docs/ja-jp/get-started/applications.mdx,32,ja-jp,https://manage.auth0.com/#/applications/\{yourClientId}/settings,rewritten,https://manage.auth0.com/dashboard/#/applications/{yourClientId}/settings,path changed,
main/docs/ja-jp/get-started/applications/application-access-to-apis-client-grants.mdx,78,ja-jp,https://manage.auth0.com/#/apis,rewritten,https://manage.auth0.com/dashboard/#/apis,http → https + new path,
main/docs/ja-jp/get-started/applications/application-access-to-apis-client-grants.mdx,160,ja-jp,https://manage.auth0.com/#/apis,rewritten,https://manage.auth0.com/dashboard/#/apis,http → https + new path,
main/docs/ja-jp/get-started/applications/application-settings.mdx,6,ja-jp,https://manage.auth0.com/#/applications,rewritten,https://manage.auth0.com/dashboard/#/applications,http → https + new path,
main/docs/ja-jp/get-started/applications/change-application-signing-algorithms.mdx,8,ja-jp,https://manage.auth0.com/#/applications,rewritten,https://manage.auth0.com/dashboard/#/applications,http → https + new path,
main/docs/ja-jp/get-started/applications/confidential-and-public-applications.mdx,71,ja-jp,https://manage.auth0.com/#/applications,rewritten,https://manage.auth0.com/dashboard/#/applications,http → https + new path,
main/docs/ja-jp/get-started/applications/configure-application-metadata.mdx,51,ja-jp,https://manage.auth0.com/#/applications,rewritten,https://manage.auth0.com/dashboard/#/applications,http → https + new path,
main/docs/ja-jp/get-started/applications/configure-application-metadata.mdx,60,ja-jp,https://manage.auth0.com/#/applications,rewritten,https://manage.auth0.com/dashboard/#/applications,http → https + new path,
main/docs/ja-jp/get-started/applications/configure-application-metadata.mdx,67,ja-jp,https://manage.auth0.com/#/applications,rewritten,https://manage.auth0.com/dashboard/#/applications,http → https + new path,
main/docs/ja-jp/get-started/applications/configure-applications-with-oidc-discovery.mdx,168,ja-jp,https://manage.auth0.com/#/applications/\{YOUR_AUTH0_CLIENT_ID}/settings,rewritten,https://manage.auth0.com/dashboard/#/applications/{yourClientId}/settings,path changed,
main/docs/ja-jp/get-started/applications/configure-client-initiated-backchannel-authentication.mdx,27,ja-jp,https://manage.auth0.com/,unchanged-root,,,
main/docs/ja-jp/get-started/applications/configure-jar.mdx,49,ja-jp,https://manage.auth0.com/#/applications,rewritten,https://manage.auth0.com/dashboard/#/applications,http → https + new path,
main/docs/ja-jp/get-started/applications/configure-mtls.mdx,10,ja-jp,https://manage.auth0.com/,unchanged-root,,,
main/docs/ja-jp/get-started/applications/configure-mtls/configure-mtls-for-a-client.mdx,13,ja-jp,https://manage.auth0.com/#/applications,rewritten,https://manage.auth0.com/dashboard/#/applications,http → https + new path,
main/docs/ja-jp/get-started/applications/configure-mtls/configure-mtls-for-a-tenant.mdx,134,ja-jp,https://manage.auth0.com/#/tenant/general,rewritten,https://manage.auth0.com/dashboard/#/tenant/general,add /dashboard/ prefix,
main/docs/ja-jp/get-started/applications/configure-par.mdx,18,ja-jp,https://manage.auth0.com/,unchanged-root,,,
main/docs/ja-jp/get-started/applications/configure-private-key-jwt.mdx,26,ja-jp,https://manage.auth0.com/#/applications,rewritten,https://manage.auth0.com/dashboard/#/applications,http → https + new path,
main/docs/ja-jp/get-started/applications/configure-private-key-jwt.mdx,47,ja-jp,http://manage.auth0.com/#/applications,rewritten,https://manage.auth0.com/dashboard/#/applications,http → https + new path,
main/docs/ja-jp/get-started/applications/configure-private-key-jwt.mdx,61,ja-jp,https://manage.auth0.com/dashboard/#/applications/,unchanged-new,,already in new form,
main/docs/ja-jp/get-started/applications/configure-private-key-jwt.mdx,70,ja-jp,https://manage.auth0.com/dashboard/#/applications/,unchanged-new,,already in new form,
main/docs/ja-jp/get-started/applications/configure-sender-constraining/configure-client-for-sender-constraining.mdx,59,ja-jp,https://manage.auth0.com/#/applications,rewritten,https://manage.auth0.com/dashboard/#/applications,http → https + new path,
main/docs/ja-jp/get-started/applications/configure-sender-constraining/configure-client-for-sender-constraining.mdx,93,ja-jp,https://manage.auth0.com/#/apis,rewritten,https://manage.auth0.com/dashboard/#/apis,http → https + new path,
main/docs/ja-jp/get-started/applications/configure-sender-constraining/configure-resource-server-for-sender-constraining.mdx,59,ja-jp,https://manage.auth0.com/#/applications,rewritten,https://manage.auth0.com/dashboard/#/applications,http → https + new path,
main/docs/ja-jp/get-started/applications/configure-sender-constraining/configure-resource-server-for-sender-constraining.mdx,93,ja-jp,https://manage.auth0.com/#/apis,rewritten,https://manage.auth0.com/dashboard/#/apis,http → https + new path,
main/docs/ja-jp/get-started/applications/credentials.mdx,6,ja-jp,http://manage.auth0.com/#/applications,rewritten,https://manage.auth0.com/dashboard/#/applications,http → https + new path,
main/docs/ja-jp/get-started/applications/dynamic-client-registration.mdx,30,ja-jp,https://manage.auth0.com/#/tenant/advanced,rewritten,https://manage.auth0.com/dashboard/#/tenant/advanced,add /dashboard/ prefix,
main/docs/ja-jp/get-started/applications/enable-android-app-links-support.mdx,8,ja-jp,https://manage.auth0.com/#/applications,rewritten,https://manage.auth0.com/dashboard/#/applications,http → https + new path,
main/docs/ja-jp/get-started/applications/enable-sso-for-applications.mdx,16,ja-jp,https://manage.auth0.com/#/externalapps,rewritten,https://manage.auth0.com/dashboard/#/applications/sso,path changed,
main/docs/ja-jp/get-started/applications/enable-universal-links-support-in-apple-xcode.mdx,15,ja-jp,https://manage.auth0.com/#/clients,rewritten,https://manage.auth0.com/dashboard/#/applications,path changed,
main/docs/ja-jp/get-started/applications/first-party-and-third-party-applications.mdx,21,ja-jp,https://manage.auth0.com/#/applications,rewritten,https://manage.auth0.com/dashboard/#/applications,http → https + new path,
main/docs/ja-jp/get-started/applications/remove-applications.mdx,14,ja-jp,https://manage.auth0.com/#/applications,rewritten,https://manage.auth0.com/dashboard/#/applications,http → https + new path,
main/docs/ja-jp/get-started/applications/rotate-client-secret.mdx,25,ja-jp,https://manage.auth0.com/#/applications,rewritten,https://manage.auth0.com/dashboard/#/applications,http → https + new path,
main/docs/ja-jp/get-started/applications/rotate-credentials.mdx,16,ja-jp,https://manage.auth0.com/#/applications,rewritten,https://manage.auth0.com/dashboard/#/applications,http → https + new path,
main/docs/ja-jp/get-started/applications/set-up-cors.mdx,20,ja-jp,https://manage.auth0.com/#/applications,rewritten,https://manage.auth0.com/dashboard/#/applications,http → https + new path,
main/docs/ja-jp/get-started/applications/set-up-cors.mdx,60,ja-jp,https://manage.auth0.com/#/applications,rewritten,https://manage.auth0.com/dashboard/#/applications,http → https + new path,
main/docs/ja-jp/get-started/applications/set-up-database-connections.mdx,10,ja-jp,http://manage.auth0.com/#/connections/database,rewritten,https://manage.auth0.com/dashboard/#/authentication/database,http → https + new path,
main/docs/ja-jp/get-started/applications/test-database-connections.mdx,10,ja-jp,https://manage.auth0.com/#/connections/database,rewritten,https://manage.auth0.com/dashboard/#/authentication/database,http → https + new path,
main/docs/ja-jp/get-started/applications/third-party-applications/troubleshooting.mdx,13,ja-jp,https://manage.auth0.com/#/logs,rewritten,https://manage.auth0.com/dashboard/#/logging/logs,path changed,
main/docs/ja-jp/get-started/applications/update-application-connections.mdx,8,ja-jp,https://manage.auth0.com/#/applications,rewritten,https://manage.auth0.com/dashboard/#/applications,http → https + new path,
main/docs/ja-jp/get-started/applications/update-grant-types.mdx,14,ja-jp,https://manage.auth0.com/#/applications,rewritten,https://manage.auth0.com/dashboard/#/applications,http → https + new path,
main/docs/ja-jp/get-started/applications/wildcards-for-subdomains.mdx,27,ja-jp,https://manage.auth0.com/#/applications,rewritten,https://manage.auth0.com/dashboard/#/applications,http → https + new path,
main/docs/ja-jp/get-started/applications/wildcards-for-subdomains.mdx,51,ja-jp,https://manage.auth0.com/#/applications,rewritten,https://manage.auth0.com/dashboard/#/applications,http → https + new path,
main/docs/ja-jp/get-started/applications/work-with-auth0-locally.mdx,29,ja-jp,https://manage.auth0.com/#/applications/\{yourClientId}/settings,rewritten,https://manage.auth0.com/dashboard/#/applications/{yourClientId}/settings,path changed,
main/docs/ja-jp/get-started/architecture-scenarios/b2e.mdx,32,ja-jp,https://manage.auth0.com/#/connections/enterprise,rewritten,https://manage.auth0.com/dashboard/#/connections/enterprise,add /dashboard/ prefix,
main/docs/ja-jp/get-started/architecture-scenarios/business-to-business/authorization.mdx,80,ja-jp,https://manage.auth0.com/,unchanged-root,,,
main/docs/ja-jp/get-started/architecture-scenarios/business-to-business/branding.mdx,99,ja-jp,https://manage.auth0.com/#/login_settings,rewritten,https://manage.auth0.com/dashboard/#/login_settings,add /dashboard/ prefix,
main/docs/ja-jp/get-started/architecture-scenarios/business-to-business/launch/tenant-check.mdx,110,ja-jp,https://manage.auth0.com/#/login_settings,rewritten,https://manage.auth0.com/dashboard/#/login_settings,add /dashboard/ prefix,
main/docs/ja-jp/get-started/architecture-scenarios/business-to-consumer/authorization.mdx,69,ja-jp,https://manage.auth0.com/,unchanged-root,,,
main/docs/ja-jp/get-started/architecture-scenarios/business-to-consumer/branding.mdx,79,ja-jp,https://manage.auth0.com/#/login_settings,rewritten,https://manage.auth0.com/dashboard/#/login_settings,add /dashboard/ prefix,
main/docs/ja-jp/get-started/architecture-scenarios/business-to-consumer/launch/tenant-check.mdx,103,ja-jp,https://manage.auth0.com/#/login_settings,rewritten,https://manage.auth0.com/dashboard/#/login_settings,add /dashboard/ prefix,
main/docs/ja-jp/get-started/architecture-scenarios/mobile-api/api-implementation-nodejs.mdx,208,ja-jp,https://manage.auth0.com/#/actions/library,rewritten,https://manage.auth0.com/dashboard/#/actions/custom,path changed,
main/docs/ja-jp/get-started/architecture-scenarios/mobile-api/api-implementation-nodejs.mdx,227,ja-jp,https://manage.auth0.com/#/actions/triggers/post-login/,rewritten,https://manage.auth0.com/dashboard/#/actions/triggers/post-login,path changed,
main/docs/ja-jp/get-started/architecture-scenarios/mobile-api/part-2.mdx,6,ja-jp,https://manage.auth0.com/#,unchanged-root,,,
main/docs/ja-jp/get-started/architecture-scenarios/mobile-api/part-2.mdx,10,ja-jp,https://manage.auth0.com/#/apis,rewritten,https://manage.auth0.com/dashboard/#/apis,http → https + new path,
main/docs/ja-jp/get-started/architecture-scenarios/mobile-api/part-2.mdx,57,ja-jp,https://manage.auth0.com/#,unchanged-root,,,
main/docs/ja-jp/get-started/architecture-scenarios/mobile-api/part-2.mdx,57,ja-jp,https://manage.auth0.com/#/applications,rewritten,https://manage.auth0.com/dashboard/#/applications,http → https + new path,
main/docs/ja-jp/get-started/architecture-scenarios/mobile-api/part-3.mdx,95,ja-jp,https://manage.auth0.com/#/applications,rewritten,https://manage.auth0.com/dashboard/#/applications,http → https + new path,
main/docs/ja-jp/get-started/architecture-scenarios/mobile-api/part-3.mdx,96,ja-jp,https://manage.auth0.com/#/apis,rewritten,https://manage.auth0.com/dashboard/#/apis,http → https + new path,
main/docs/ja-jp/get-started/architecture-scenarios/mobile-api/part-3.mdx,101,ja-jp,https://manage.auth0.com/#/applications,rewritten,https://manage.auth0.com/dashboard/#/applications,http → https + new path,
main/docs/ja-jp/get-started/architecture-scenarios/mobile-api/part-3.mdx,266,ja-jp,https://manage.auth0.com/#/applications,rewritten,https://manage.auth0.com/dashboard/#/applications,http → https + new path,
main/docs/ja-jp/get-started/architecture-scenarios/mobile-api/part-3.mdx,467,ja-jp,https://manage.auth0.com/#/applications,rewritten,https://manage.auth0.com/dashboard/#/applications,http → https + new path,
main/docs/ja-jp/get-started/architecture-scenarios/server-application-api/part-2.mdx,6,ja-jp,https://manage.auth0.com/#,unchanged-root,,,
main/docs/ja-jp/get-started/architecture-scenarios/server-application-api/part-2.mdx,51,ja-jp,https://manage.auth0.com/#/applications,rewritten,https://manage.auth0.com/dashboard/#/applications,http → https + new path,
main/docs/ja-jp/get-started/architecture-scenarios/server-application-api/part-3.mdx,86,ja-jp,https://manage.auth0.com/#/applications,rewritten,https://manage.auth0.com/dashboard/#/applications,http → https + new path,
main/docs/ja-jp/get-started/architecture-scenarios/spa-api/api-implementation-nodejs.mdx,208,ja-jp,https://manage.auth0.com/#/rules%7D,needs-human,,map: malformed,
main/docs/ja-jp/get-started/architecture-scenarios/spa-api/part-2.mdx,6,ja-jp,https://manage.auth0.com/#,unchanged-root,,,
main/docs/ja-jp/get-started/architecture-scenarios/spa-api/part-2.mdx,10,ja-jp,https://manage.auth0.com/#/apis,rewritten,https://manage.auth0.com/dashboard/#/apis,http → https + new path,
main/docs/ja-jp/get-started/architecture-scenarios/spa-api/part-2.mdx,41,ja-jp,https://manage.auth0.com/#,unchanged-root,,,
main/docs/ja-jp/get-started/architecture-scenarios/spa-api/part-2.mdx,41,ja-jp,https://manage.auth0.com/#/applications,rewritten,https://manage.auth0.com/dashboard/#/applications,http → https + new path,
main/docs/ja-jp/get-started/architecture-scenarios/spa-api/part-3.mdx,89,ja-jp,https://manage.auth0.com/#/applications%7D,needs-human,,map: malformed,
main/docs/ja-jp/get-started/architecture-scenarios/spa-api/part-3.mdx,90,ja-jp,https://manage.auth0.com/#/applications%7D,needs-human,,map: malformed,
main/docs/ja-jp/get-started/architecture-scenarios/spa-api/part-3.mdx,92,ja-jp,https://manage.auth0.com/#/apis%7D,needs-human,,map: malformed,
main/docs/ja-jp/get-started/architecture-scenarios/sso-for-regular-web-apps/part-2.mdx,6,ja-jp,https://manage.auth0.com/#,unchanged-root,,,
main/docs/ja-jp/get-started/architecture-scenarios/sso-for-regular-web-apps/part-2.mdx,28,ja-jp,https://manage.auth0.com/#,unchanged-root,,,
main/docs/ja-jp/get-started/architecture-scenarios/sso-for-regular-web-apps/part-2.mdx,28,ja-jp,https://manage.auth0.com/#/applications,rewritten,https://manage.auth0.com/dashboard/#/applications,http → https + new path,
main/docs/ja-jp/get-started/architecture-scenarios/sso-for-regular-web-apps/part-2.mdx,32,ja-jp,https://manage.auth0.com/#/applications/\{yourClientId}/quickstart,rewritten,https://manage.auth0.com/dashboard/#/applications/{yourClientId}/quickstart,path changed,
main/docs/ja-jp/get-started/architecture-scenarios/sso-for-regular-web-apps/part-2.mdx,36,ja-jp,https://manage.auth0.com/#/applications/\{yourClientId}/settings,rewritten,https://manage.auth0.com/dashboard/#/applications/{yourClientId}/settings,path changed,
main/docs/ja-jp/get-started/architecture-scenarios/sso-for-regular-web-apps/part-2.mdx,37,ja-jp,https://manage.auth0.com/#/applications/\{yourClientId}/addons,rewritten,https://manage.auth0.com/dashboard/#/applications/{yourClientId}/addons,path changed,
main/docs/ja-jp/get-started/architecture-scenarios/sso-for-regular-web-apps/part-2.mdx,38,ja-jp,https://manage.auth0.com/#/applications/\{yourClientId}/connections,rewritten,https://manage.auth0.com/dashboard/#/applications/{yourClientId}/connections,path changed,
main/docs/ja-jp/get-started/architecture-scenarios/sso-for-regular-web-apps/part-2.mdx,67,ja-jp,https://manage.auth0.com/#,unchanged-root,,,
main/docs/ja-jp/get-started/architecture-scenarios/sso-for-regular-web-apps/part-2.mdx,77,ja-jp,https://manage.auth0.com/#,unchanged-root,,,
main/docs/ja-jp/get-started/architecture-scenarios/sso-for-regular-web-apps/part-3.mdx,127,ja-jp,https://manage.auth0.com/#/extensions,rewritten,https://manage.auth0.com/dashboard/#/extensions/list,path changed,
main/docs/ja-jp/get-started/auth0-overview/create-applications.mdx,36,ja-jp,https://manage.auth0.com/#/applications,rewritten,https://manage.auth0.com/dashboard/#/applications,http → https + new path,
main/docs/ja-jp/get-started/auth0-overview/create-applications/configure-an-identity-provider-in-access-gateway.mdx,8,ja-jp,https://manage.auth0.com/#/applications,rewritten,https://manage.auth0.com/dashboard/#/applications,http → https + new path,
main/docs/ja-jp/get-started/auth0-overview/create-applications/machine-to-machine-apps.mdx,15,ja-jp,https://manage.auth0.com/#/applications,rewritten,https://manage.auth0.com/dashboard/#/applications,http → https + new path,
main/docs/ja-jp/get-started/auth0-overview/create-applications/native-apps.mdx,9,ja-jp,https://manage.auth0.com/#/applications,rewritten,https://manage.auth0.com/dashboard/#/applications,http → https + new path,
main/docs/ja-jp/get-started/auth0-overview/create-applications/regular-web-apps.mdx,9,ja-jp,https://manage.auth0.com/#/applications,rewritten,https://manage.auth0.com/dashboard/#/applications,http → https + new path,
main/docs/ja-jp/get-started/auth0-overview/create-applications/single-page-web-apps.mdx,9,ja-jp,https://manage.auth0.com/#/applications,rewritten,https://manage.auth0.com/dashboard/#/applications,http → https + new path,
main/docs/ja-jp/get-started/auth0-overview/create-tenants.mdx,58,ja-jp,https://manage.auth0.com/#/applications,rewritten,https://manage.auth0.com/dashboard/#/applications,http → https + new path,
main/docs/ja-jp/get-started/auth0-overview/create-tenants/create-multiple-tenants.mdx,8,ja-jp,https://manage.auth0.com/#/,unchanged-root,,,
main/docs/ja-jp/get-started/auth0-overview/create-tenants/set-up-multiple-environments.mdx,20,ja-jp,https://manage.auth0.com/#/tenant/general,rewritten,https://manage.auth0.com/dashboard/#/tenant/general,add /dashboard/ prefix,
main/docs/ja-jp/get-started/auth0-overview/create-tenants/set-up-multiple-environments.mdx,32,ja-jp,https://manage.auth0.com/#/rules,rewritten,https://manage.auth0.com/dashboard/#/rules,add /dashboard/ prefix,
main/docs/ja-jp/get-started/auth0-overview/create-tenants/set-up-multiple-environments.mdx,45,ja-jp,https://manage.auth0.com/#/rules,rewritten,https://manage.auth0.com/dashboard/#/rules,add /dashboard/ prefix,
main/docs/ja-jp/get-started/auth0-overview/create-tenants/set-up-multiple-environments.mdx,50,ja-jp,https://manage.auth0.com/#/rules,rewritten,https://manage.auth0.com/dashboard/#/rules,add /dashboard/ prefix,
main/docs/ja-jp/get-started/auth0-overview/dashboard.mdx,7,ja-jp,https://manage.auth0.com/#,unchanged-root,,,
main/docs/ja-jp/get-started/auth0-overview/dashboard/search-and-filter-auth0-dashboard.mdx,37,ja-jp,https://manage.auth0.com/#/applications,rewritten,https://manage.auth0.com/dashboard/#/applications,http → https + new path,
main/docs/ja-jp/get-started/auth0-overview/dashboard/search-and-filter-auth0-dashboard.mdx,38,ja-jp,https://manage.auth0.com/#/apis,rewritten,https://manage.auth0.com/dashboard/#/apis,http → https + new path,
main/docs/ja-jp/get-started/auth0-overview/dashboard/search-and-filter-auth0-dashboard.mdx,39,ja-jp,https://manage.auth0.com/#/roles,rewritten,https://manage.auth0.com/dashboard/#/applications/{yourClientId}/settings,path changed,
main/docs/ja-jp/get-started/auth0-overview/dashboard/search-and-filter-auth0-dashboard.mdx,40,ja-jp,https://manage.auth0.com/#/custom-domains-v2,rewritten,https://manage.auth0.com/dashboard/#/custom-domains-v2,add /dashboard/ prefix,
main/docs/ja-jp/get-started/auth0-overview/dashboard/search-and-filter-auth0-dashboard.mdx,41,ja-jp,https://manage.auth0.com/#/organizations,rewritten,https://manage.auth0.com/dashboard/#/organizations/list,path changed,
main/docs/ja-jp/get-started/auth0-overview/dashboard/search-and-filter-auth0-dashboard.mdx,42,ja-jp,https://manage.auth0.com/#/organizations,rewritten,https://manage.auth0.com/dashboard/#/organizations/list,path changed,
main/docs/ja-jp/get-started/auth0-overview/dashboard/search-and-filter-auth0-dashboard.mdx,143,ja-jp,https://manage.auth0.com/#/tenant/general,rewritten,https://manage.auth0.com/dashboard/#/tenant/general,add /dashboard/ prefix,
main/docs/ja-jp/get-started/auth0-overview/dashboard/search-and-filter-auth0-dashboard.mdx,158,ja-jp,https://manage.auth0.com/#/applications,rewritten,https://manage.auth0.com/dashboard/#/applications,http → https + new path,
main/docs/ja-jp/get-started/auth0-overview/dashboard/search-and-filter-auth0-dashboard.mdx,166,ja-jp,https://manage.auth0.com/#/applications,rewritten,https://manage.auth0.com/dashboard/#/applications,http → https + new path,
main/docs/ja-jp/get-started/auth0-overview/set-up-apis.mdx,10,ja-jp,https://manage.auth0.com/#/apis,rewritten,https://manage.auth0.com/dashboard/#/apis,http → https + new path,
main/docs/ja-jp/get-started/auth0-teams.mdx,32,ja-jp,https://manage.auth0.com/#/tenant/billing/subscription,rewritten,https://manage.auth0.com/dashboard/#/tenant/billing/subscription,add /dashboard/ prefix,
main/docs/ja-jp/get-started/auth0-teams/tenant-management.mdx,18,ja-jp,https://manage.auth0.com/dashboard,rewritten,https://manage.auth0.com/dashboard/#/,path changed,
main/docs/ja-jp/get-started/authentication-and-authorization-flow/authenticate-with-private-key-jwt.mdx,31,ja-jp,https://manage.auth0.com/dashboard/#/applications/,unchanged-new,,already in new form,
main/docs/ja-jp/get-started/authentication-and-authorization-flow/authenticate-with-private-key-jwt.mdx,32,ja-jp,https://manage.auth0.com/dashboard/#/applications/,unchanged-new,,already in new form,
main/docs/ja-jp/get-started/authentication-and-authorization-flow/authorization-code-flow-with-pkce/add-login-using-the-authorization-code-flow-with-pkce.mdx,194,ja-jp,https://manage.auth0.com/#/Applications/\{yourClientId}/settings,rewritten,https://manage.auth0.com/dashboard/#/applications/{yourClientId}/settings,path changed,
main/docs/ja-jp/get-started/authentication-and-authorization-flow/authorization-code-flow-with-pkce/add-login-using-the-authorization-code-flow-with-pkce.mdx,195,ja-jp,https://manage.auth0.com/#/Applications/\{yourClientId}/settings,rewritten,https://manage.auth0.com/dashboard/#/applications/{yourClientId}/settings,path changed,
main/docs/ja-jp/get-started/authentication-and-authorization-flow/authorization-code-flow-with-pkce/add-login-using-the-authorization-code-flow-with-pkce.mdx,196,ja-jp,https://manage.auth0.com/#/applications,rewritten,https://manage.auth0.com/dashboard/#/applications,http → https + new path,
main/docs/ja-jp/get-started/authentication-and-authorization-flow/authorization-code-flow-with-pkce/add-login-using-the-authorization-code-flow-with-pkce.mdx,388,ja-jp,https://manage.auth0.com/#/Applications/\{yourClientId}/settings,rewritten,https://manage.auth0.com/dashboard/#/applications/{yourClientId}/settings,path changed,
main/docs/ja-jp/get-started/authentication-and-authorization-flow/authorization-code-flow-with-pkce/add-login-using-the-authorization-code-flow-with-pkce.mdx,480,ja-jp,https://manage.auth0.com/#/connections/social,rewritten,https://manage.auth0.com/dashboard/#/connections,path changed,
main/docs/ja-jp/get-started/authentication-and-authorization-flow/authorization-code-flow-with-pkce/call-your-api-using-the-authorization-code-flow-with-pkce.mdx,216,ja-jp,https://manage.auth0.com/#/Applications/\{yourClientId}/settings,rewritten,https://manage.auth0.com/dashboard/#/applications/{yourClientId}/settings,path changed,
main/docs/ja-jp/get-started/authentication-and-authorization-flow/authorization-code-flow-with-pkce/call-your-api-using-the-authorization-code-flow-with-pkce.mdx,217,ja-jp,https://manage.auth0.com/#/Applications/\{yourClientId}/settings,rewritten,https://manage.auth0.com/dashboard/#/applications/{yourClientId}/settings,path changed,
main/docs/ja-jp/get-started/authentication-and-authorization-flow/authorization-code-flow-with-pkce/call-your-api-using-the-authorization-code-flow-with-pkce.mdx,218,ja-jp,https://manage.auth0.com/#/apis,rewritten,https://manage.auth0.com/dashboard/#/apis,http → https + new path,
main/docs/ja-jp/get-started/authentication-and-authorization-flow/authorization-code-flow-with-pkce/call-your-api-using-the-authorization-code-flow-with-pkce.mdx,219,ja-jp,https://manage.auth0.com/#/apis,rewritten,https://manage.auth0.com/dashboard/#/apis,http → https + new path,
main/docs/ja-jp/get-started/authentication-and-authorization-flow/authorization-code-flow-with-pkce/call-your-api-using-the-authorization-code-flow-with-pkce.mdx,409,ja-jp,https://manage.auth0.com/#/Applications/\{yourClientId}/settings,rewritten,https://manage.auth0.com/dashboard/#/applications/{yourClientId}/settings,path changed,
main/docs/ja-jp/get-started/authentication-and-authorization-flow/authorization-code-flow-with-pkce/call-your-api-using-the-authorization-code-flow-with-pkce.mdx,740,ja-jp,https://manage.auth0.com/#/Applications/\{yourClientId}/settings,rewritten,https://manage.auth0.com/dashboard/#/applications/{yourClientId}/settings,path changed,
main/docs/ja-jp/get-started/authentication-and-authorization-flow/authorization-code-flow/add-login-auth-code-flow.mdx,55,ja-jp,https://manage.auth0.com/#/Applications/\{yourClientId}/settings,rewritten,https://manage.auth0.com/dashboard/#/applications/{yourClientId}/settings,path changed,
main/docs/ja-jp/get-started/authentication-and-authorization-flow/authorization-code-flow/add-login-auth-code-flow.mdx,56,ja-jp,https://manage.auth0.com/#/Applications/\{yourClientId}/settings,rewritten,https://manage.auth0.com/dashboard/#/applications/{yourClientId}/settings,path changed,
main/docs/ja-jp/get-started/authentication-and-authorization-flow/authorization-code-flow/add-login-auth-code-flow.mdx,57,ja-jp,https://manage.auth0.com/#/applications,rewritten,https://manage.auth0.com/dashboard/#/applications,http → https + new path,
main/docs/ja-jp/get-started/authentication-and-authorization-flow/authorization-code-flow/add-login-auth-code-flow.mdx,245,ja-jp,https://manage.auth0.com/#/Applications/\{yourClientId}/settings,rewritten,https://manage.auth0.com/dashboard/#/applications/{yourClientId}/settings,path changed,
main/docs/ja-jp/get-started/authentication-and-authorization-flow/authorization-code-flow/add-login-auth-code-flow.mdx,246,ja-jp,https://manage.auth0.com/#/Applications/\{yourClientId}/settings,rewritten,https://manage.auth0.com/dashboard/#/applications/{yourClientId}/settings,path changed,
main/docs/ja-jp/get-started/authentication-and-authorization-flow/authorization-code-flow/add-login-auth-code-flow.mdx,333,ja-jp,https://manage.auth0.com/#/connections/social,rewritten,https://manage.auth0.com/dashboard/#/connections,path changed,
main/docs/ja-jp/get-started/authentication-and-authorization-flow/authorization-code-flow/call-your-api-using-the-authorization-code-flow.mdx,78,ja-jp,https://manage.auth0.com/#/Applications/\{yourClientId}/settings,rewritten,https://manage.auth0.com/dashboard/#/applications/{yourClientId}/settings,path changed,
main/docs/ja-jp/get-started/authentication-and-authorization-flow/authorization-code-flow/call-your-api-using-the-authorization-code-flow.mdx,79,ja-jp,https://manage.auth0.com/#/Applications/\{yourClientId}/settings,rewritten,https://manage.auth0.com/dashboard/#/applications/{yourClientId}/settings,path changed,
main/docs/ja-jp/get-started/authentication-and-authorization-flow/authorization-code-flow/call-your-api-using-the-authorization-code-flow.mdx,80,ja-jp,https://manage.auth0.com/#/applications,rewritten,https://manage.auth0.com/dashboard/#/applications,http → https + new path,
main/docs/ja-jp/get-started/authentication-and-authorization-flow/authorization-code-flow/call-your-api-using-the-authorization-code-flow.mdx,81,ja-jp,https://manage.auth0.com/#/apis,rewritten,https://manage.auth0.com/dashboard/#/apis,http → https + new path,
main/docs/ja-jp/get-started/authentication-and-authorization-flow/authorization-code-flow/call-your-api-using-the-authorization-code-flow.mdx,252,ja-jp,https://manage.auth0.com/#/Applications/\{yourClientId}/settings,rewritten,https://manage.auth0.com/dashboard/#/applications/{yourClientId}/settings,path changed,
main/docs/ja-jp/get-started/authentication-and-authorization-flow/authorization-code-flow/call-your-api-using-the-authorization-code-flow.mdx,253,ja-jp,https://manage.auth0.com/#/Applications/\{yourClientId}/settings,rewritten,https://manage.auth0.com/dashboard/#/applications/{yourClientId}/settings,path changed,
main/docs/ja-jp/get-started/authentication-and-authorization-flow/authorization-code-flow/call-your-api-using-the-authorization-code-flow.mdx,571,ja-jp,https://manage.auth0.com/#/Applications/\{yourClientId}/settings,rewritten,https://manage.auth0.com/dashboard/#/applications/{yourClientId}/settings,path changed,
main/docs/ja-jp/get-started/authentication-and-authorization-flow/client-credentials-flow/call-your-api-using-the-client-credentials-flow.mdx,194,ja-jp,https://manage.auth0.com/#/applications,rewritten,https://manage.auth0.com/dashboard/#/applications,http → https + new path,
main/docs/ja-jp/get-started/authentication-and-authorization-flow/client-credentials-flow/call-your-api-using-the-client-credentials-flow.mdx,195,ja-jp,https://manage.auth0.com/#/applications,rewritten,https://manage.auth0.com/dashboard/#/applications,http → https + new path,
main/docs/ja-jp/get-started/authentication-and-authorization-flow/client-credentials-flow/call-your-api-using-the-client-credentials-flow.mdx,196,ja-jp,https://manage.auth0.com/#/apis,rewritten,https://manage.auth0.com/dashboard/#/apis,http → https + new path,
main/docs/ja-jp/get-started/authentication-and-authorization-flow/client-credentials-flow/customize-tokens-using-hooks-with-client-credentials-flow.mdx,83,ja-jp,https://manage.auth0.com/#/applications,rewritten,https://manage.auth0.com/dashboard/#/applications,http → https + new path,
main/docs/ja-jp/get-started/authentication-and-authorization-flow/client-credentials-flow/customize-tokens-using-hooks-with-client-credentials-flow.mdx,83,ja-jp,https://manage.auth0.com/#/apis,rewritten,https://manage.auth0.com/dashboard/#/apis,http → https + new path,
main/docs/ja-jp/get-started/authentication-and-authorization-flow/device-authorization-flow/call-your-api-using-the-device-authorization-flow.mdx,28,ja-jp,https://manage.auth0.com/#,unchanged-root,,,
main/docs/ja-jp/get-started/authentication-and-authorization-flow/device-authorization-flow/call-your-api-using-the-device-authorization-flow.mdx,211,ja-jp,https://manage.auth0.com/#/Applications/\{yourClientId}/settings,rewritten,https://manage.auth0.com/dashboard/#/applications/{yourClientId}/settings,path changed,
main/docs/ja-jp/get-started/authentication-and-authorization-flow/device-authorization-flow/call-your-api-using-the-device-authorization-flow.mdx,212,ja-jp,https://manage.auth0.com/#/apis,rewritten,https://manage.auth0.com/dashboard/#/apis,http → https + new path,
main/docs/ja-jp/get-started/authentication-and-authorization-flow/device-authorization-flow/call-your-api-using-the-device-authorization-flow.mdx,213,ja-jp,https://manage.auth0.com/#/apis,rewritten,https://manage.auth0.com/dashboard/#/apis,http → https + new path,
main/docs/ja-jp/get-started/authentication-and-authorization-flow/device-authorization-flow/call-your-api-using-the-device-authorization-flow.mdx,425,ja-jp,https://manage.auth0.com/#/Applications/\{yourClientId}/settings,rewritten,https://manage.auth0.com/dashboard/#/applications/{yourClientId}/settings,path changed,
main/docs/ja-jp/get-started/authentication-and-authorization-flow/device-authorization-flow/call-your-api-using-the-device-authorization-flow.mdx,846,ja-jp,https://manage.auth0.com/#/Applications/\{yourClientId}/settings,rewritten,https://manage.auth0.com/dashboard/#/applications/{yourClientId}/settings,path changed,
main/docs/ja-jp/get-started/authentication-and-authorization-flow/device-authorization-flow/call-your-api-using-the-device-authorization-flow.mdx,847,ja-jp,https://manage.auth0.com/#/Applications/\{yourClientSecret}/settings,rewritten,https://manage.auth0.com/dashboard/#/applications/{yourClientId}/settings,path changed,
main/docs/ja-jp/get-started/authentication-and-authorization-flow/hybrid-flow/call-api-hybrid-flow.mdx,82,ja-jp,https://manage.auth0.com/#/Applications/\{yourClientId}/settings,rewritten,https://manage.auth0.com/dashboard/#/applications/{yourClientId}/settings,path changed,
main/docs/ja-jp/get-started/authentication-and-authorization-flow/hybrid-flow/call-api-hybrid-flow.mdx,83,ja-jp,https://manage.auth0.com/#/Applications/\{yourClientId}/settings,rewritten,https://manage.auth0.com/dashboard/#/applications/{yourClientId}/settings,path changed,
main/docs/ja-jp/get-started/authentication-and-authorization-flow/hybrid-flow/call-api-hybrid-flow.mdx,84,ja-jp,https://manage.auth0.com/#/applications,rewritten,https://manage.auth0.com/dashboard/#/applications,http → https + new path,
main/docs/ja-jp/get-started/authentication-and-authorization-flow/hybrid-flow/call-api-hybrid-flow.mdx,85,ja-jp,https://manage.auth0.com/#/apis,rewritten,https://manage.auth0.com/dashboard/#/apis,http → https + new path,
main/docs/ja-jp/get-started/authentication-and-authorization-flow/hybrid-flow/call-api-hybrid-flow.mdx,307,ja-jp,https://manage.auth0.com/#/Applications/\{yourClientId}/settings,rewritten,https://manage.auth0.com/dashboard/#/applications/{yourClientId}/settings,path changed,
main/docs/ja-jp/get-started/authentication-and-authorization-flow/hybrid-flow/call-api-hybrid-flow.mdx,308,ja-jp,https://manage.auth0.com/#/Applications/\{yourClientId}/settings,rewritten,https://manage.auth0.com/dashboard/#/applications/{yourClientId}/settings,path changed,
main/docs/ja-jp/get-started/authentication-and-authorization-flow/hybrid-flow/call-api-hybrid-flow.mdx,638,ja-jp,https://manage.auth0.com/#/Applications/\{yourClientId}/settings,rewritten,https://manage.auth0.com/dashboard/#/applications/{yourClientId}/settings,path changed,
main/docs/ja-jp/get-started/authentication-and-authorization-flow/implicit-flow-with-form-post/add-login-using-the-implicit-flow-with-form-post.mdx,58,ja-jp,https://manage.auth0.com/#/applications/\{yourClientId}/settings,rewritten,https://manage.auth0.com/dashboard/#/applications/{yourClientId}/settings,path changed,
main/docs/ja-jp/get-started/authentication-and-authorization-flow/implicit-flow-with-form-post/add-login-using-the-implicit-flow-with-form-post.mdx,59,ja-jp,https://manage.auth0.com/#/Applications/\{yourClientId}/settings,rewritten,https://manage.auth0.com/dashboard/#/applications/{yourClientId}/settings,path changed,
main/docs/ja-jp/get-started/authentication-and-authorization-flow/implicit-flow-with-form-post/add-login-using-the-implicit-flow-with-form-post.mdx,159,ja-jp,https://manage.auth0.com/#/connections/social,rewritten,https://manage.auth0.com/dashboard/#/connections,path changed,
main/docs/ja-jp/get-started/authentication-and-authorization-flow/resource-owner-password-flow/call-your-api-using-resource-owner-password-flow.mdx,60,ja-jp,https://manage.auth0.com/#/tenant,rewritten,https://manage.auth0.com/dashboard/#/tenant/general,path changed,
main/docs/ja-jp/get-started/authentication-and-authorization-flow/resource-owner-password-flow/call-your-api-using-resource-owner-password-flow.mdx,227,ja-jp,https://manage.auth0.com/#/Applications/\{yourClientId}/settings,rewritten,https://manage.auth0.com/dashboard/#/applications/{yourClientId}/settings,path changed,
main/docs/ja-jp/get-started/authentication-and-authorization-flow/resource-owner-password-flow/call-your-api-using-resource-owner-password-flow.mdx,230,ja-jp,https://manage.auth0.com/#/applications/\{yourClientId}/settings,rewritten,https://manage.auth0.com/dashboard/#/applications/{yourClientId}/settings,path changed,
main/docs/ja-jp/get-started/authentication-and-authorization-flow/resource-owner-password-flow/call-your-api-using-resource-owner-password-flow.mdx,231,ja-jp,https://manage.auth0.com/#/apis,rewritten,https://manage.auth0.com/dashboard/#/apis,http → https + new path,
main/docs/ja-jp/get-started/authentication-and-authorization-flow/resource-owner-password-flow/call-your-api-using-resource-owner-password-flow.mdx,232,ja-jp,https://manage.auth0.com/#/applications,rewritten,https://manage.auth0.com/dashboard/#/applications,http → https + new path,
main/docs/ja-jp/get-started/authentication-and-authorization-flow/resource-owner-password-flow/call-your-api-using-resource-owner-password-flow.mdx,564,ja-jp,https://manage.auth0.com/#/Applications/\{yourClientId}/settings,rewritten,https://manage.auth0.com/dashboard/#/applications/{yourClientId}/settings,path changed,
main/docs/ja-jp/get-started/dashboard-profile/auth0-dashboard-login-session-management.mdx,8,ja-jp,https://manage.auth0.com/#/profile/sessions,rewritten,https://manage.auth0.com/dashboard/#/tenant/admins,path changed,
main/docs/ja-jp/get-started/manage-dashboard-access/add-change-remove-mfa.mdx,24,ja-jp,https://manage.auth0.com/#/profile,rewritten,https://manage.auth0.com/dashboard/#/tenant/admins,path changed,
main/docs/ja-jp/get-started/manage-dashboard-access/add-change-remove-mfa.mdx,24,ja-jp,https://manage.auth0.com/#/tenant/admins,rewritten,https://manage.auth0.com/dashboard/#/tenant/admins,add /dashboard/ prefix,
main/docs/ja-jp/get-started/manage-dashboard-access/add-change-remove-mfa/add-mfa.mdx,6,ja-jp,https://manage.auth0.com/#/profile,rewritten,https://manage.auth0.com/dashboard/#/tenant/admins,path changed,
main/docs/ja-jp/get-started/manage-dashboard-access/add-change-remove-mfa/add-mfa.mdx,28,ja-jp,https://manage.auth0.com/#/profile,rewritten,https://manage.auth0.com/dashboard/#/tenant/admins,path changed,
main/docs/ja-jp/get-started/manage-dashboard-access/add-change-remove-mfa/add-mfa.mdx,48,ja-jp,https://manage.auth0.com/#/profile,rewritten,https://manage.auth0.com/dashboard/#/tenant/admins,path changed,
main/docs/ja-jp/get-started/manage-dashboard-access/add-change-remove-mfa/remove-or-change-dashboard-multi-factor-authentication.mdx,32,ja-jp,https://manage.auth0.com/#/profile,rewritten,https://manage.auth0.com/dashboard/#/tenant/admins,path changed,
main/docs/ja-jp/get-started/manage-dashboard-access/add-change-remove-mfa/remove-or-change-dashboard-multi-factor-authentication.mdx,36,ja-jp,https://manage.auth0.com/#/profile,rewritten,https://manage.auth0.com/dashboard/#/tenant/admins,path changed,
main/docs/ja-jp/get-started/manage-dashboard-access/add-change-remove-mfa/remove-or-change-dashboard-multi-factor-authentication.mdx,48,ja-jp,https://manage.auth0.com/#/profile,rewritten,https://manage.auth0.com/dashboard/#/tenant/admins,path changed,
main/docs/ja-jp/get-started/manage-dashboard-access/add-dashboard-users.mdx,35,ja-jp,https://manage.auth0.com/#/tenant/admins,rewritten,https://manage.auth0.com/dashboard/#/tenant/admins,add /dashboard/ prefix,
main/docs/ja-jp/get-started/manage-dashboard-access/add-dashboard-users.mdx,42,ja-jp,https://manage.auth0.com/#/tenant/admins,rewritten,https://manage.auth0.com/dashboard/#/tenant/admins,add /dashboard/ prefix,
main/docs/ja-jp/get-started/manage-dashboard-access/configure-single-sign-on-for-auth0-dashboard.mdx,113,ja-jp,https://manage.auth0.com/login?connection={assignedConnectionName},unchanged-root,,,
main/docs/ja-jp/get-started/manage-dashboard-access/configure-single-sign-on-for-auth0-dashboard.mdx,155,ja-jp,https://manage.auth0.com/login?connection={assignedConnectionName},unchanged-root,,,
main/docs/ja-jp/get-started/manage-dashboard-access/configure-single-sign-on-for-auth0-dashboard.mdx,167,ja-jp,https://manage.auth0.com/login?connection={assignedConnectionName},unchanged-root,,,
main/docs/ja-jp/get-started/manage-dashboard-access/configure-single-sign-on-for-auth0-dashboard.mdx,222,ja-jp,https://manage.auth0.com/login?connection={assignedConnectionName},unchanged-root,,,
main/docs/ja-jp/get-started/manage-dashboard-access/configure-single-sign-on-for-auth0-dashboard.mdx,255,ja-jp,https://manage.auth0.com/login?connection=auth0,unchanged-root,,,
main/docs/ja-jp/get-started/manage-dashboard-access/configure-single-sign-on-for-auth0-dashboard.mdx,285,ja-jp,https://manage.auth0.com/login?connection={assignedConnectionName},unchanged-root,,,
main/docs/ja-jp/get-started/manage-dashboard-access/edit-dashboard-users.mdx,10,ja-jp,https://manage.auth0.com/#/tenant/admins,rewritten,https://manage.auth0.com/dashboard/#/tenant/admins,add /dashboard/ prefix,
main/docs/ja-jp/get-started/manage-dashboard-access/remove-dashboard-users.mdx,8,ja-jp,https://manage.auth0.com/#/tenant/admins,rewritten,https://manage.auth0.com/dashboard/#/tenant/admins,add /dashboard/ prefix,
main/docs/ja-jp/get-started/manage-dashboard-access/update-dashboard-user-email.mdx,8,ja-jp,https://manage.auth0.com/#/tenants/admins,rewritten,https://manage.auth0.com/dashboard/#/tenant/admins,path changed,
main/docs/ja-jp/get-started/tenant-settings.mdx,7,ja-jp,https://manage.auth0.com/#/tenant,rewritten,https://manage.auth0.com/dashboard/#/tenant/general,path changed,
main/docs/ja-jp/get-started/tenant-settings.mdx,149,ja-jp,https://manage.auth0.com/#/password_reset,rewritten,https://manage.auth0.com/dashboard/#/password_reset,add /dashboard/ prefix,
main/docs/ja-jp/get-started/tenant-settings/configure-device-user-code-settings.mdx,8,ja-jp,https://manage.auth0.com/#/tenant,rewritten,https://manage.auth0.com/dashboard/#/tenant/general,path changed,
main/docs/ja-jp/get-started/tenant-settings/enable-sso-for-legacy-tenants.mdx,12,ja-jp,https://manage.auth0.com/#/tenant,rewritten,https://manage.auth0.com/dashboard/#/tenant/general,path changed,
main/docs/ja-jp/get-started/tenant-settings/find-your-tenant-name-or-tenant-id.mdx,8,ja-jp,https://manage.auth0.com/#,unchanged-root,,,
main/docs/ja-jp/get-started/tenant-settings/signing-keys/revoke-signing-keys.mdx,25,ja-jp,https://manage.auth0.com/#/tenant/signing_keys,rewritten,https://manage.auth0.com/dashboard/#/tenant/signing_keys,add /dashboard/ prefix,
main/docs/ja-jp/get-started/tenant-settings/signing-keys/revoke-signing-keys.mdx,33,ja-jp,https://manage.auth0.com/#/tenant/signing_keys,rewritten,https://manage.auth0.com/dashboard/#/tenant/signing_keys,add /dashboard/ prefix,
main/docs/ja-jp/get-started/tenant-settings/signing-keys/rotate-signing-keys.mdx,28,ja-jp,https://manage.auth0.com/#/tenant/signing_keys,rewritten,https://manage.auth0.com/dashboard/#/tenant/signing_keys,add /dashboard/ prefix,
main/docs/ja-jp/get-started/tenant-settings/signing-keys/view-signing-certificates.mdx,16,ja-jp,https://manage.auth0.com/#/tenant/signing_keys,rewritten,https://manage.auth0.com/dashboard/#/tenant/signing_keys,add /dashboard/ prefix,
main/docs/ja-jp/get-started/tenant-settings/signing-keys/view-signing-certificates.mdx,30,ja-jp,https://manage.auth0.com/#/applications,rewritten,https://manage.auth0.com/dashboard/#/applications,http → https + new path,
main/docs/ja-jp/get-started/tenant-settings/signing-keys/view-signing-certificates.mdx,38,ja-jp,https://manage.auth0.com/#/applications,rewritten,https://manage.auth0.com/dashboard/#/applications,http → https + new path,
main/docs/ja-jp/get-started/universal-components/android/components/my-account-overview.mdx,37,ja-jp,https://manage.auth0.com/#/apis,rewritten,https://manage.auth0.com/dashboard/#/apis,http → https + new path,
main/docs/ja-jp/get-started/universal-components/android/components/my-account-overview.mdx,42,ja-jp,https://manage.auth0.com/#/applications,rewritten,https://manage.auth0.com/dashboard/#/applications,http → https + new path,
main/docs/ja-jp/get-started/universal-components/ios/components/my-account-overview.mdx,37,ja-jp,https://manage.auth0.com/#/apis,rewritten,https://manage.auth0.com/dashboard/#/apis,http → https + new path,
main/docs/ja-jp/get-started/universal-components/ios/components/my-account-overview.mdx,42,ja-jp,https://manage.auth0.com/#/applications,rewritten,https://manage.auth0.com/dashboard/#/applications,http → https + new path,
main/docs/ja-jp/get-started/universal-components/web/components/build-delegated-admin.mdx,45,ja-jp,https://manage.auth0.com/#/applications,rewritten,https://manage.auth0.com/dashboard/#/applications,http → https + new path,
main/docs/ja-jp/get-started/universal-components/web/components/build-delegated-admin.mdx,59,ja-jp,https://manage.auth0.com/#/applications,rewritten,https://manage.auth0.com/dashboard/#/applications,http → https + new path,
main/docs/ja-jp/get-started/universal-components/web/components/build-delegated-admin.mdx,82,ja-jp,https://manage.auth0.com/#/connections/database,rewritten,https://manage.auth0.com/dashboard/#/authentication/database,http → https + new path,
main/docs/ja-jp/get-started/universal-components/web/components/build-delegated-admin.mdx,122,ja-jp,https://manage.auth0.com/#/organizations,rewritten,https://manage.auth0.com/dashboard/#/organizations/list,path changed,
main/docs/ja-jp/get-started/universal-components/web/components/build-delegated-admin.mdx,156,ja-jp,https://manage.auth0.com/#/applications,rewritten,https://manage.auth0.com/dashboard/#/applications,http → https + new path,
main/docs/ja-jp/get-started/universal-components/web/components/build-delegated-admin.mdx,170,ja-jp,https://manage.auth0.com/#/applications,rewritten,https://manage.auth0.com/dashboard/#/applications,http → https + new path,
main/docs/ja-jp/get-started/universal-components/web/components/build-delegated-admin.mdx,193,ja-jp,https://manage.auth0.com/#/connections/database,rewritten,https://manage.auth0.com/dashboard/#/authentication/database,http → https + new path,
main/docs/ja-jp/get-started/universal-components/web/components/build-delegated-admin.mdx,233,ja-jp,https://manage.auth0.com/#/organizations,rewritten,https://manage.auth0.com/dashboard/#/organizations/list,path changed,
main/docs/ja-jp/get-started/universal-components/web/components/build-delegated-admin.mdx,271,ja-jp,https://manage.auth0.com/#/applications,rewritten,https://manage.auth0.com/dashboard/#/applications,http → https + new path,
main/docs/ja-jp/get-started/universal-components/web/components/build-delegated-admin.mdx,285,ja-jp,https://manage.auth0.com/#/applications,rewritten,https://manage.auth0.com/dashboard/#/applications,http → https + new path,
main/docs/ja-jp/get-started/universal-components/web/components/build-delegated-admin.mdx,308,ja-jp,https://manage.auth0.com/#/connections/database,rewritten,https://manage.auth0.com/dashboard/#/authentication/database,http → https + new path,
main/docs/ja-jp/get-started/universal-components/web/components/build-delegated-admin.mdx,348,ja-jp,https://manage.auth0.com/#/organizations,rewritten,https://manage.auth0.com/dashboard/#/organizations/list,path changed,
main/docs/ja-jp/get-started/universal-components/web/components/my-account-overview.mdx,43,ja-jp,https://manage.auth0.com/#/apis,rewritten,https://manage.auth0.com/dashboard/#/apis,http → https + new path,
main/docs/ja-jp/get-started/universal-components/web/components/my-account-overview.mdx,48,ja-jp,https://manage.auth0.com/#/applications,rewritten,https://manage.auth0.com/dashboard/#/applications,http → https + new path,
main/docs/ja-jp/get-started/universal-components/web/components/my-account-overview.mdx,136,ja-jp,https://manage.auth0.com/#/apis,rewritten,https://manage.auth0.com/dashboard/#/apis,http → https + new path,
main/docs/ja-jp/get-started/universal-components/web/components/my-account-overview.mdx,141,ja-jp,https://manage.auth0.com/#/applications,rewritten,https://manage.auth0.com/dashboard/#/applications,http → https + new path,
main/docs/ja-jp/get-started/universal-components/web/components/my-account-overview.mdx,166,ja-jp,https://manage.auth0.com/#/connections/database,rewritten,https://manage.auth0.com/dashboard/#/authentication/database,http → https + new path,
main/docs/ja-jp/get-started/universal-components/web/components/my-account-overview.mdx,168,ja-jp,https://manage.auth0.com/#/users,rewritten,https://manage.auth0.com/dashboard/#/users,add /dashboard/ prefix,
main/docs/ja-jp/get-started/universal-components/web/components/my-account-overview.mdx,240,ja-jp,https://manage.auth0.com/#/apis,rewritten,https://manage.auth0.com/dashboard/#/apis,http → https + new path,
main/docs/ja-jp/get-started/universal-components/web/components/my-account-overview.mdx,245,ja-jp,https://manage.auth0.com/#/applications,rewritten,https://manage.auth0.com/dashboard/#/applications,http → https + new path,
main/docs/ja-jp/get-started/universal-components/web/components/my-account-overview.mdx,270,ja-jp,https://manage.auth0.com/#/connections/database,rewritten,https://manage.auth0.com/dashboard/#/authentication/database,http → https + new path,
main/docs/ja-jp/get-started/universal-components/web/components/my-account-overview.mdx,272,ja-jp,https://manage.auth0.com/#/users,rewritten,https://manage.auth0.com/dashboard/#/users,add /dashboard/ prefix,
main/docs/ja-jp/get-started/universal-components/web/components/user-mfa-management.mdx,50,ja-jp,https://manage.auth0.com/dashboard/#/security/mfa,rewritten,https://manage.auth0.com/dashboard/#/authentication/mfa,path changed,
main/docs/ja-jp/get-started/universal-components/web/components/user-mfa-management.mdx,167,ja-jp,https://manage.auth0.com/dashboard/#/security/mfa,rewritten,https://manage.auth0.com/dashboard/#/authentication/mfa,path changed,
main/docs/ja-jp/get-started/universal-components/web/components/user-mfa-management.mdx,258,ja-jp,https://manage.auth0.com/dashboard/#/security/mfa,rewritten,https://manage.auth0.com/dashboard/#/authentication/mfa,path changed,
main/docs/ja-jp/libraries/auth0-android/auth0-android-configuration.mdx,36,ja-jp,https://manage.auth0.com/#,unchanged-root,,,
main/docs/ja-jp/libraries/auth0-android/auth0-android-configuration.mdx,70,ja-jp,https://manage.auth0.com/#,unchanged-root,,,
main/docs/ja-jp/libraries/auth0-php/using-the-management-api-with-auth0-php.mdx,31,ja-jp,https://manage.auth0.com/#/apis,rewritten,https://manage.auth0.com/dashboard/#/apis,http → https + new path,
main/docs/ja-jp/libraries/auth0-single-page-app-sdk.mdx,301,ja-jp,https://manage.auth0.com/#/apis,rewritten,https://manage.auth0.com/dashboard/#/apis,http → https + new path,
main/docs/ja-jp/libraries/auth0-swift.mdx,78,ja-jp,https://manage.auth0.com/#/applications/,rewritten,https://manage.auth0.com/dashboard/#/applications,http → https + new path,
main/docs/ja-jp/libraries/auth0-swift.mdx,125,ja-jp,https://manage.auth0.com/#/applications/,rewritten,https://manage.auth0.com/dashboard/#/applications,http → https + new path,
main/docs/ja-jp/libraries/auth0js.mdx,43,ja-jp,https://manage.auth0.com/#/applications,rewritten,https://manage.auth0.com/dashboard/#/applications,http → https + new path,
main/docs/ja-jp/libraries/auth0js.mdx,409,ja-jp,https://manage.auth0.com/#,unchanged-root,,,
main/docs/ja-jp/libraries/auth0js.mdx,409,ja-jp,https://manage.auth0.com/#,unchanged-root,,,
main/docs/ja-jp/libraries/auth0js.mdx,481,ja-jp,https://manage.auth0.com/#/rules,rewritten,https://manage.auth0.com/dashboard/#/rules,add /dashboard/ prefix,
main/docs/ja-jp/libraries/auth0js.mdx,487,ja-jp,https://manage.auth0.com/#,unchanged-root,,,
main/docs/ja-jp/libraries/custom-signup.mdx,68,ja-jp,https://manage.auth0.com/#/connections/database/,rewritten,https://manage.auth0.com/dashboard/#/authentication/database,http → https + new path,
main/docs/ja-jp/libraries/lock-android.mdx,43,ja-jp,https://manage.auth0.com/#,unchanged-root,,,
main/docs/ja-jp/libraries/lock-android/android-development-keystores-hashes.mdx,6,ja-jp,https://manage.auth0.com/#,unchanged-root,,,
main/docs/ja-jp/libraries/lock-android/android-development-keystores-hashes.mdx,42,ja-jp,https://manage.auth0.com/#/applications,rewritten,https://manage.auth0.com/dashboard/#/applications,http → https + new path,
main/docs/ja-jp/libraries/lock-android/lock-android-configuration.mdx,54,ja-jp,https://manage.auth0.com/#,unchanged-root,,,
main/docs/ja-jp/libraries/lock-android/lock-android-configuration.mdx,54,ja-jp,https://manage.auth0.com/#,unchanged-root,,,
main/docs/ja-jp/libraries/lock-android/lock-android-custom-theming.mdx,67,ja-jp,https://manage.auth0.com/#/extensions,rewritten,https://manage.auth0.com/dashboard/#/extensions/list,path changed,
main/docs/ja-jp/libraries/lock-android/lock-android-native-social-authentication.mdx,33,ja-jp,https://manage.auth0.com/#/connections/social,rewritten,https://manage.auth0.com/dashboard/#/connections,path changed,
main/docs/ja-jp/libraries/lock-android/lock-android-native-social-authentication.mdx,39,ja-jp,https://manage.auth0.com/#/applications,rewritten,https://manage.auth0.com/dashboard/#/applications,http → https + new path,
main/docs/ja-jp/libraries/lock-android/lock-android-native-social-authentication.mdx,195,ja-jp,https://manage.auth0.com/#/connections/social,rewritten,https://manage.auth0.com/dashboard/#/connections,path changed,
main/docs/ja-jp/libraries/lock-android/lock-android-native-social-authentication.mdx,200,ja-jp,https://manage.auth0.com/#/applications,rewritten,https://manage.auth0.com/dashboard/#/applications,http → https + new path,
main/docs/ja-jp/libraries/lock-android/lock-android-passwordless-with-magic-link.mdx,12,ja-jp,https://manage.auth0.com/#/applications/\{yourClientId}/settings,rewritten,https://manage.auth0.com/dashboard/#/applications/{yourClientId}/settings,path changed,
main/docs/ja-jp/libraries/lock-android/lock-android-passwordless-with-magic-link.mdx,33,ja-jp,https://manage.auth0.com/#/applications/authentication,rewritten,https://manage.auth0.com/dashboard/#/applications/{yourClientId}/login-experience,path changed,
main/docs/ja-jp/libraries/lock-android/lock-android-passwordless.mdx,12,ja-jp,https://manage.auth0.com/#/connections/passwordless,rewritten,https://manage.auth0.com/dashboard/#/authentication/passwordless,path changed,
main/docs/ja-jp/libraries/lock-swift.mdx,73,ja-jp,https://manage.auth0.com/#,unchanged-root,,,
main/docs/ja-jp/libraries/lock-swift/lock-swift-configuration-options.mdx,126,ja-jp,https://manage.auth0.com/#/,unchanged-root,,,
main/docs/ja-jp/libraries/lock.mdx,50,ja-jp,https://manage.auth0.com/#/applications/\{yourClientId}/settings,rewritten,https://manage.auth0.com/dashboard/#/applications/{yourClientId}/settings,path changed,
main/docs/ja-jp/libraries/lock.mdx,56,ja-jp,https://manage.auth0.com/#,unchanged-root,,,
main/docs/ja-jp/libraries/lock.mdx,162,ja-jp,https://manage.auth0.com/#,unchanged-root,,,
main/docs/ja-jp/libraries/lock/lock-api-reference.mdx,22,ja-jp,https://manage.auth0.com/#/,unchanged-root,,,
main/docs/ja-jp/libraries/lock/lock-api-reference.mdx,22,ja-jp,https://manage.auth0.com/#/applications,rewritten,https://manage.auth0.com/dashboard/#/applications,http → https + new path,
main/docs/ja-jp/manage-users/access-control/configure-core-rbac/enable-role-based-access-control-for-apis.mdx,20,ja-jp,https://manage.auth0.com/#/apis,rewritten,https://manage.auth0.com/dashboard/#/apis,http → https + new path,
main/docs/ja-jp/manage-users/access-control/configure-core-rbac/rbac-users/assign-permissions-to-users.mdx,28,ja-jp,https://manage.auth0.com/#/users,rewritten,https://manage.auth0.com/dashboard/#/users,add /dashboard/ prefix,
main/docs/ja-jp/manage-users/access-control/configure-core-rbac/rbac-users/assign-permissions-to-users.mdx,36,ja-jp,https://manage.auth0.com/#/users,rewritten,https://manage.auth0.com/dashboard/#/users,add /dashboard/ prefix,
main/docs/ja-jp/manage-users/access-control/configure-core-rbac/rbac-users/assign-roles-to-groups.mdx,29,ja-jp,https://manage.auth0.com/#/organizations,rewritten,https://manage.auth0.com/dashboard/#/organizations/list,path changed,
main/docs/ja-jp/manage-users/access-control/configure-core-rbac/rbac-users/assign-roles-to-groups.mdx,81,ja-jp,https://manage.auth0.com/#/groups,rewritten,https://manage.auth0.com/dashboard/#/enterprise-groups,path changed,
main/docs/ja-jp/manage-users/access-control/configure-core-rbac/rbac-users/assign-roles-to-groups.mdx,131,ja-jp,https://manage.auth0.com/#/organizations,rewritten,https://manage.auth0.com/dashboard/#/organizations/list,path changed,
main/docs/ja-jp/manage-users/access-control/configure-core-rbac/rbac-users/assign-roles-to-groups.mdx,179,ja-jp,https://manage.auth0.com/#/groups,rewritten,https://manage.auth0.com/dashboard/#/enterprise-groups,path changed,
main/docs/ja-jp/manage-users/access-control/configure-core-rbac/rbac-users/assign-roles-to-users.mdx,25,ja-jp,https://manage.auth0.com/#/users,rewritten,https://manage.auth0.com/dashboard/#/users,add /dashboard/ prefix,
main/docs/ja-jp/manage-users/access-control/configure-core-rbac/rbac-users/assign-roles-to-users.mdx,33,ja-jp,https://manage.auth0.com/#/users,rewritten,https://manage.auth0.com/dashboard/#/users,add /dashboard/ prefix,
main/docs/ja-jp/manage-users/access-control/configure-core-rbac/rbac-users/remove-permissions-from-users.mdx,18,ja-jp,https://manage.auth0.com/#/users,rewritten,https://manage.auth0.com/dashboard/#/users,add /dashboard/ prefix,
main/docs/ja-jp/manage-users/access-control/configure-core-rbac/rbac-users/remove-roles-from-users.mdx,18,ja-jp,https://manage.auth0.com/#/users,rewritten,https://manage.auth0.com/dashboard/#/users,add /dashboard/ prefix,
main/docs/ja-jp/manage-users/access-control/configure-core-rbac/rbac-users/view-user-permissions.mdx,18,ja-jp,https://manage.auth0.com/#/users,rewritten,https://manage.auth0.com/dashboard/#/users,add /dashboard/ prefix,
main/docs/ja-jp/manage-users/access-control/configure-core-rbac/rbac-users/view-user-roles.mdx,18,ja-jp,https://manage.auth0.com/#/users,rewritten,https://manage.auth0.com/dashboard/#/users,add /dashboard/ prefix,
main/docs/ja-jp/manage-users/access-control/configure-core-rbac/roles/add-permissions-to-roles.mdx,21,ja-jp,https://manage.auth0.com/#/roles,rewritten,https://manage.auth0.com/dashboard/#/applications/{yourClientId}/settings,path changed,
main/docs/ja-jp/manage-users/access-control/configure-core-rbac/roles/create-roles.mdx,31,ja-jp,https://manage.auth0.com/#/roles,rewritten,https://manage.auth0.com/dashboard/#/applications/{yourClientId}/settings,path changed,
main/docs/ja-jp/manage-users/access-control/configure-core-rbac/roles/create-roles.mdx,216,ja-jp,https://manage.auth0.com/#/organizations,rewritten,https://manage.auth0.com/dashboard/#/organizations/list,path changed,
main/docs/ja-jp/manage-users/access-control/configure-core-rbac/roles/delete-roles.mdx,16,ja-jp,https://manage.auth0.com/#/roles,rewritten,https://manage.auth0.com/dashboard/#/applications/{yourClientId}/settings,path changed,
main/docs/ja-jp/manage-users/access-control/configure-core-rbac/roles/edit-role-definitions.mdx,18,ja-jp,https://manage.auth0.com/#/roles,rewritten,https://manage.auth0.com/dashboard/#/applications/{yourClientId}/settings,path changed,
main/docs/ja-jp/manage-users/access-control/configure-core-rbac/roles/remove-permissions-from-roles.mdx,18,ja-jp,https://manage.auth0.com/#/roles,rewritten,https://manage.auth0.com/dashboard/#/applications/{yourClientId}/settings,path changed,
main/docs/ja-jp/manage-users/access-control/configure-core-rbac/roles/view-role-permissions.mdx,18,ja-jp,https://manage.auth0.com/#/roles,rewritten,https://manage.auth0.com/dashboard/#/applications/{yourClientId}/settings,path changed,
main/docs/ja-jp/manage-users/access-control/configure-core-rbac/roles/view-users-assigned-to-roles.mdx,14,ja-jp,https://manage.auth0.com/#/users,rewritten,https://manage.auth0.com/dashboard/#/users,add /dashboard/ prefix,
main/docs/ja-jp/manage-users/access-control/sample-use-cases-actions-with-authorization.mdx,24,ja-jp,https://manage.auth0.com/#/actions/flows/login/,rewritten,https://manage.auth0.com/dashboard/#/actions/triggers/post-login,path changed,
main/docs/ja-jp/manage-users/access-control/sample-use-cases-actions-with-authorization.mdx,45,ja-jp,https://manage.auth0.com/#/actions/flows/login/,rewritten,https://manage.auth0.com/dashboard/#/actions/triggers/post-login,path changed,
main/docs/ja-jp/manage-users/access-control/sample-use-cases-actions-with-authorization.mdx,55,ja-jp,https://manage.auth0.com/#/apis,rewritten,https://manage.auth0.com/dashboard/#/apis,http → https + new path,
main/docs/ja-jp/manage-users/access-control/sample-use-cases-actions-with-authorization.mdx,67,ja-jp,https://manage.auth0.com/#/actions/flows/login/,rewritten,https://manage.auth0.com/dashboard/#/actions/triggers/post-login,path changed,
main/docs/ja-jp/manage-users/access-control/sample-use-cases-actions-with-authorization.mdx,85,ja-jp,https://manage.auth0.com/#/actions/flows/login/,rewritten,https://manage.auth0.com/dashboard/#/actions/triggers/post-login,path changed,
main/docs/ja-jp/manage-users/access-control/sample-use-cases-actions-with-authorization.mdx,108,ja-jp,https://manage.auth0.com/#/actions/flows/login/,rewritten,https://manage.auth0.com/dashboard/#/actions/triggers/post-login,path changed,
main/docs/ja-jp/manage-users/access-control/sample-use-cases-rules-with-authorization.mdx,61,ja-jp,https://manage.auth0.com/#/apis,rewritten,https://manage.auth0.com/dashboard/#/apis,http → https + new path,
main/docs/ja-jp/manage-users/cookies/spa-authenticate-with-cookies.mdx,92,ja-jp,https://manage.auth0.com/#/applications,rewritten,https://manage.auth0.com/dashboard/#/applications,http → https + new path,
main/docs/ja-jp/manage-users/cookies/spa-authenticate-with-cookies.mdx,97,ja-jp,https://manage.auth0.com/#/connections/social,rewritten,https://manage.auth0.com/dashboard/#/connections,path changed,
main/docs/ja-jp/manage-users/my-account-api.mdx,72,ja-jp,https://manage.auth0.com/#/apis,rewritten,https://manage.auth0.com/dashboard/#/apis,http → https + new path,
main/docs/ja-jp/manage-users/my-account-api.mdx,864,ja-jp,https://manage.auth0.com/#/applications,rewritten,https://manage.auth0.com/dashboard/#/applications,http → https + new path,
main/docs/ja-jp/manage-users/my-organization-api.mdx,35,ja-jp,https://manage.auth0.com/#/apis,rewritten,https://manage.auth0.com/dashboard/#/apis,http → https + new path,
main/docs/ja-jp/manage-users/my-organization-api.mdx,86,ja-jp,https://manage.auth0.com/#/apis,rewritten,https://manage.auth0.com/dashboard/#/apis,http → https + new path,
main/docs/ja-jp/manage-users/my-organization-api.mdx,106,ja-jp,https://manage.auth0.com/#/apis,rewritten,https://manage.auth0.com/dashboard/#/apis,http → https + new path,
main/docs/ja-jp/manage-users/my-organization-api.mdx,287,ja-jp,https://manage.auth0.com/#/applications,rewritten,https://manage.auth0.com/dashboard/#/applications,http → https + new path,
main/docs/ja-jp/manage-users/organizations/configure-organizations/add-member-roles.mdx,26,ja-jp,https://manage.auth0.com/#/organizations,rewritten,https://manage.auth0.com/dashboard/#/organizations/list,path changed,
main/docs/ja-jp/manage-users/organizations/configure-organizations/assign-members.mdx,16,ja-jp,https://manage.auth0.com/#/organizations,rewritten,https://manage.auth0.com/dashboard/#/organizations/list,path changed,
main/docs/ja-jp/manage-users/organizations/configure-organizations/create-org-domains.mdx,14,ja-jp,https://manage.auth0.com/#/organizations,rewritten,https://manage.auth0.com/dashboard/#/organizations/list,path changed,
main/docs/ja-jp/manage-users/organizations/configure-organizations/create-organizations.mdx,20,ja-jp,https://manage.auth0.com/#/organizations,rewritten,https://manage.auth0.com/dashboard/#/organizations/list,path changed,
main/docs/ja-jp/manage-users/organizations/configure-organizations/define-organization-behavior.mdx,25,ja-jp,https://manage.auth0.com/#/applications,rewritten,https://manage.auth0.com/dashboard/#/applications,http → https + new path,
main/docs/ja-jp/manage-users/organizations/configure-organizations/delete-org-domains.mdx,12,ja-jp,https://manage.auth0.com/#/organizations,rewritten,https://manage.auth0.com/dashboard/#/organizations/list,path changed,
main/docs/ja-jp/manage-users/organizations/configure-organizations/delete-organizations.mdx,22,ja-jp,https://manage.auth0.com/#/organizations,rewritten,https://manage.auth0.com/dashboard/#/organizations/list,path changed,
main/docs/ja-jp/manage-users/organizations/configure-organizations/disable-connections.mdx,21,ja-jp,https://manage.auth0.com/#/organizations,rewritten,https://manage.auth0.com/dashboard/#/organizations/list,path changed,
main/docs/ja-jp/manage-users/organizations/configure-organizations/disable-connections.mdx,30,ja-jp,https://manage.auth0.com/#/organizations,rewritten,https://manage.auth0.com/dashboard/#/organizations/list,path changed,
main/docs/ja-jp/manage-users/organizations/configure-organizations/enable-connections.mdx,39,ja-jp,https://manage.auth0.com/#/organizations,rewritten,https://manage.auth0.com/dashboard/#/organizations/list,path changed,
main/docs/ja-jp/manage-users/organizations/configure-organizations/enable-third-party-application-access.mdx,23,ja-jp,https://manage.auth0.com/#/organizations,rewritten,https://manage.auth0.com/dashboard/#/organizations/list,path changed,
main/docs/ja-jp/manage-users/organizations/configure-organizations/grant-application-access.mdx,39,ja-jp,https://manage.auth0.com/#/organizations,rewritten,https://manage.auth0.com/dashboard/#/organizations/list,path changed,
main/docs/ja-jp/manage-users/organizations/configure-organizations/grant-application-access.mdx,85,ja-jp,https://manage.auth0.com/#/organizations,rewritten,https://manage.auth0.com/dashboard/#/organizations/list,path changed,
main/docs/ja-jp/manage-users/organizations/configure-organizations/grant-application-access.mdx,150,ja-jp,https://manage.auth0.com/#/organizations,rewritten,https://manage.auth0.com/dashboard/#/organizations/list,path changed,
main/docs/ja-jp/manage-users/organizations/configure-organizations/invite-members.mdx,35,ja-jp,https://manage.auth0.com/#/tenant/advanced,rewritten,https://manage.auth0.com/dashboard/#/tenant/advanced,add /dashboard/ prefix,
main/docs/ja-jp/manage-users/organizations/configure-organizations/invite-members.mdx,35,ja-jp,https://manage.auth0.com/#/applications,rewritten,https://manage.auth0.com/dashboard/#/applications,http → https + new path,
main/docs/ja-jp/manage-users/organizations/configure-organizations/remove-member-roles.mdx,16,ja-jp,https://manage.auth0.com/#/organizations,rewritten,https://manage.auth0.com/dashboard/#/organizations/list,path changed,
main/docs/ja-jp/manage-users/organizations/configure-organizations/remove-members.mdx,16,ja-jp,https://manage.auth0.com/#/organizations,rewritten,https://manage.auth0.com/dashboard/#/organizations/list,path changed,
main/docs/ja-jp/manage-users/organizations/configure-organizations/retrieve-connections.mdx,21,ja-jp,https://manage.auth0.com/#/organizations,rewritten,https://manage.auth0.com/dashboard/#/organizations/list,path changed,
main/docs/ja-jp/manage-users/organizations/configure-organizations/retrieve-member-roles.mdx,16,ja-jp,https://manage.auth0.com/#/organizations,rewritten,https://manage.auth0.com/dashboard/#/organizations/list,path changed,
main/docs/ja-jp/manage-users/organizations/configure-organizations/retrieve-members.mdx,16,ja-jp,https://manage.auth0.com/#/organizations,rewritten,https://manage.auth0.com/dashboard/#/organizations/list,path changed,
main/docs/ja-jp/manage-users/organizations/configure-organizations/search-organization-members.mdx,9,ja-jp,https://manage.auth0.com/#/organizations,rewritten,https://manage.auth0.com/dashboard/#/organizations/list,path changed,
main/docs/ja-jp/manage-users/organizations/configure-organizations/search-organization-members.mdx,13,ja-jp,https://manage.auth0.com/#/users,rewritten,https://manage.auth0.com/dashboard/#/users,add /dashboard/ prefix,
main/docs/ja-jp/manage-users/organizations/configure-organizations/send-membership-invitations.mdx,15,ja-jp,https://manage.auth0.com/#/organizations,rewritten,https://manage.auth0.com/dashboard/#/organizations/list,path changed,
main/docs/ja-jp/manage-users/organizations/create-first-organization.mdx,107,ja-jp,https://manage.auth0.com/#/organizations,rewritten,https://manage.auth0.com/dashboard/#/organizations/list,path changed,
main/docs/ja-jp/manage-users/organizations/login-flows-for-organizations.mdx,60,ja-jp,https://manage.auth0.com/#/tenant/general,rewritten,https://manage.auth0.com/dashboard/#/tenant/general,add /dashboard/ prefix,
main/docs/ja-jp/manage-users/organizations/organizations-for-m2m-applications/configure-your-application-for-m2m-access.mdx,69,ja-jp,https://manage.auth0.com/,unchanged-root,,,
main/docs/ja-jp/manage-users/organizations/organizations-for-m2m-applications/configure-your-application-for-m2m-access.mdx,120,ja-jp,https://manage.auth0.com/,unchanged-root,,,
main/docs/ja-jp/manage-users/organizations/organizations-for-m2m-applications/manage-m2m-access.mdx,35,ja-jp,https://manage.auth0.com/,unchanged-root,,,
main/docs/ja-jp/manage-users/organizations/organizations-for-m2m-applications/manage-m2m-access.mdx,41,ja-jp,https://manage.auth0.com/dashboard/*/organizations/list,rewritten,https://manage.auth0.com/dashboard/#/organizations/list,path changed,
main/docs/ja-jp/manage-users/organizations/organizations-for-m2m-applications/manage-m2m-access.mdx,68,ja-jp,https://manage.auth0.com/,unchanged-root,,,
main/docs/ja-jp/manage-users/organizations/organizations-for-m2m-applications/manage-m2m-access.mdx,70,ja-jp,https://manage.auth0.com/dashboard/*/organizations/list,rewritten,https://manage.auth0.com/dashboard/#/organizations/list,path changed,
main/docs/ja-jp/manage-users/organizations/organizations-for-m2m-applications/manage-m2m-access.mdx,107,ja-jp,https://manage.auth0.com/,unchanged-root,,,
main/docs/ja-jp/manage-users/organizations/organizations-for-m2m-applications/manage-m2m-access.mdx,113,ja-jp,https://manage.auth0.com/dashboard/*/organizations/list,rewritten,https://manage.auth0.com/dashboard/#/organizations/list,path changed,
main/docs/ja-jp/manage-users/organizations/organizations-for-m2m-applications/manage-m2m-access.mdx,133,ja-jp,https://manage.auth0.com/,unchanged-root,,,
main/docs/ja-jp/manage-users/organizations/organizations-for-m2m-applications/manage-m2m-access.mdx,141,ja-jp,https://manage.auth0.com/dashboard/*/organizations/list,rewritten,https://manage.auth0.com/dashboard/#/organizations/list,path changed,
main/docs/ja-jp/manage-users/sessions/configure-keep-me-signed-in-sessions.mdx,211,ja-jp,https://manage.auth0.com/#/actions/triggers/post-login,rewritten,https://manage.auth0.com/dashboard/#/actions/triggers/post-login,path changed,
main/docs/ja-jp/manage-users/sessions/configure-session-lifetime-settings.mdx,14,ja-jp,https://manage.auth0.com/#/tenant,rewritten,https://manage.auth0.com/dashboard/#/tenant/general,path changed,
main/docs/ja-jp/manage-users/sessions/non-persistent-sessions.mdx,50,ja-jp,https://manage.auth0.com/#/tenant,rewritten,https://manage.auth0.com/dashboard/#/tenant/general,path changed,
main/docs/ja-jp/manage-users/sessions/session-metadata/configure-session-metadata.mdx,106,ja-jp,https://manage.auth0.com/#/applications,rewritten,https://manage.auth0.com/dashboard/#/applications,http → https + new path,
main/docs/ja-jp/manage-users/sessions/session-metadata/configure-session-metadata.mdx,146,ja-jp,https://manage.auth0.com/#/logs,rewritten,https://manage.auth0.com/dashboard/#/logging/logs,path changed,
main/docs/ja-jp/manage-users/user-accounts/block-and-unblock-users.mdx,21,ja-jp,https://manage.auth0.com/#/users,rewritten,https://manage.auth0.com/dashboard/#/users,add /dashboard/ prefix,
main/docs/ja-jp/manage-users/user-accounts/block-and-unblock-users.mdx,39,ja-jp,https://manage.auth0.com/#/users,rewritten,https://manage.auth0.com/dashboard/#/users,add /dashboard/ prefix,
main/docs/ja-jp/manage-users/user-accounts/change-user-picture.mdx,180,ja-jp,https://manage.auth0.com/#/actions/library,rewritten,https://manage.auth0.com/dashboard/#/actions/custom,path changed,
main/docs/ja-jp/manage-users/user-accounts/change-user-picture.mdx,200,ja-jp,https://manage.auth0.com/#/actions/flows/login/,rewritten,https://manage.auth0.com/dashboard/#/actions/triggers/post-login,path changed,
main/docs/ja-jp/manage-users/user-accounts/create-users.mdx,8,ja-jp,https://manage.auth0.com/#/users,rewritten,https://manage.auth0.com/dashboard/#/users,add /dashboard/ prefix,
main/docs/ja-jp/manage-users/user-accounts/delete-users.mdx,6,ja-jp,https://manage.auth0.com/#/users,rewritten,https://manage.auth0.com/dashboard/#/users,add /dashboard/ prefix,
main/docs/ja-jp/manage-users/user-accounts/deny-api-access.mdx,10,ja-jp,https://manage.auth0.com/#/rules,rewritten,https://manage.auth0.com/dashboard/#/rules,add /dashboard/ prefix,
main/docs/ja-jp/manage-users/user-accounts/get-user-information-on-unbounce-landing-pages.mdx,10,ja-jp,https://manage.auth0.com/#,unchanged-root,,,
main/docs/ja-jp/manage-users/user-accounts/get-user-information-on-unbounce-landing-pages.mdx,11,ja-jp,https://manage.auth0.com/#/applications,rewritten,https://manage.auth0.com/dashboard/#/applications,http → https + new path,
main/docs/ja-jp/manage-users/user-accounts/get-user-information-on-unbounce-landing-pages.mdx,13,ja-jp,https://manage.auth0.com/#/connections/social,rewritten,https://manage.auth0.com/dashboard/#/connections,path changed,
main/docs/ja-jp/manage-users/user-accounts/manage-user-access-to-applications.mdx,17,ja-jp,https://manage.auth0.com/#/connections/social,rewritten,https://manage.auth0.com/dashboard/#/connections,path changed,
main/docs/ja-jp/manage-users/user-accounts/manage-users-using-the-dashboard.mdx,6,ja-jp,https://manage.auth0.com/#/users,rewritten,https://manage.auth0.com/dashboard/#/users,add /dashboard/ prefix,
main/docs/ja-jp/manage-users/user-accounts/metadata/configure-application-metadata.mdx,51,ja-jp,https://manage.auth0.com/#/applications,rewritten,https://manage.auth0.com/dashboard/#/applications,http → https + new path,
main/docs/ja-jp/manage-users/user-accounts/metadata/configure-application-metadata.mdx,60,ja-jp,https://manage.auth0.com/#/applications,rewritten,https://manage.auth0.com/dashboard/#/applications,http → https + new path,
main/docs/ja-jp/manage-users/user-accounts/metadata/configure-application-metadata.mdx,67,ja-jp,https://manage.auth0.com/#/applications,rewritten,https://manage.auth0.com/dashboard/#/applications,http → https + new path,
main/docs/ja-jp/manage-users/user-accounts/resend-verification-emails.mdx,12,ja-jp,https://manage.auth0.com/#/users,rewritten,https://manage.auth0.com/dashboard/#/users,add /dashboard/ prefix,
main/docs/ja-jp/manage-users/user-accounts/unlink-devices-from-users.mdx,8,ja-jp,https://manage.auth0.com/#/users,rewritten,https://manage.auth0.com/dashboard/#/users,add /dashboard/ prefix,
main/docs/ja-jp/manage-users/user-accounts/user-profiles.mdx,31,ja-jp,https://manage.auth0.com/#/users,rewritten,https://manage.auth0.com/dashboard/#/users,add /dashboard/ prefix,
main/docs/ja-jp/manage-users/user-accounts/user-profiles.mdx,46,ja-jp,https://manage.auth0.com/#/connections/database/enterprise/samlp,rewritten,https://manage.auth0.com/dashboard/#/connections/enterprise/samlp,path changed,
main/docs/ja-jp/manage-users/user-accounts/user-profiles.mdx,47,ja-jp,https://manage.auth0.com/#/connections/database/applications,rewritten,https://manage.auth0.com/dashboard/#/authentication/database/{connectionId}/applications,path changed,
main/docs/ja-jp/manage-users/user-accounts/user-profiles/configure-connection-sync-with-auth0.mdx,24,ja-jp,https://manage.auth0.com/#/connections,rewritten,https://manage.auth0.com/dashboard/#/connections,add /dashboard/ prefix,
main/docs/ja-jp/manage-users/user-accounts/verify-emails.mdx,73,ja-jp,https://manage.auth0.com/#/authentication,rewritten,https://manage.auth0.com/dashboard/#/authentication/authentication-profile,path changed,
main/docs/ja-jp/manage-users/user-accounts/view-user-details.mdx,6,ja-jp,https://manage.auth0.com/#/users,rewritten,https://manage.auth0.com/dashboard/#/users,add /dashboard/ prefix,
main/docs/ja-jp/manage-users/user-migration/bulk-user-exports.mdx,46,ja-jp,https://manage.auth0.com/#/users,rewritten,https://manage.auth0.com/dashboard/#/users,add /dashboard/ prefix,
main/docs/ja-jp/manage-users/user-migration/bulk-user-exports.mdx,253,ja-jp,https://manage.auth0.com/#/users,rewritten,https://manage.auth0.com/dashboard/#/users,add /dashboard/ prefix,
main/docs/ja-jp/manage-users/user-migration/bulk-user-imports.mdx,64,ja-jp,https://manage.auth0.com/#/users,rewritten,https://manage.auth0.com/dashboard/#/users,add /dashboard/ prefix,
main/docs/ja-jp/manage-users/user-migration/bulk-user-imports.mdx,375,ja-jp,https://manage.auth0.com/#/users,rewritten,https://manage.auth0.com/dashboard/#/users,add /dashboard/ prefix,
main/docs/ja-jp/manage-users/user-migration/configure-automatic-migration-from-your-database.mdx,27,ja-jp,https://manage.auth0.com/#/connections/database,rewritten,https://manage.auth0.com/dashboard/#/authentication/database,http → https + new path,
main/docs/ja-jp/manage-users/user-migration/configure-automatic-migration-from-your-database.mdx,65,ja-jp,https://manage.auth0.com/#/users,rewritten,https://manage.auth0.com/dashboard/#/users,add /dashboard/ prefix,
main/docs/ja-jp/manage-users/user-migration/configure-automatic-migration-from-your-database.mdx,77,ja-jp,https://manage.auth0.com/#/connections/database,rewritten,https://manage.auth0.com/dashboard/#/authentication/database,http → https + new path,
main/docs/ja-jp/manage-users/user-search/get-users-by-id-or-email.mdx,16,ja-jp,https://manage.auth0.com/#/users,rewritten,https://manage.auth0.com/dashboard/#/users,add /dashboard/ prefix,
main/docs/ja-jp/manage-users/user-search/list-and-search-users.mdx,16,ja-jp,https://manage.auth0.com/#/users,rewritten,https://manage.auth0.com/dashboard/#/users,add /dashboard/ prefix,
main/docs/ja-jp/quickstart/agent-skills.mdx,13,ja-jp,https://manage.auth0.com,unchanged-root,,,
main/docs/ja-jp/quickstart/backend/aspnet-core-webapi.mdx,143,ja-jp,https://manage.auth0.com,unchanged-root,,,
main/docs/ja-jp/quickstart/backend/aspnet-core-webapi.mdx,245,ja-jp,https://manage.auth0.com/#/applications,rewritten,https://manage.auth0.com/dashboard/#/applications,http → https + new path,
main/docs/ja-jp/quickstart/backend/aspnet-core-webapi.mdx,334,ja-jp,https://manage.auth0.com,unchanged-root,,,
main/docs/ja-jp/quickstart/backend/django/02-using.mdx,148,ja-jp,https://manage.auth0.com/#/applications,rewritten,https://manage.auth0.com/dashboard/#/applications,http → https + new path,
main/docs/ja-jp/quickstart/backend/django/02-using.mdx,299,ja-jp,https://manage.auth0.com/#/apis,rewritten,https://manage.auth0.com/dashboard/#/apis,http → https + new path,
main/docs/ja-jp/quickstart/backend/django/_index.mdx,45,ja-jp,https://manage.auth0.com/#/apis,rewritten,https://manage.auth0.com/dashboard/#/apis,http → https + new path,
main/docs/ja-jp/quickstart/backend/django/_index.mdx,122,ja-jp,https://manage.auth0.com/#/apis,rewritten,https://manage.auth0.com/dashboard/#/apis,http → https + new path,
main/docs/ja-jp/quickstart/backend/django/_index.mdx,301,ja-jp,https://manage.auth0.com/dashboard/us/dev-gja8kxz4ndtex3rq,rewritten,https://manage.auth0.com/dashboard/#/,path changed,
main/docs/ja-jp/quickstart/backend/django/index.mdx,23,ja-jp,https://manage.auth0.com/#/apis,rewritten,https://manage.auth0.com/dashboard/#/apis,http → https + new path,
main/docs/ja-jp/quickstart/backend/django/index.mdx,33,ja-jp,https://manage.auth0.com/#/apis,rewritten,https://manage.auth0.com/dashboard/#/apis,http → https + new path,
main/docs/ja-jp/quickstart/backend/django/interactive.mdx,50,ja-jp,https://manage.auth0.com/#/apis,rewritten,https://manage.auth0.com/dashboard/#/apis,http → https + new path,
main/docs/ja-jp/quickstart/backend/django/interactive.mdx,111,ja-jp,https://manage.auth0.com/#/apis,rewritten,https://manage.auth0.com/dashboard/#/apis,http → https + new path,
main/docs/ja-jp/quickstart/backend/django/interactive.mdx,282,ja-jp,https://manage.auth0.com/dashboard/us/dev-gja8kxz4ndtex3rq,rewritten,https://manage.auth0.com/dashboard/#/,path changed,
main/docs/ja-jp/quickstart/backend/express-api-beta.mdx,115,ja-jp,https://manage.auth0.com/,unchanged-root,,,
main/docs/ja-jp/quickstart/backend/express-api-beta.mdx,219,ja-jp,https://manage.auth0.com/,unchanged-root,,,
main/docs/ja-jp/quickstart/backend/express-api-beta.mdx,349,ja-jp,https://manage.auth0.com/,unchanged-root,,,
main/docs/ja-jp/quickstart/backend/fastapi.mdx,299,ja-jp,https://manage.auth0.com/#/apis,rewritten,https://manage.auth0.com/dashboard/#/apis,http → https + new path,
main/docs/ja-jp/quickstart/backend/fastapi.mdx,447,ja-jp,https://manage.auth0.com/#/apis,rewritten,https://manage.auth0.com/dashboard/#/apis,http → https + new path,
main/docs/ja-jp/quickstart/backend/fastify/index.mdx,143,ja-jp,https://manage.auth0.com/dashboard/,rewritten,https://manage.auth0.com/dashboard/#/,path changed,
main/docs/ja-jp/quickstart/backend/golang.mdx,140,ja-jp,https://manage.auth0.com/dashboard/,rewritten,https://manage.auth0.com/dashboard/#/,path changed,
main/docs/ja-jp/quickstart/backend/golang.mdx,576,ja-jp,https://manage.auth0.com/#/apis,rewritten,https://manage.auth0.com/dashboard/#/apis,http → https + new path,
main/docs/ja-jp/quickstart/backend/golang.mdx,695,ja-jp,https://manage.auth0.com/#/applications,rewritten,https://manage.auth0.com/dashboard/#/applications,http → https + new path,
main/docs/ja-jp/quickstart/backend/java-spring-security5/02-using.mdx,148,ja-jp,https://manage.auth0.com/#/applications,rewritten,https://manage.auth0.com/dashboard/#/applications,http → https + new path,
main/docs/ja-jp/quickstart/backend/java-spring-security5/02-using.mdx,299,ja-jp,https://manage.auth0.com/#/apis,rewritten,https://manage.auth0.com/dashboard/#/apis,http → https + new path,
main/docs/ja-jp/quickstart/backend/java-spring-security5/index.mdx,172,ja-jp,https://manage.auth0.com,unchanged-root,,,
main/docs/ja-jp/quickstart/backend/java-spring-security5/index.mdx,309,ja-jp,https://manage.auth0.com/#/applications,rewritten,https://manage.auth0.com/dashboard/#/applications,http → https + new path,
main/docs/ja-jp/quickstart/backend/java-spring-security5/index.mdx,359,ja-jp,https://manage.auth0.com,unchanged-root,,,
main/docs/ja-jp/quickstart/backend/java-spring-security5/index.mdx,536,ja-jp,https://manage.auth0.com/,unchanged-root,,,
main/docs/ja-jp/quickstart/backend/laravel/_index.mdx,185,ja-jp,https://manage.auth0.com/#/apis/,rewritten,https://manage.auth0.com/dashboard/#/apis,http → https + new path,
main/docs/ja-jp/quickstart/backend/laravel/_index.mdx,234,ja-jp,https://manage.auth0.com/#/apis,rewritten,https://manage.auth0.com/dashboard/#/apis,http → https + new path,
main/docs/ja-jp/quickstart/backend/laravel/_index.mdx,277,ja-jp,https://manage.auth0.com/dashboard/us/dev-gja8kxz4ndtex3rq,rewritten,https://manage.auth0.com/dashboard/#/,path changed,
main/docs/ja-jp/quickstart/backend/laravel/index.mdx,146,ja-jp,https://manage.auth0.com/#/apis/,rewritten,https://manage.auth0.com/dashboard/#/apis,http → https + new path,
main/docs/ja-jp/quickstart/backend/laravel/index.mdx,189,ja-jp,https://manage.auth0.com/#/apis,rewritten,https://manage.auth0.com/dashboard/#/apis,http → https + new path,
main/docs/ja-jp/quickstart/backend/laravel/index.mdx,229,ja-jp,https://manage.auth0.com/#/apis/,rewritten,https://manage.auth0.com/dashboard/#/apis,http → https + new path,
main/docs/ja-jp/quickstart/backend/laravel/interactive.mdx,182,ja-jp,https://manage.auth0.com/#/apis/,rewritten,https://manage.auth0.com/dashboard/#/apis,http → https + new path,
main/docs/ja-jp/quickstart/backend/laravel/interactive.mdx,228,ja-jp,https://manage.auth0.com/#/apis,rewritten,https://manage.auth0.com/dashboard/#/apis,http → https + new path,
main/docs/ja-jp/quickstart/backend/laravel/interactive.mdx,269,ja-jp,https://manage.auth0.com/dashboard/us/dev-gja8kxz4ndtex3rq,rewritten,https://manage.auth0.com/dashboard/#/,path changed,
main/docs/ja-jp/quickstart/backend/nodejs.mdx,142,ja-jp,https://manage.auth0.com/dashboard/,rewritten,https://manage.auth0.com/dashboard/#/,path changed,
main/docs/ja-jp/quickstart/backend/nodejs.mdx,317,ja-jp,https://manage.auth0.com/,unchanged-root,,,
main/docs/ja-jp/quickstart/backend/nodejs.mdx,360,ja-jp,https://manage.auth0.com/,unchanged-root,,,
main/docs/ja-jp/quickstart/backend/php/_index.mdx,41,ja-jp,https://manage.auth0.com/#/,unchanged-root,,,
main/docs/ja-jp/quickstart/backend/php/_index.mdx,48,ja-jp,https://manage.auth0.com/#/,unchanged-root,,,
main/docs/ja-jp/quickstart/backend/php/_index.mdx,176,ja-jp,https://manage.auth0.com/dashboard/us/dev-gja8kxz4ndtex3rq,rewritten,https://manage.auth0.com/dashboard/#/,path changed,
main/docs/ja-jp/quickstart/backend/php/index.mdx,23,ja-jp,https://manage.auth0.com/#/apis,rewritten,https://manage.auth0.com/dashboard/#/apis,http → https + new path,
main/docs/ja-jp/quickstart/backend/php/index.mdx,33,ja-jp,https://manage.auth0.com/#/apis,rewritten,https://manage.auth0.com/dashboard/#/apis,http → https + new path,
main/docs/ja-jp/quickstart/backend/php/interactive.mdx,47,ja-jp,https://manage.auth0.com/#/,unchanged-root,,,
main/docs/ja-jp/quickstart/backend/php/interactive.mdx,54,ja-jp,https://manage.auth0.com/#/,unchanged-root,,,
main/docs/ja-jp/quickstart/backend/php/interactive.mdx,152,ja-jp,https://manage.auth0.com/dashboard/us/dev-gja8kxz4ndtex3rq,rewritten,https://manage.auth0.com/dashboard/#/,path changed,
main/docs/ja-jp/quickstart/backend/python/02-using.mdx,148,ja-jp,https://manage.auth0.com/#/applications,rewritten,https://manage.auth0.com/dashboard/#/applications,http → https + new path,
main/docs/ja-jp/quickstart/backend/python/02-using.mdx,299,ja-jp,https://manage.auth0.com/#/apis,rewritten,https://manage.auth0.com/dashboard/#/apis,http → https + new path,
main/docs/ja-jp/quickstart/backend/python/index.mdx,65,ja-jp,https://manage.auth0.com/,unchanged-root,,,
main/docs/ja-jp/quickstart/backend/python/index.mdx,101,ja-jp,https://manage.auth0.com/,unchanged-root,,,
main/docs/ja-jp/quickstart/backend/python/index.mdx,247,ja-jp,https://manage.auth0.com/,unchanged-root,,,
main/docs/ja-jp/quickstart/backend/python/index.mdx,544,ja-jp,https://manage.auth0.com/,unchanged-root,,,
main/docs/ja-jp/quickstart/backend/rails/02-using.mdx,148,ja-jp,https://manage.auth0.com/#/applications,rewritten,https://manage.auth0.com/dashboard/#/applications,http → https + new path,
main/docs/ja-jp/quickstart/backend/rails/02-using.mdx,299,ja-jp,https://manage.auth0.com/#/apis,rewritten,https://manage.auth0.com/dashboard/#/apis,http → https + new path,
main/docs/ja-jp/quickstart/backend/rails/_index.mdx,47,ja-jp,https://manage.auth0.com/#/apis,rewritten,https://manage.auth0.com/dashboard/#/apis,http → https + new path,
main/docs/ja-jp/quickstart/backend/rails/_index.mdx,166,ja-jp,https://manage.auth0.com/#/apis,rewritten,https://manage.auth0.com/dashboard/#/apis,http → https + new path,
main/docs/ja-jp/quickstart/backend/rails/_index.mdx,366,ja-jp,https://manage.auth0.com/dashboard/us/dev-gja8kxz4ndtex3rq,rewritten,https://manage.auth0.com/dashboard/#/,path changed,
main/docs/ja-jp/quickstart/backend/rails/index.mdx,21,ja-jp,https://manage.auth0.com/#/apis,rewritten,https://manage.auth0.com/dashboard/#/apis,http → https + new path,
main/docs/ja-jp/quickstart/backend/rails/index.mdx,35,ja-jp,https://manage.auth0.com/#/apis,rewritten,https://manage.auth0.com/dashboard/#/apis,http → https + new path,
main/docs/ja-jp/quickstart/backend/rails/interactive.mdx,53,ja-jp,https://manage.auth0.com/#/apis,rewritten,https://manage.auth0.com/dashboard/#/apis,http → https + new path,
main/docs/ja-jp/quickstart/backend/rails/interactive.mdx,120,ja-jp,https://manage.auth0.com/#/apis,rewritten,https://manage.auth0.com/dashboard/#/apis,http → https + new path,
main/docs/ja-jp/quickstart/backend/rails/interactive.mdx,307,ja-jp,https://manage.auth0.com/dashboard/us/dev-gja8kxz4ndtex3rq,rewritten,https://manage.auth0.com/dashboard/#/,path changed,
main/docs/ja-jp/quickstart/backend/webapi-owin.mdx,32,ja-jp,https://manage.auth0.com/#/apis,rewritten,https://manage.auth0.com/dashboard/#/apis,http → https + new path,
main/docs/ja-jp/quickstart/backend/webapi-owin.mdx,42,ja-jp,https://manage.auth0.com/#/apis,rewritten,https://manage.auth0.com/dashboard/#/apis,http → https + new path,
main/docs/ja-jp/quickstart/native/android-facebook-login.mdx,79,ja-jp,https://manage.auth0.com/,unchanged-root,,,
main/docs/ja-jp/quickstart/native/android.mdx,108,ja-jp,https://manage.auth0.com/dashboard/,rewritten,https://manage.auth0.com/dashboard/#/,path changed,
main/docs/ja-jp/quickstart/native/android.mdx,382,ja-jp,https://manage.auth0.com/#/applications,rewritten,https://manage.auth0.com/dashboard/#/applications,http → https + new path,
main/docs/ja-jp/quickstart/native/android.mdx,438,ja-jp,https://manage.auth0.com/#/applications,rewritten,https://manage.auth0.com/dashboard/#/applications,http → https + new path,
main/docs/ja-jp/quickstart/native/device/_index.mdx,493,ja-jp,https://manage.auth0.com/dashboard/us/dev-gja8kxz4ndtex3rq,rewritten,https://manage.auth0.com/dashboard/#/,path changed,
main/docs/ja-jp/quickstart/native/device/index.mdx,34,ja-jp,https://manage.auth0.com/#,unchanged-root,,,
main/docs/ja-jp/quickstart/native/device/index.mdx,35,ja-jp,https://manage.auth0.com/#,unchanged-root,,,
main/docs/ja-jp/quickstart/native/device/index.mdx,221,ja-jp,https://manage.auth0.com/#/Applications/\{yourClientId}/settings,rewritten,https://manage.auth0.com/dashboard/#/applications/{yourClientId}/settings,path changed,
main/docs/ja-jp/quickstart/native/device/index.mdx,222,ja-jp,https://manage.auth0.com/#/apis,rewritten,https://manage.auth0.com/dashboard/#/apis,http → https + new path,
main/docs/ja-jp/quickstart/native/device/index.mdx,223,ja-jp,https://manage.auth0.com/#/apis,rewritten,https://manage.auth0.com/dashboard/#/apis,http → https + new path,
main/docs/ja-jp/quickstart/native/device/index.mdx,435,ja-jp,https://manage.auth0.com/#/Applications/\{yourClientId}/settings,rewritten,https://manage.auth0.com/dashboard/#/applications/{yourClientId}/settings,path changed,
main/docs/ja-jp/quickstart/native/device/index.mdx,860,ja-jp,https://manage.auth0.com/#/Applications/\{yourClientId}/settings,rewritten,https://manage.auth0.com/dashboard/#/applications/{yourClientId}/settings,path changed,
main/docs/ja-jp/quickstart/native/device/index.mdx,861,ja-jp,https://manage.auth0.com/#/Applications/\{yourClientSecret}/settings,rewritten,https://manage.auth0.com/dashboard/#/applications/{yourClientId}/settings,path changed,
main/docs/ja-jp/quickstart/native/device/interactive.mdx,470,ja-jp,https://manage.auth0.com/dashboard/us/dev-gja8kxz4ndtex3rq,rewritten,https://manage.auth0.com/dashboard/#/,path changed,
main/docs/ja-jp/quickstart/native/flutter-windows.mdx,98,ja-jp,https://manage.auth0.com/,unchanged-root,,,
main/docs/ja-jp/quickstart/native/flutter-windows.mdx,273,ja-jp,https://manage.auth0.com/,unchanged-root,,,
main/docs/ja-jp/quickstart/native/flutter-windows.mdx,282,ja-jp,https://manage.auth0.com/,unchanged-root,,,
main/docs/ja-jp/quickstart/native/flutter-windows.mdx,306,ja-jp,https://manage.auth0.com/,unchanged-root,,,
main/docs/ja-jp/quickstart/native/flutter.mdx,94,ja-jp,https://manage.auth0.com/dashboard/,rewritten,https://manage.auth0.com/dashboard/#/,path changed,
main/docs/ja-jp/quickstart/native/flutter.mdx,186,ja-jp,https://manage.auth0.com/#/applications,rewritten,https://manage.auth0.com/dashboard/#/applications,http → https + new path,
main/docs/ja-jp/quickstart/native/ionic-angular.mdx,98,ja-jp,https://manage.auth0.com/dashboard/,rewritten,https://manage.auth0.com/dashboard/#/,path changed,
main/docs/ja-jp/quickstart/native/ionic-angular.mdx,151,ja-jp,https://manage.auth0.com/dashboard/,rewritten,https://manage.auth0.com/dashboard/#/,path changed,
main/docs/ja-jp/quickstart/native/ionic-angular.mdx,709,ja-jp,https://manage.auth0.com/dashboard/,rewritten,https://manage.auth0.com/dashboard/#/,path changed,
main/docs/ja-jp/quickstart/native/ionic-angular.mdx,750,ja-jp,https://manage.auth0.com/dashboard/,rewritten,https://manage.auth0.com/dashboard/#/,path changed,
main/docs/ja-jp/quickstart/native/ionic-react.mdx,108,ja-jp,https://manage.auth0.com/dashboard/,rewritten,https://manage.auth0.com/dashboard/#/,path changed,
main/docs/ja-jp/quickstart/native/ionic-react.mdx,160,ja-jp,https://manage.auth0.com/dashboard/,rewritten,https://manage.auth0.com/dashboard/#/,path changed,
main/docs/ja-jp/quickstart/native/ionic-vue.mdx,123,ja-jp,https://manage.auth0.com/dashboard/,rewritten,https://manage.auth0.com/dashboard/#/,path changed,
main/docs/ja-jp/quickstart/native/ionic-vue.mdx,163,ja-jp,https://manage.auth0.com/#/applications,rewritten,https://manage.auth0.com/dashboard/#/applications,http → https + new path,
main/docs/ja-jp/quickstart/native/ios-swift-facebook-login.mdx,85,ja-jp,https://manage.auth0.com/,unchanged-root,,,
main/docs/ja-jp/quickstart/native/ios-swift.mdx,106,ja-jp,https://manage.auth0.com/dashboard/,rewritten,https://manage.auth0.com/dashboard/#/,path changed,
main/docs/ja-jp/quickstart/native/kotlin-multiplatform.mdx,87,ja-jp,https://manage.auth0.com/dashboard/,rewritten,https://manage.auth0.com/dashboard/#/,path changed,
main/docs/ja-jp/quickstart/native/maui.mdx,64,ja-jp,https://manage.auth0.com/dashboard/,rewritten,https://manage.auth0.com/dashboard/#/,path changed,
main/docs/ja-jp/quickstart/native/net-android-ios/index.mdx,143,ja-jp,https://manage.auth0.com/dashboard/,rewritten,https://manage.auth0.com/dashboard/#/,path changed,
main/docs/ja-jp/quickstart/native/net-android-ios/interactive.mdx,53,ja-jp,https://manage.auth0.com/#/,unchanged-root,,,
main/docs/ja-jp/quickstart/native/net-android-ios/interactive.mdx,90,ja-jp,https://manage.auth0.com/#/applications/,rewritten,https://manage.auth0.com/dashboard/#/applications,http → https + new path,
main/docs/ja-jp/quickstart/native/net-android-ios/interactive.mdx,274,ja-jp,https://manage.auth0.com/dashboard/us/dev-gja8kxz4ndtex3rq,rewritten,https://manage.auth0.com/dashboard/#/,path changed,
main/docs/ja-jp/quickstart/native/react-native-expo.mdx,117,ja-jp,https://manage.auth0.com/dashboard/,rewritten,https://manage.auth0.com/dashboard/#/,path changed,
main/docs/ja-jp/quickstart/native/react-native.mdx,78,ja-jp,https://manage.auth0.com/dashboard/,rewritten,https://manage.auth0.com/dashboard/#/,path changed,
main/docs/ja-jp/quickstart/native/windows-uwp-csharp.mdx,36,ja-jp,https://manage.auth0.com/,unchanged-root,,,
main/docs/ja-jp/quickstart/native/wpf-winforms.mdx,83,ja-jp,https://manage.auth0.com,unchanged-root,,,
main/docs/ja-jp/quickstart/spa/angular.mdx,137,ja-jp,https://manage.auth0.com/dashboard/,rewritten,https://manage.auth0.com/dashboard/#/,path changed,
main/docs/ja-jp/quickstart/spa/capn-web.mdx,1225,ja-jp,https://manage.auth0.com/dashboard/,rewritten,https://manage.auth0.com/dashboard/#/,path changed,
main/docs/ja-jp/quickstart/spa/flutter.mdx,128,ja-jp,https://manage.auth0.com/dashboard/,rewritten,https://manage.auth0.com/dashboard/#/,path changed,
main/docs/ja-jp/quickstart/spa/react.mdx,125,ja-jp,https://manage.auth0.com/dashboard/,rewritten,https://manage.auth0.com/dashboard/#/,path changed,
main/docs/ja-jp/quickstart/spa/svelte.mdx,198,ja-jp,https://manage.auth0.com/dashboard/,rewritten,https://manage.auth0.com/dashboard/#/,path changed,
main/docs/ja-jp/quickstart/spa/vanillajs.mdx,936,ja-jp,https://manage.auth0.com/dashboard/,rewritten,https://manage.auth0.com/dashboard/#/,path changed,
main/docs/ja-jp/quickstart/spa/vuejs.mdx,126,ja-jp,https://manage.auth0.com/dashboard/,rewritten,https://manage.auth0.com/dashboard/#/,path changed,
main/docs/ja-jp/quickstart/webapp/apache/index.mdx,88,ja-jp,https://manage.auth0.com/,unchanged-root,,,
main/docs/ja-jp/quickstart/webapp/apache/index.mdx,126,ja-jp,https://manage.auth0.com/,unchanged-root,,,
main/docs/ja-jp/quickstart/webapp/aspnet-core-blazor-server.mdx,121,ja-jp,https://manage.auth0.com/dashboard/,rewritten,https://manage.auth0.com/dashboard/#/,path changed,
main/docs/ja-jp/quickstart/webapp/aspnet-core.mdx,120,ja-jp,https://manage.auth0.com/dashboard/,rewritten,https://manage.auth0.com/dashboard/#/,path changed,
main/docs/ja-jp/quickstart/webapp/aspnet-owin.mdx,73,ja-jp,https://manage.auth0.com/#/applications,rewritten,https://manage.auth0.com/dashboard/#/applications,http → https + new path,
main/docs/ja-jp/quickstart/webapp/django/_index.mdx,44,ja-jp,https://manage.auth0.com/dashboard/us/auth0-dsepaid/,rewritten,https://manage.auth0.com/dashboard/#/,path changed,
main/docs/ja-jp/quickstart/webapp/django/_index.mdx,248,ja-jp,https://manage.auth0.com/dashboard/us/dev-gja8kxz4ndtex3rq,rewritten,https://manage.auth0.com/dashboard/#/,path changed,
main/docs/ja-jp/quickstart/webapp/django/index.mdx,23,ja-jp,https://manage.auth0.com/#/applications,rewritten,https://manage.auth0.com/dashboard/#/applications,http → https + new path,
main/docs/ja-jp/quickstart/webapp/django/index.mdx,39,ja-jp,https://manage.auth0.com/#/applications,rewritten,https://manage.auth0.com/dashboard/#/applications,http → https + new path,
main/docs/ja-jp/quickstart/webapp/django/index.mdx,47,ja-jp,https://manage.auth0.com/#/applications,rewritten,https://manage.auth0.com/dashboard/#/applications,http → https + new path,
main/docs/ja-jp/quickstart/webapp/django/interactive.mdx,47,ja-jp,https://manage.auth0.com/dashboard/us/auth0-dsepaid/,rewritten,https://manage.auth0.com/dashboard/#/,path changed,
main/docs/ja-jp/quickstart/webapp/django/interactive.mdx,192,ja-jp,https://manage.auth0.com/dashboard/us/dev-gja8kxz4ndtex3rq,rewritten,https://manage.auth0.com/dashboard/#/,path changed,
main/docs/ja-jp/quickstart/webapp/express-beta.mdx,146,ja-jp,https://manage.auth0.com/,unchanged-root,,,
main/docs/ja-jp/quickstart/webapp/express-beta.mdx,410,ja-jp,https://manage.auth0.com/,unchanged-root,,,
main/docs/ja-jp/quickstart/webapp/express.mdx,151,ja-jp,https://manage.auth0.com/dashboard/,rewritten,https://manage.auth0.com/dashboard/#/,path changed,
main/docs/ja-jp/quickstart/webapp/fastapi.mdx,493,ja-jp,https://manage.auth0.com/dashboard/,rewritten,https://manage.auth0.com/dashboard/#/,path changed,
main/docs/ja-jp/quickstart/webapp/fastapi.mdx,1067,ja-jp,https://manage.auth0.com/,unchanged-root,,,
main/docs/ja-jp/quickstart/webapp/fastify.mdx,160,ja-jp,https://manage.auth0.com/dashboard/,rewritten,https://manage.auth0.com/dashboard/#/,path changed,
main/docs/ja-jp/quickstart/webapp/golang.mdx,141,ja-jp,https://manage.auth0.com/dashboard/,rewritten,https://manage.auth0.com/dashboard/#/,path changed,
main/docs/ja-jp/quickstart/webapp/hono.mdx,107,ja-jp,https://manage.auth0.com/dashboard/,rewritten,https://manage.auth0.com/dashboard/#/,path changed,
main/docs/ja-jp/quickstart/webapp/java-ee.mdx,144,ja-jp,https://manage.auth0.com/#/applications,rewritten,https://manage.auth0.com/dashboard/#/applications,http → https + new path,
main/docs/ja-jp/quickstart/webapp/java-spring-boot.mdx,159,ja-jp,https://manage.auth0.com,unchanged-root,,,
main/docs/ja-jp/quickstart/webapp/java-spring-boot.mdx,404,ja-jp,https://manage.auth0.com,unchanged-root,,,
main/docs/ja-jp/quickstart/webapp/java-spring-boot.mdx,486,ja-jp,https://manage.auth0.com,unchanged-root,,,
main/docs/ja-jp/quickstart/webapp/java-spring-boot.mdx,570,ja-jp,https://manage.auth0.com/,unchanged-root,,,
main/docs/ja-jp/quickstart/webapp/java.mdx,128,ja-jp,https://manage.auth0.com/dashboard,rewritten,https://manage.auth0.com/dashboard/#/,path changed,
main/docs/ja-jp/quickstart/webapp/java.mdx,652,ja-jp,https://manage.auth0.com/,unchanged-root,,,
main/docs/ja-jp/quickstart/webapp/laravel/_index.mdx,173,ja-jp,https://manage.auth0.com/dashboard/us/dev-gja8kxz4ndtex3rq/apis/,rewritten,https://manage.auth0.com/dashboard/#/apis,path changed,
main/docs/ja-jp/quickstart/webapp/laravel/_index.mdx,255,ja-jp,https://manage.auth0.com/dashboard/us/dev-gja8kxz4ndtex3rq,rewritten,https://manage.auth0.com/dashboard/#/,path changed,
main/docs/ja-jp/quickstart/webapp/laravel/index.mdx,144,ja-jp,https://manage.auth0.com/#/apis/,rewritten,https://manage.auth0.com/dashboard/#/apis,http → https + new path,
main/docs/ja-jp/quickstart/webapp/laravel/index.mdx,200,ja-jp,https://manage.auth0.com/#/apis/,rewritten,https://manage.auth0.com/dashboard/#/apis,http → https + new path,
main/docs/ja-jp/quickstart/webapp/laravel/interactive.mdx,127,ja-jp,https://manage.auth0.com/,unchanged-root,,,
main/docs/ja-jp/quickstart/webapp/laravel/interactive.mdx,244,ja-jp,https://manage.auth0.com/,unchanged-root,,,
main/docs/ja-jp/quickstart/webapp/laravel/interactive.mdx,310,ja-jp,https://manage.auth0.com/,unchanged-root,,,
main/docs/ja-jp/quickstart/webapp/laravel/interactive.mdx,374,ja-jp,https://manage.auth0.com/,unchanged-root,,,
main/docs/ja-jp/quickstart/webapp/laravel/interactive.mdx,389,ja-jp,https://manage.auth0.com/,unchanged-root,,,
main/docs/ja-jp/quickstart/webapp/nextjs.mdx,167,ja-jp,https://manage.auth0.com/dashboard/,rewritten,https://manage.auth0.com/dashboard/#/,path changed,
main/docs/ja-jp/quickstart/webapp/nginx-plus/_index.mdx,163,ja-jp,https://manage.auth0.com/dashboard/us/dev-gja8kxz4ndtex3rq,rewritten,https://manage.auth0.com/dashboard/#/,path changed,
main/docs/ja-jp/quickstart/webapp/nginx-plus/interactive.mdx,118,ja-jp,https://manage.auth0.com/dashboard/us/dev-gja8kxz4ndtex3rq,rewritten,https://manage.auth0.com/dashboard/#/,path changed,
main/docs/ja-jp/quickstart/webapp/nuxt.mdx,117,ja-jp,https://manage.auth0.com/dashboard/,rewritten,https://manage.auth0.com/dashboard/#/,path changed,
main/docs/ja-jp/quickstart/webapp/php/_index.mdx,42,ja-jp,https://manage.auth0.com/#/,unchanged-root,,,
main/docs/ja-jp/quickstart/webapp/php/_index.mdx,272,ja-jp,https://manage.auth0.com/dashboard/us/dev-gja8kxz4ndtex3rq,rewritten,https://manage.auth0.com/dashboard/#/,path changed,
main/docs/ja-jp/quickstart/webapp/php/index.mdx,23,ja-jp,https://manage.auth0.com/#/applications,rewritten,https://manage.auth0.com/dashboard/#/applications,http → https + new path,
main/docs/ja-jp/quickstart/webapp/php/index.mdx,39,ja-jp,https://manage.auth0.com/#/applications,rewritten,https://manage.auth0.com/dashboard/#/applications,http → https + new path,
main/docs/ja-jp/quickstart/webapp/php/index.mdx,47,ja-jp,https://manage.auth0.com/#/applications,rewritten,https://manage.auth0.com/dashboard/#/applications,http → https + new path,
main/docs/ja-jp/quickstart/webapp/php/interactive.mdx,47,ja-jp,https://manage.auth0.com/#/,unchanged-root,,,
main/docs/ja-jp/quickstart/webapp/php/interactive.mdx,208,ja-jp,https://manage.auth0.com/dashboard/us/dev-gja8kxz4ndtex3rq,rewritten,https://manage.auth0.com/dashboard/#/,path changed,
main/docs/ja-jp/quickstart/webapp/python.mdx,109,ja-jp,https://manage.auth0.com/dashboard/,rewritten,https://manage.auth0.com/dashboard/#/,path changed,
main/docs/ja-jp/quickstart/webapp/python.mdx,736,ja-jp,https://manage.auth0.com/dashboard/,rewritten,https://manage.auth0.com/dashboard/#/,path changed,
main/docs/ja-jp/quickstart/webapp/rails/_index.mdx,40,ja-jp,https://manage.auth0.com/#/,unchanged-root,,,
main/docs/ja-jp/quickstart/webapp/rails/_index.mdx,279,ja-jp,https://manage.auth0.com/dashboard/us/dev-gja8kxz4ndtex3rq,rewritten,https://manage.auth0.com/dashboard/#/,path changed,
main/docs/ja-jp/quickstart/webapp/rails/index.mdx,23,ja-jp,https://manage.auth0.com/#/applications,rewritten,https://manage.auth0.com/dashboard/#/applications,http → https + new path,
main/docs/ja-jp/quickstart/webapp/rails/index.mdx,39,ja-jp,https://manage.auth0.com/#/applications,rewritten,https://manage.auth0.com/dashboard/#/applications,http → https + new path,
main/docs/ja-jp/quickstart/webapp/rails/index.mdx,47,ja-jp,https://manage.auth0.com/#/applications,rewritten,https://manage.auth0.com/dashboard/#/applications,http → https + new path,
main/docs/ja-jp/quickstart/webapp/rails/interactive.mdx,45,ja-jp,https://manage.auth0.com/#/,unchanged-root,,,
main/docs/ja-jp/quickstart/webapp/rails/interactive.mdx,217,ja-jp,https://manage.auth0.com/dashboard/us/dev-gja8kxz4ndtex3rq,rewritten,https://manage.auth0.com/dashboard/#/,path changed,
main/docs/ja-jp/quickstart/webapp/tanstack-start.mdx,185,ja-jp,https://manage.auth0.com/dashboard/,rewritten,https://manage.auth0.com/dashboard/#/,path changed,
main/docs/ja-jp/secure/attack-protection.mdx,9,ja-jp,https://manage.auth0.com/#/security/attack-protection,rewritten,https://manage.auth0.com/dashboard/#/security/attack-protection,add /dashboard/ prefix,
main/docs/ja-jp/secure/attack-protection/bot-detection.mdx,23,ja-jp,https://manage.auth0.com/#,unchanged-root,,,
main/docs/ja-jp/secure/attack-protection/bot-detection.mdx,25,ja-jp,https://manage.auth0.com/#/security/attack-protection,rewritten,https://manage.auth0.com/dashboard/#/security/attack-protection,add /dashboard/ prefix,
main/docs/ja-jp/secure/attack-protection/bot-detection.mdx,31,ja-jp,https://manage.auth0.com/#/tenant/billing/subscription,rewritten,https://manage.auth0.com/dashboard/#/tenant/billing/subscription,add /dashboard/ prefix,
main/docs/ja-jp/secure/attack-protection/bot-detection.mdx,78,ja-jp,https://manage.auth0.com/#/security/attack-protection,rewritten,https://manage.auth0.com/dashboard/#/security/attack-protection,add /dashboard/ prefix,
main/docs/ja-jp/secure/attack-protection/bot-detection.mdx,98,ja-jp,https://manage.auth0.com/#/security/attack-protection,rewritten,https://manage.auth0.com/dashboard/#/security/attack-protection,add /dashboard/ prefix,
main/docs/ja-jp/secure/attack-protection/bot-detection/bot-detection-custom-login-pages.mdx,18,ja-jp,https://manage.auth0.com/#/login_settings,rewritten,https://manage.auth0.com/dashboard/#/login_settings,add /dashboard/ prefix,
main/docs/ja-jp/secure/attack-protection/bot-detection/bot-detection-passwordless-flows.mdx,18,ja-jp,https://manage.auth0.com/dashboard,rewritten,https://manage.auth0.com/dashboard/#/,path changed,
main/docs/ja-jp/secure/attack-protection/bot-detection/bot-detection-passwordless-flows.mdx,18,ja-jp,https://manage.auth0.com/dashboard/#/security/attack-protection/bot-detection,unchanged-new,,already in new form,
main/docs/ja-jp/secure/attack-protection/breached-password-detection.mdx,35,ja-jp,https://manage.auth0.com/#/security/attack-protection,rewritten,https://manage.auth0.com/dashboard/#/security/attack-protection,add /dashboard/ prefix,
main/docs/ja-jp/secure/attack-protection/breached-password-detection.mdx,47,ja-jp,https://manage.auth0.com/#/tenant/billing/subscription,rewritten,https://manage.auth0.com/dashboard/#/tenant/billing/subscription,add /dashboard/ prefix,
main/docs/ja-jp/secure/attack-protection/breached-password-detection.mdx,54,ja-jp,https://manage.auth0.com/#/security/attack-protection,rewritten,https://manage.auth0.com/dashboard/#/security/attack-protection,add /dashboard/ prefix,
main/docs/ja-jp/secure/attack-protection/breached-password-detection.mdx,64,ja-jp,https://manage.auth0.com/#/security/attack-protection,rewritten,https://manage.auth0.com/dashboard/#/security/attack-protection,add /dashboard/ prefix,
main/docs/ja-jp/secure/attack-protection/breached-password-detection.mdx,80,ja-jp,https://manage.auth0.com/#/security/attack-protection,rewritten,https://manage.auth0.com/dashboard/#/security/attack-protection,add /dashboard/ prefix,
main/docs/ja-jp/secure/attack-protection/breached-password-detection.mdx,109,ja-jp,https://manage.auth0.com/#/templates,rewritten,https://manage.auth0.com/dashboard/#/pages,path changed,
main/docs/ja-jp/secure/attack-protection/breached-password-detection.mdx,127,ja-jp,https://manage.auth0.com/#/logs,rewritten,https://manage.auth0.com/dashboard/#/logging/logs,path changed,
main/docs/ja-jp/secure/attack-protection/breached-password-detection.mdx,134,ja-jp,https://manage.auth0.com/#/users,rewritten,https://manage.auth0.com/dashboard/#/users,add /dashboard/ prefix,
main/docs/ja-jp/secure/attack-protection/breached-password-detection.mdx,137,ja-jp,https://manage.auth0.com/#/logs,rewritten,https://manage.auth0.com/dashboard/#/logging/logs,path changed,
main/docs/ja-jp/secure/attack-protection/breached-password-detection.mdx,139,ja-jp,https://manage.auth0.com/#/users,rewritten,https://manage.auth0.com/dashboard/#/users,add /dashboard/ prefix,
main/docs/ja-jp/secure/attack-protection/breached-password-detection.mdx,145,ja-jp,https://manage.auth0.com/#/users,rewritten,https://manage.auth0.com/dashboard/#/users,add /dashboard/ prefix,
main/docs/ja-jp/secure/attack-protection/breached-password-detection.mdx,148,ja-jp,https://manage.auth0.com/#/logs,rewritten,https://manage.auth0.com/dashboard/#/logging/logs,path changed,
main/docs/ja-jp/secure/attack-protection/breached-password-detection.mdx,150,ja-jp,https://manage.auth0.com/#/users,rewritten,https://manage.auth0.com/dashboard/#/users,add /dashboard/ prefix,
main/docs/ja-jp/secure/attack-protection/brute-force-protection.mdx,20,ja-jp,https://manage.auth0.com/#/security/attack-protection/brute-force,rewritten,https://manage.auth0.com/dashboard/#/security/attack-protection/brute-force,add /dashboard/ prefix,
main/docs/ja-jp/secure/attack-protection/configure-akamai-supplemental-signals.mdx,513,ja-jp,https://manage.auth0.com/dashboard/#/security/attack-protection,unchanged-new,,already in new form,
main/docs/ja-jp/secure/attack-protection/playbooks/signup-attack-playbook.mdx,20,ja-jp,https://manage.auth0.com/#/security/center/overview,rewritten,https://manage.auth0.com/dashboard/#/security/center/overview,add /dashboard/ prefix,
main/docs/ja-jp/secure/attack-protection/suspicious-ip-throttling.mdx,14,ja-jp,https://manage.auth0.com/#,unchanged-root,,,
main/docs/ja-jp/secure/attack-protection/suspicious-ip-throttling.mdx,20,ja-jp,https://manage.auth0.com/#/security/attack-protection,rewritten,https://manage.auth0.com/dashboard/#/security/attack-protection,add /dashboard/ prefix,
main/docs/ja-jp/secure/attack-protection/suspicious-ip-throttling.mdx,29,ja-jp,https://manage.auth0.com/#/security/attack-protection,rewritten,https://manage.auth0.com/dashboard/#/security/attack-protection,add /dashboard/ prefix,
main/docs/ja-jp/secure/attack-protection/suspicious-ip-throttling.mdx,42,ja-jp,https://manage.auth0.com/#/security/attack-protection,rewritten,https://manage.auth0.com/dashboard/#/security/attack-protection,add /dashboard/ prefix,
main/docs/ja-jp/secure/attack-protection/suspicious-ip-throttling.mdx,57,ja-jp,https://manage.auth0.com/#/security/attack-protection,rewritten,https://manage.auth0.com/dashboard/#/security/attack-protection,add /dashboard/ prefix,
main/docs/ja-jp/secure/call-apis-on-users-behalf/on-behalf-of-token-exchange.mdx,280,ja-jp,https://manage.auth0.com/#/apis,rewritten,https://manage.auth0.com/dashboard/#/apis,http → https + new path,
main/docs/ja-jp/secure/call-apis-on-users-behalf/on-behalf-of-token-exchange.mdx,337,ja-jp,https://manage.auth0.com/#/applications,rewritten,https://manage.auth0.com/dashboard/#/applications,http → https + new path,
main/docs/ja-jp/secure/call-apis-on-users-behalf/token-vault/connected-accounts-for-token-vault.mdx,91,ja-jp,https://manage.auth0.com,unchanged-root,,,
main/docs/ja-jp/secure/call-apis-on-users-behalf/token-vault/connected-accounts-for-token-vault.mdx,178,ja-jp,https://manage.auth0.com,unchanged-root,,,
main/docs/ja-jp/secure/data-privacy-and-compliance/gdpr/gdpr-conditions-for-consent.mdx,1074,ja-jp,https://manage.auth0.com/#/rules,rewritten,https://manage.auth0.com/dashboard/#/rules,add /dashboard/ prefix,
main/docs/ja-jp/secure/data-privacy-and-compliance/gdpr/gdpr-data-portability.mdx,16,ja-jp,https://manage.auth0.com/#/users,rewritten,https://manage.auth0.com/dashboard/#/users,add /dashboard/ prefix,
main/docs/ja-jp/secure/data-privacy-and-compliance/gdpr/gdpr-right-to-access-correct-and-erase-data.mdx,16,ja-jp,https://manage.auth0.com/#/users,rewritten,https://manage.auth0.com/dashboard/#/users,add /dashboard/ prefix,
main/docs/ja-jp/secure/data-privacy-and-compliance/gdpr/gdpr-track-consent-with-custom-ui.mdx,51,ja-jp,https://manage.auth0.com/#/applications,rewritten,https://manage.auth0.com/dashboard/#/applications,http → https + new path,
main/docs/ja-jp/secure/data-privacy-and-compliance/gdpr/gdpr-track-consent-with-custom-ui.mdx,57,ja-jp,https://manage.auth0.com/#/connections/database,rewritten,https://manage.auth0.com/dashboard/#/authentication/database,http → https + new path,
main/docs/ja-jp/secure/data-privacy-and-compliance/gdpr/gdpr-track-consent-with-custom-ui.mdx,63,ja-jp,https://manage.auth0.com/#/login_settings,rewritten,https://manage.auth0.com/dashboard/#/login_settings,add /dashboard/ prefix,
main/docs/ja-jp/secure/data-privacy-and-compliance/gdpr/gdpr-track-consent-with-custom-ui.mdx,108,ja-jp,https://manage.auth0.com/#/users,rewritten,https://manage.auth0.com/dashboard/#/users,add /dashboard/ prefix,
main/docs/ja-jp/secure/data-privacy-and-compliance/gdpr/gdpr-track-consent-with-custom-ui.mdx,437,ja-jp,https://manage.auth0.com/#/rules,rewritten,https://manage.auth0.com/dashboard/#/rules,add /dashboard/ prefix,
main/docs/ja-jp/secure/data-privacy-and-compliance/gdpr/gdpr-track-consent-with-custom-ui.mdx,468,ja-jp,https://manage.auth0.com/#/rules,rewritten,https://manage.auth0.com/dashboard/#/rules,add /dashboard/ prefix,
main/docs/ja-jp/secure/data-privacy-and-compliance/gdpr/gdpr-track-consent-with-custom-ui.mdx,486,ja-jp,https://manage.auth0.com/#/users,rewritten,https://manage.auth0.com/dashboard/#/users,add /dashboard/ prefix,
main/docs/ja-jp/secure/data-privacy-and-compliance/gdpr/gdpr-track-consent-with-lock.mdx,44,ja-jp,https://manage.auth0.com/#/applications,rewritten,https://manage.auth0.com/dashboard/#/applications,http → https + new path,
main/docs/ja-jp/secure/data-privacy-and-compliance/gdpr/gdpr-track-consent-with-lock.mdx,49,ja-jp,https://manage.auth0.com/#/connections/database,rewritten,https://manage.auth0.com/dashboard/#/authentication/database,http → https + new path,
main/docs/ja-jp/secure/data-privacy-and-compliance/gdpr/gdpr-track-consent-with-lock.mdx,49,ja-jp,https://manage.auth0.com/#/connections/social,rewritten,https://manage.auth0.com/dashboard/#/connections,path changed,
main/docs/ja-jp/secure/data-privacy-and-compliance/gdpr/gdpr-track-consent-with-lock.mdx,59,ja-jp,https://manage.auth0.com/#/login_page,rewritten,https://manage.auth0.com/dashboard/#/login_page,add /dashboard/ prefix,
main/docs/ja-jp/secure/data-privacy-and-compliance/gdpr/gdpr-track-consent-with-lock.mdx,103,ja-jp,https://manage.auth0.com/#/actions/flows/login/,rewritten,https://manage.auth0.com/dashboard/#/actions/triggers/post-login,path changed,
main/docs/ja-jp/secure/data-privacy-and-compliance/gdpr/gdpr-track-consent-with-lock.mdx,111,ja-jp,https://manage.auth0.com/#/login_page,rewritten,https://manage.auth0.com/dashboard/#/login_page,add /dashboard/ prefix,
main/docs/ja-jp/secure/data-privacy-and-compliance/gdpr/gdpr-track-consent-with-lock.mdx,185,ja-jp,https://manage.auth0.com/#/actions/flows/login/,rewritten,https://manage.auth0.com/dashboard/#/actions/triggers/post-login,path changed,
main/docs/ja-jp/secure/data-privacy-and-compliance/gdpr/gdpr-track-consent-with-lock.mdx,219,ja-jp,https://manage.auth0.com/#/users,rewritten,https://manage.auth0.com/dashboard/#/users,add /dashboard/ prefix,
main/docs/ja-jp/secure/multi-factor-authentication/adaptive-mfa/enable-adaptive-mfa.mdx,20,ja-jp,https://manage.auth0.com/#/security/mfa,rewritten,https://manage.auth0.com/dashboard/#/authentication/mfa,path changed,
main/docs/ja-jp/secure/multi-factor-authentication/adaptive-mfa/enable-adaptive-mfa.mdx,40,ja-jp,https://manage.auth0.com/#/connections/database,rewritten,https://manage.auth0.com/dashboard/#/authentication/database,http → https + new path,
main/docs/ja-jp/secure/multi-factor-authentication/adaptive-mfa/enable-adaptive-mfa.mdx,64,ja-jp,https://manage.auth0.com/#/security/mfa,rewritten,https://manage.auth0.com/dashboard/#/authentication/mfa,path changed,
main/docs/ja-jp/secure/multi-factor-authentication/auth0-guardian.mdx,32,ja-jp,https://manage.auth0.com/#/security/mfa/guardian,rewritten,https://manage.auth0.com/dashboard/#/authentication/mfa/guardian,path changed,
main/docs/ja-jp/secure/multi-factor-authentication/auth0-guardian.mdx,77,ja-jp,https://manage.auth0.com/#/security/mfa,rewritten,https://manage.auth0.com/dashboard/#/authentication/mfa,path changed,
main/docs/ja-jp/secure/multi-factor-authentication/auth0-guardian.mdx,245,ja-jp,https://manage.auth0.com/dashboard/#/tenant/general,unchanged-new,,already in new form,
main/docs/ja-jp/secure/multi-factor-authentication/auth0-guardian/guardian-for-android-sdk.mdx,21,ja-jp,https://manage.auth0.com/#/security/mfa/guardian,rewritten,https://manage.auth0.com/dashboard/#/authentication/mfa/guardian,path changed,
main/docs/ja-jp/secure/multi-factor-authentication/auth0-guardian/guardian-for-android-sdk.mdx,152,ja-jp,https://manage.auth0.com/#/users,rewritten,https://manage.auth0.com/dashboard/#/users,add /dashboard/ prefix,
main/docs/ja-jp/secure/multi-factor-authentication/auth0-guardian/guardian-for-ios-sdk.mdx,33,ja-jp,https://manage.auth0.com/#/guardian,rewritten,https://manage.auth0.com/dashboard/#/authentication/mfa/guardian,path changed,
main/docs/ja-jp/secure/multi-factor-authentication/auth0-guardian/guardian-for-ios-sdk.mdx,201,ja-jp,https://manage.auth0.com/#/users,rewritten,https://manage.auth0.com/dashboard/#/users,add /dashboard/ prefix,
main/docs/ja-jp/secure/multi-factor-authentication/authenticate-using-ropg-flow-with-mfa.mdx,14,ja-jp,https://manage.auth0.com/#/applications,rewritten,https://manage.auth0.com/dashboard/#/applications,http → https + new path,
main/docs/ja-jp/secure/multi-factor-authentication/authenticate-using-ropg-flow-with-mfa/enroll-and-challenge-email-authenticators.mdx,20,ja-jp,https://manage.auth0.com/#/applications,rewritten,https://manage.auth0.com/dashboard/#/applications,http → https + new path,
main/docs/ja-jp/secure/multi-factor-authentication/authenticate-using-ropg-flow-with-mfa/enroll-and-challenge-otp-authenticators.mdx,14,ja-jp,https://manage.auth0.com/#/applications,rewritten,https://manage.auth0.com/dashboard/#/applications,http → https + new path,
main/docs/ja-jp/secure/multi-factor-authentication/authenticate-using-ropg-flow-with-mfa/enroll-and-challenge-otp-authenticators.mdx,16,ja-jp,https://manage.auth0.com/#/applications,rewritten,https://manage.auth0.com/dashboard/#/applications,http → https + new path,
main/docs/ja-jp/secure/multi-factor-authentication/authenticate-using-ropg-flow-with-mfa/enroll-and-challenge-push-authenticators.mdx,16,ja-jp,https://manage.auth0.com/#/applications,rewritten,https://manage.auth0.com/dashboard/#/applications,http → https + new path,
main/docs/ja-jp/secure/multi-factor-authentication/authenticate-using-ropg-flow-with-mfa/enroll-challenge-sms-voice-authenticators.mdx,13,ja-jp,https://manage.auth0.com/#/applications,rewritten,https://manage.auth0.com/dashboard/#/applications,http → https + new path,
main/docs/ja-jp/secure/multi-factor-authentication/configure-cisco-duo-for-mfa.mdx,25,ja-jp,https://manage.auth0.com/#/security/mfa/duo,rewritten,https://manage.auth0.com/dashboard/#/authentication/mfa/duo,path changed,
main/docs/ja-jp/secure/multi-factor-authentication/configure-recovery-codes-for-mfa.mdx,27,ja-jp,https://manage.auth0.com/#/security/mfa,rewritten,https://manage.auth0.com/dashboard/#/authentication/mfa,path changed,
main/docs/ja-jp/secure/multi-factor-authentication/customize-mfa.mdx,10,ja-jp,https://manage.auth0.com/#/login_settings,rewritten,https://manage.auth0.com/dashboard/#/login_settings,add /dashboard/ prefix,
main/docs/ja-jp/secure/multi-factor-authentication/customize-mfa.mdx,28,ja-jp,https://manage.auth0.com/#/applications,rewritten,https://manage.auth0.com/dashboard/#/applications,http → https + new path,
main/docs/ja-jp/secure/multi-factor-authentication/customize-mfa.mdx,132,ja-jp,https://manage.auth0.com/#/security/mfa,rewritten,https://manage.auth0.com/dashboard/#/authentication/mfa,path changed,
main/docs/ja-jp/secure/multi-factor-authentication/customize-mfa/customize-mfa-classic-login.mdx,6,ja-jp,https://manage.auth0.com/#/security/mfa,rewritten,https://manage.auth0.com/dashboard/#/authentication/mfa,path changed,
main/docs/ja-jp/secure/multi-factor-authentication/customize-mfa/customize-mfa-classic-login.mdx,14,ja-jp,https://manage.auth0.com/#/mfa_page,rewritten,https://manage.auth0.com/dashboard/#/mfa_page,add /dashboard/ prefix,
main/docs/ja-jp/secure/multi-factor-authentication/customize-mfa/customize-mfa-enrollments-universal-login.mdx,120,ja-jp,https://manage.auth0.com/#/security/mfa,rewritten,https://manage.auth0.com/dashboard/#/authentication/mfa,path changed,
main/docs/ja-jp/secure/multi-factor-authentication/customize-mfa/customize-mfa-enrollments-universal-login.mdx,150,ja-jp,https://manage.auth0.com/#/actions/flows,rewritten,https://manage.auth0.com/dashboard/#/actions/triggers,path changed,
main/docs/ja-jp/secure/multi-factor-authentication/customize-mfa/customize-mfa-enrollments-universal-login.mdx,165,ja-jp,https://manage.auth0.com/#/actions/library,rewritten,https://manage.auth0.com/dashboard/#/actions/custom,path changed,
main/docs/ja-jp/secure/multi-factor-authentication/customize-mfa/customize-mfa-enrollments-universal-login.mdx,171,ja-jp,https://manage.auth0.com/#/authentication-profiles,rewritten,https://manage.auth0.com/dashboard/#/authentication/authentication-profile,path changed,
main/docs/ja-jp/secure/multi-factor-authentication/customize-mfa/customize-mfa-enrollments-universal-login.mdx,175,ja-jp,https://manage.auth0.com/#/actions/library,rewritten,https://manage.auth0.com/dashboard/#/actions/custom,path changed,
main/docs/ja-jp/secure/multi-factor-authentication/customize-mfa/customize-mfa-enrollments-universal-login.mdx,193,ja-jp,https://manage.auth0.com/#/logs,rewritten,https://manage.auth0.com/dashboard/#/logging/logs,path changed,
main/docs/ja-jp/secure/multi-factor-authentication/customize-mfa/customize-mfa-enrollments-universal-login.mdx,209,ja-jp,https://manage.auth0.com/#/security/mfa,rewritten,https://manage.auth0.com/dashboard/#/authentication/mfa,path changed,
main/docs/ja-jp/secure/multi-factor-authentication/customize-mfa/customize-mfa-enrollments-universal-login.mdx,212,ja-jp,https://manage.auth0.com/#/actions/library,rewritten,https://manage.auth0.com/dashboard/#/actions/custom,path changed,
main/docs/ja-jp/secure/multi-factor-authentication/customize-mfa/customize-mfa-enrollments-universal-login.mdx,213,ja-jp,https://manage.auth0.com/#/security/mfa,rewritten,https://manage.auth0.com/dashboard/#/authentication/mfa,path changed,
main/docs/ja-jp/secure/multi-factor-authentication/customize-mfa/customize-mfa-enrollments-universal-login.mdx,216,ja-jp,https://manage.auth0.com/#/actions/library,rewritten,https://manage.auth0.com/dashboard/#/actions/custom,path changed,
main/docs/ja-jp/secure/multi-factor-authentication/customize-mfa/customize-mfa-enrollments-universal-login.mdx,217,ja-jp,https://manage.auth0.com/#/actions/flows,rewritten,https://manage.auth0.com/dashboard/#/actions/triggers,path changed,
main/docs/ja-jp/secure/multi-factor-authentication/customize-mfa/customize-mfa-enrollments-universal-login.mdx,220,ja-jp,https://manage.auth0.com/#/actions/library,rewritten,https://manage.auth0.com/dashboard/#/actions/custom,path changed,
main/docs/ja-jp/secure/multi-factor-authentication/customize-mfa/customize-mfa-selection-universal-login.mdx,106,ja-jp,https://manage.auth0.com/#/security/mfa,rewritten,https://manage.auth0.com/dashboard/#/authentication/mfa,path changed,
main/docs/ja-jp/secure/multi-factor-authentication/customize-mfa/customize-mfa-selection-universal-login.mdx,144,ja-jp,https://manage.auth0.com/#/actions/flows,rewritten,https://manage.auth0.com/dashboard/#/actions/triggers,path changed,
main/docs/ja-jp/secure/multi-factor-authentication/customize-mfa/customize-mfa-selection-universal-login.mdx,159,ja-jp,https://manage.auth0.com/#/actions/library,rewritten,https://manage.auth0.com/dashboard/#/actions/custom,path changed,
main/docs/ja-jp/secure/multi-factor-authentication/customize-mfa/customize-mfa-selection-universal-login.mdx,174,ja-jp,https://manage.auth0.com/#/authentication-profiles,rewritten,https://manage.auth0.com/dashboard/#/authentication/authentication-profile,path changed,
main/docs/ja-jp/secure/multi-factor-authentication/customize-mfa/customize-mfa-selection-universal-login.mdx,178,ja-jp,https://manage.auth0.com/#/actions/library,rewritten,https://manage.auth0.com/dashboard/#/actions/custom,path changed,
main/docs/ja-jp/secure/multi-factor-authentication/customize-mfa/customize-mfa-selection-universal-login.mdx,364,ja-jp,https://manage.auth0.com/#/logs,rewritten,https://manage.auth0.com/dashboard/#/logging/logs,path changed,
main/docs/ja-jp/secure/multi-factor-authentication/customize-mfa/customize-mfa-selection-universal-login.mdx,379,ja-jp,https://manage.auth0.com/#/security/mfa,rewritten,https://manage.auth0.com/dashboard/#/authentication/mfa,path changed,
main/docs/ja-jp/secure/multi-factor-authentication/customize-mfa/customize-mfa-selection-universal-login.mdx,382,ja-jp,https://manage.auth0.com/#/actions/library,rewritten,https://manage.auth0.com/dashboard/#/actions/custom,path changed,
main/docs/ja-jp/secure/multi-factor-authentication/customize-mfa/customize-mfa-selection-universal-login.mdx,383,ja-jp,https://manage.auth0.com/#/security/mfa,rewritten,https://manage.auth0.com/dashboard/#/authentication/mfa,path changed,
main/docs/ja-jp/secure/multi-factor-authentication/customize-mfa/customize-mfa-selection-universal-login.mdx,386,ja-jp,https://manage.auth0.com/#/users,rewritten,https://manage.auth0.com/dashboard/#/users,add /dashboard/ prefix,
main/docs/ja-jp/secure/multi-factor-authentication/customize-mfa/customize-mfa-selection-universal-login.mdx,393,ja-jp,https://manage.auth0.com/#/actions/library,rewritten,https://manage.auth0.com/dashboard/#/actions/custom,path changed,
main/docs/ja-jp/secure/multi-factor-authentication/customize-mfa/customize-mfa-selection-universal-login.mdx,394,ja-jp,https://manage.auth0.com/#/actions/flows,rewritten,https://manage.auth0.com/dashboard/#/actions/triggers,path changed,
main/docs/ja-jp/secure/multi-factor-authentication/customize-mfa/customize-mfa-selection-universal-login.mdx,397,ja-jp,https://manage.auth0.com/#/actions/library,rewritten,https://manage.auth0.com/dashboard/#/actions/custom,path changed,
main/docs/ja-jp/secure/multi-factor-authentication/enable-mfa.mdx,38,ja-jp,https://manage.auth0.com/#/security/mfa,rewritten,https://manage.auth0.com/dashboard/#/authentication/mfa,path changed,
main/docs/ja-jp/secure/multi-factor-authentication/fido-authentication-with-webauthn/configure-webauthn-device-biometrics-for-mfa.mdx,21,ja-jp,https://manage.auth0.com/#/security/mfa,rewritten,https://manage.auth0.com/dashboard/#/authentication/mfa,path changed,
main/docs/ja-jp/secure/multi-factor-authentication/fido-authentication-with-webauthn/configure-webauthn-security-keys-for-mfa.mdx,20,ja-jp,https://manage.auth0.com/#/security/mfa,rewritten,https://manage.auth0.com/dashboard/#/authentication/mfa,path changed,
main/docs/ja-jp/secure/multi-factor-authentication/multi-factor-authentication-developer-resources/create-custom-enrollment-tickets.mdx,270,ja-jp,https://manage.auth0.com/#/mfa_page,rewritten,https://manage.auth0.com/dashboard/#/mfa_page,add /dashboard/ prefix,
main/docs/ja-jp/secure/multi-factor-authentication/multi-factor-authentication-developer-resources/mfa-api.mdx,11,ja-jp,https://manage.auth0.com/#/applications,rewritten,https://manage.auth0.com/dashboard/#/applications,http → https + new path,
main/docs/ja-jp/secure/multi-factor-authentication/multi-factor-authentication-factors.mdx,9,ja-jp,https://manage.auth0.com/#/security/mfa,rewritten,https://manage.auth0.com/dashboard/#/authentication/mfa,path changed,
main/docs/ja-jp/secure/multi-factor-authentication/multi-factor-authentication-factors.mdx,77,ja-jp,https://manage.auth0.com/#/actions/flows,rewritten,https://manage.auth0.com/dashboard/#/actions/triggers,path changed,
main/docs/ja-jp/secure/multi-factor-authentication/multi-factor-authentication-factors/configure-email-notifications-for-mfa.mdx,27,ja-jp,https://manage.auth0.com/#/security/mfa,rewritten,https://manage.auth0.com/dashboard/#/authentication/mfa,path changed,
main/docs/ja-jp/secure/multi-factor-authentication/multi-factor-authentication-factors/configure-email-notifications-for-mfa.mdx,46,ja-jp,https://manage.auth0.com/#/multifactor-auth,rewritten,https://manage.auth0.com/dashboard/#/authentication/mfa,path changed,
main/docs/ja-jp/secure/multi-factor-authentication/multi-factor-authentication-factors/configure-push-notifications-for-mfa.mdx,19,ja-jp,https://manage.auth0.com/#/security/mfa,rewritten,https://manage.auth0.com/dashboard/#/authentication/mfa,path changed,
main/docs/ja-jp/secure/multi-factor-authentication/multi-factor-authentication-factors/configure-push-notifications-for-mfa.mdx,50,ja-jp,https://manage.auth0.com/#/guardian,rewritten,https://manage.auth0.com/dashboard/#/authentication/mfa/guardian,path changed,
main/docs/ja-jp/secure/multi-factor-authentication/multi-factor-authentication-factors/configure-push-notifications-for-mfa.mdx,94,ja-jp,https://manage.auth0.com/#/guardian,rewritten,https://manage.auth0.com/dashboard/#/authentication/mfa/guardian,path changed,
main/docs/ja-jp/secure/multi-factor-authentication/multi-factor-authentication-factors/configure-sms-voice-notifications-mfa.mdx,36,ja-jp,https://manage.auth0.com/#/security/mfa,rewritten,https://manage.auth0.com/dashboard/#/authentication/mfa,path changed,
main/docs/ja-jp/secure/multi-factor-authentication/multi-factor-authentication-factors/configure-sms-voice-notifications-mfa.mdx,38,ja-jp,https://manage.auth0.com/#/phone/templates/phone/provider,rewritten,https://manage.auth0.com/dashboard/#/phone/provider,path changed,
main/docs/ja-jp/secure/multi-factor-authentication/multi-factor-authentication-factors/configure-sms-voice-notifications-mfa.mdx,54,ja-jp,https://manage.auth0.com/#/phone/templates/phone/provider,rewritten,https://manage.auth0.com/dashboard/#/phone/provider,path changed,
main/docs/ja-jp/secure/multi-factor-authentication/multi-factor-authentication-factors/configure-sms-voice-notifications-mfa.mdx,70,ja-jp,https://manage.auth0.com/#/security/mfa,rewritten,https://manage.auth0.com/dashboard/#/authentication/mfa,path changed,
main/docs/ja-jp/secure/multi-factor-authentication/reset-user-mfa.mdx,10,ja-jp,https://manage.auth0.com/#/users,rewritten,https://manage.auth0.com/dashboard/#/users,add /dashboard/ prefix,
main/docs/ja-jp/secure/multi-factor-authentication/step-up-authentication/configure-step-up-authentication-for-apis.mdx,47,ja-jp,https://manage.auth0.com/#/connections/database,rewritten,https://manage.auth0.com/dashboard/#/authentication/database,http → https + new path,
main/docs/ja-jp/secure/multi-factor-authentication/step-up-authentication/configure-step-up-authentication-for-apis.mdx,53,ja-jp,https://manage.auth0.com/#/actions/flows,rewritten,https://manage.auth0.com/dashboard/#/actions/triggers,path changed,
main/docs/ja-jp/secure/multi-factor-authentication/step-up-authentication/configure-step-up-authentication-for-apis.mdx,104,ja-jp,https://manage.auth0.com/#/apis/,rewritten,https://manage.auth0.com/dashboard/#/apis,http → https + new path,
main/docs/ja-jp/secure/multi-factor-authentication/step-up-authentication/configure-step-up-authentication-for-apis.mdx,106,ja-jp,https://manage.auth0.com/#/applications/\{yourClientId}/settings,rewritten,https://manage.auth0.com/dashboard/#/applications/{yourClientId}/settings,path changed,
main/docs/ja-jp/secure/multi-factor-authentication/step-up-authentication/configure-step-up-authentication-for-apis.mdx,107,ja-jp,https://manage.auth0.com/#/applications/\{yourClientId}/settings,rewritten,https://manage.auth0.com/dashboard/#/applications/{yourClientId}/settings,path changed,
main/docs/ja-jp/secure/multi-factor-authentication/step-up-authentication/configure-step-up-authentication-for-web-apps.mdx,81,ja-jp,https://manage.auth0.com/#/connections/database,rewritten,https://manage.auth0.com/dashboard/#/authentication/database,http → https + new path,
main/docs/ja-jp/secure/multi-factor-authentication/step-up-authentication/configure-step-up-authentication-for-web-apps.mdx,86,ja-jp,https://manage.auth0.com/#/actions/flows,rewritten,https://manage.auth0.com/dashboard/#/actions/triggers,path changed,
main/docs/ja-jp/secure/security-center/security-alerts.mdx,24,ja-jp,https://manage.auth0.com/#/security/center/bot-detection,rewritten,https://manage.auth0.com/dashboard/#/security/attack-protection/bot-detection,path changed,
main/docs/ja-jp/secure/security-center/security-alerts.mdx,45,ja-jp,https://manage.auth0.com/#/security/center/manage-destinations,rewritten,https://manage.auth0.com/dashboard/#/events/event-streams,path changed,
main/docs/ja-jp/secure/security-center/security-alerts.mdx,76,ja-jp,https://manage.auth0.com/#/security/center/alert-history,rewritten,https://manage.auth0.com/dashboard/#/security/center/alert-history,add /dashboard/ prefix,
main/docs/ja-jp/secure/security-guidance/data-security/user-data-storage.mdx,12,ja-jp,https://manage.auth0.com/#,unchanged-root,,,
main/docs/ja-jp/secure/security-guidance/incident-response-using-logs.mdx,10,ja-jp,https://manage.auth0.com/#,unchanged-root,,,
main/docs/ja-jp/secure/security-guidance/incident-response-using-logs.mdx,111,ja-jp,https://manage.auth0.com/#/users,rewritten,https://manage.auth0.com/dashboard/#/users,add /dashboard/ prefix,
main/docs/ja-jp/secure/security-guidance/measures-against-app-impersonation.mdx,65,ja-jp,https://manage.auth0.com/#/applications/settings,rewritten,https://manage.auth0.com/dashboard/#/applications/{yourClientId}/settings,path changed,
main/docs/ja-jp/secure/security-guidance/measures-against-app-impersonation.mdx,73,ja-jp,https://manage.auth0.com/#/tenant/advanced,rewritten,https://manage.auth0.com/dashboard/#/tenant/advanced,add /dashboard/ prefix,
main/docs/ja-jp/secure/sender-constraining/configure-sender-constraining.mdx,60,ja-jp,https://manage.auth0.com/#/applications,rewritten,https://manage.auth0.com/dashboard/#/applications,http → https + new path,
main/docs/ja-jp/secure/sender-constraining/configure-sender-constraining.mdx,124,ja-jp,https://manage.auth0.com/#/apis,rewritten,https://manage.auth0.com/dashboard/#/apis,http → https + new path,
main/docs/ja-jp/secure/tenant-access-control-list/configure-rules.mdx,55,ja-jp,https://manage.auth0.com/#/security/access-control,rewritten,https://manage.auth0.com/dashboard/#/security/access-control,add /dashboard/ prefix,
main/docs/ja-jp/secure/tenant-access-control-list/configure-rules.mdx,78,ja-jp,https://manage.auth0.com/#/security/access-control,rewritten,https://manage.auth0.com/dashboard/#/security/access-control,add /dashboard/ prefix,
main/docs/ja-jp/secure/tokens/access-tokens/get-access-tokens.mdx,173,ja-jp,https://manage.auth0.com/#/applications,rewritten,https://manage.auth0.com/dashboard/#/applications,http → https + new path,
main/docs/ja-jp/secure/tokens/access-tokens/get-access-tokens.mdx,174,ja-jp,https://manage.auth0.com/#/applications,rewritten,https://manage.auth0.com/dashboard/#/applications,http → https + new path,
main/docs/ja-jp/secure/tokens/access-tokens/get-access-tokens.mdx,175,ja-jp,https://manage.auth0.com/#/apis,rewritten,https://manage.auth0.com/dashboard/#/apis,http → https + new path,
main/docs/ja-jp/secure/tokens/access-tokens/management-api-access-tokens/get-management-api-access-tokens-for-production.mdx,167,ja-jp,https://manage.auth0.com/#/applications/\{yourClientId}/settings,rewritten,https://manage.auth0.com/dashboard/#/applications/{yourClientId}/settings,path changed,
main/docs/ja-jp/secure/tokens/access-tokens/management-api-access-tokens/get-management-api-access-tokens-for-production.mdx,174,ja-jp,https://manage.auth0.com/#/applications/\{yourClientId}/settings,rewritten,https://manage.auth0.com/dashboard/#/applications/{yourClientId}/settings,path changed,
main/docs/ja-jp/secure/tokens/access-tokens/management-api-access-tokens/get-management-api-access-tokens-for-production.mdx,175,ja-jp,https://manage.auth0.com/#/applications/\{yourClientId}/settings,rewritten,https://manage.auth0.com/dashboard/#/applications/{yourClientId}/settings,path changed,
main/docs/ja-jp/secure/tokens/access-tokens/management-api-access-tokens/get-management-api-access-tokens-for-production.mdx,176,ja-jp,https://manage.auth0.com/#/apis,rewritten,https://manage.auth0.com/dashboard/#/apis,http → https + new path,
main/docs/ja-jp/secure/tokens/access-tokens/management-api-access-tokens/get-management-api-access-tokens-for-production.mdx,491,ja-jp,https://manage.auth0.com/#/apis,rewritten,https://manage.auth0.com/dashboard/#/apis,http → https + new path,
main/docs/ja-jp/secure/tokens/access-tokens/management-api-access-tokens/get-management-api-access-tokens-for-testing.mdx,18,ja-jp,https://manage.auth0.com/#/apis/management/explorer,rewritten,https://manage.auth0.com/dashboard/#/apis/{apiId}/explorer,path changed,
main/docs/ja-jp/secure/tokens/access-tokens/update-access-token-lifetime.mdx,10,ja-jp,https://manage.auth0.com/#/apis,rewritten,https://manage.auth0.com/dashboard/#/apis,http → https + new path,
main/docs/ja-jp/secure/tokens/access-tokens/validate-access-tokens.mdx,15,ja-jp,https://manage.auth0.com/#/apis,rewritten,https://manage.auth0.com/dashboard/#/apis,http → https + new path,
main/docs/ja-jp/secure/tokens/id-tokens/update-id-token-lifetime.mdx,8,ja-jp,https://manage.auth0.com/#/applications,rewritten,https://manage.auth0.com/dashboard/#/applications,http → https + new path,
main/docs/ja-jp/secure/tokens/id-tokens/validate-id-tokens.mdx,13,ja-jp,https://manage.auth0.com/#/applications,rewritten,https://manage.auth0.com/dashboard/#/applications,http → https + new path,
main/docs/ja-jp/secure/tokens/json-web-tokens/validate-json-web-tokens.mdx,62,ja-jp,https://manage.auth0.com/#/applications,rewritten,https://manage.auth0.com/dashboard/#/applications,http → https + new path,
main/docs/ja-jp/secure/tokens/refresh-tokens/configure-refresh-token-expiration.mdx,32,ja-jp,https://manage.auth0.com/#/applications,rewritten,https://manage.auth0.com/dashboard/#/applications,http → https + new path,
main/docs/ja-jp/secure/tokens/refresh-tokens/configure-refresh-token-rotation.mdx,27,ja-jp,https://manage.auth0.com/#/applications,rewritten,https://manage.auth0.com/dashboard/#/applications,http → https + new path,
main/docs/ja-jp/secure/tokens/refresh-tokens/disable-refresh-token-rotation.mdx,19,ja-jp,https://manage.auth0.com/#,unchanged-root,,,
main/docs/ja-jp/secure/tokens/refresh-tokens/online-refresh-tokens/configure-online-refresh-tokens.mdx,16,ja-jp,https://manage.auth0.com/#/apis,rewritten,https://manage.auth0.com/dashboard/#/apis,http → https + new path,
main/docs/ja-jp/secure/tokens/refresh-tokens/online-refresh-tokens/configure-online-refresh-tokens.mdx,26,ja-jp,https://manage.auth0.com/#/tenant/advanced,rewritten,https://manage.auth0.com/dashboard/#/tenant/advanced,add /dashboard/ prefix,
main/docs/ja-jp/secure/tokens/refresh-tokens/refresh-token-metadata/configure-refresh-token-metadata.mdx,220,ja-jp,https://manage.auth0.com/#/logs,rewritten,https://manage.auth0.com/dashboard/#/logging/logs,path changed,
main/docs/ja-jp/secure/tokens/refresh-tokens/revoke-refresh-tokens.mdx,21,ja-jp,https://manage.auth0.com/#/tenant/advanced,rewritten,https://manage.auth0.com/dashboard/#/tenant/advanced,add /dashboard/ prefix,
main/docs/ja-jp/secure/tokens/refresh-tokens/revoke-refresh-tokens.mdx,47,ja-jp,https://manage.auth0.com/#/users,rewritten,https://manage.auth0.com/dashboard/#/users,add /dashboard/ prefix,
main/docs/ja-jp/secure/tokens/token-best-practices.mdx,36,ja-jp,https://manage.auth0.com/#/apis,rewritten,https://manage.auth0.com/dashboard/#/apis,http → https + new path,
main/docs/ja-jp/troubleshoot/customer-support/manage-subscriptions.mdx,31,ja-jp,https://manage.auth0.com/#/tenant/general,rewritten,https://manage.auth0.com/dashboard/#/tenant/general,add /dashboard/ prefix,
main/docs/ja-jp/troubleshoot/customer-support/manage-subscriptions/delete-or-reset-tenant.mdx,41,ja-jp,https://manage.auth0.com/#/tenant/advanced,rewritten,https://manage.auth0.com/dashboard/#/tenant/advanced,add /dashboard/ prefix,
main/docs/ja-jp/troubleshoot/customer-support/open-and-manage-support-tickets.mdx,8,ja-jp,https://manage.auth0.com/login,unchanged-root,,,
main/docs/ja-jp/troubleshoot/customer-support/operational-policies/billing-policy.mdx,12,ja-jp,https://manage.auth0.com/#/tenant/,rewritten,https://manage.auth0.com/dashboard/#/tenant/general,path changed,
main/docs/ja-jp/troubleshoot/customer-support/operational-policies/billing-policy.mdx,14,ja-jp,https://manage.auth0.com/#/tenant/,rewritten,https://manage.auth0.com/dashboard/#/tenant/general,path changed,
main/docs/ja-jp/troubleshoot/customer-support/operational-policies/billing-policy.mdx,85,ja-jp,https://manage.auth0.com/#/tenant,rewritten,https://manage.auth0.com/dashboard/#/tenant/general,path changed,
main/docs/ja-jp/troubleshoot/customer-support/operational-policies/public-cloud-service-endpoints.mdx,10,ja-jp,https://manage.auth0.com,unchanged-root,,,
main/docs/ja-jp/troubleshoot/customer-support/operational-policies/public-cloud-service-endpoints.mdx,24,ja-jp,https://manage.auth0.com,unchanged-root,,,
main/docs/ja-jp/troubleshoot/customer-support/update-billing-information.mdx,12,ja-jp,https://manage.auth0.com/#/dashboard/settings,rewritten,https://manage.auth0.com/dashboard/#/tenant/general,path changed,
main/docs/ja-jp/troubleshoot/product-lifecycle/deprecations-and-migrations/logout-return-to.mdx,31,ja-jp,https://manage.auth0.com/#/logs,rewritten,https://manage.auth0.com/dashboard/#/logging/logs,path changed,
main/docs/ja-jp/troubleshoot/product-lifecycle/deprecations-and-migrations/logout-return-to.mdx,46,ja-jp,https://manage.auth0.com/#/tenant/advanced,rewritten,https://manage.auth0.com/dashboard/#/tenant/advanced,add /dashboard/ prefix,
main/docs/ja-jp/troubleshoot/product-lifecycle/deprecations-and-migrations/migrate-connection-options-scope.mdx,20,ja-jp,https://manage.auth0.com/dashboard/#/tenant/advanced,unchanged-new,,already in new form,
main/docs/ja-jp/troubleshoot/product-lifecycle/deprecations-and-migrations/migrate-connection-options-scope.mdx,44,ja-jp,https://manage.auth0.com/dashboard/#/apis,unchanged-new,,already in new form,
main/docs/ja-jp/troubleshoot/product-lifecycle/deprecations-and-migrations/migrate-connection-options-scope.mdx,58,ja-jp,https://manage.auth0.com/dashboard/#/tenant/advanced,unchanged-new,,already in new form,
main/docs/ja-jp/troubleshoot/product-lifecycle/deprecations-and-migrations/migrate-dedicated-connection-endpoints.mdx,21,ja-jp,https://manage.auth0.com/dashboard/#/tenant/advanced,unchanged-new,,already in new form,
main/docs/ja-jp/troubleshoot/product-lifecycle/deprecations-and-migrations/migrate-dedicated-connection-endpoints.mdx,91,ja-jp,https://manage.auth0.com/dashboard/#/tenant/advanced,unchanged-new,,already in new form,
main/docs/ja-jp/troubleshoot/product-lifecycle/deprecations-and-migrations/migrate-nodejs-22.mdx,40,ja-jp,https://manage.auth0.com/#/dashboard/actions/library,rewritten,https://manage.auth0.com/dashboard/#/actions/custom,path changed,
main/docs/ja-jp/troubleshoot/product-lifecycle/deprecations-and-migrations/migrate-oversized-user-profiles.mdx,25,ja-jp,https://manage.auth0.com/dashboard/#/tenant/advanced,unchanged-new,,already in new form,
main/docs/ja-jp/troubleshoot/product-lifecycle/deprecations-and-migrations/migrate-oversized-user-profiles.mdx,122,ja-jp,https://manage.auth0.com/dashboard/#/tenant/advanced,unchanged-new,,already in new form,
main/docs/ja-jp/troubleshoot/product-lifecycle/deprecations-and-migrations/migrate-to-non-verifiable-callback-uri-end-user-confirmation.mdx,43,ja-jp,https://manage.auth0.com/#/tenant/advanced,rewritten,https://manage.auth0.com/dashboard/#/tenant/advanced,add /dashboard/ prefix,
main/docs/ja-jp/troubleshoot/product-lifecycle/deprecations-and-migrations/migrate-to-non-verifiable-callback-uri-end-user-confirmation.mdx,56,ja-jp,https://manage.auth0.com/applications/settings,rewritten,https://manage.auth0.com/dashboard/#/applications/{yourClientId}/settings,path changed,
main/docs/ja-jp/troubleshoot/product-lifecycle/deprecations-and-migrations/migrate-to-non-verifiable-callback-uri-end-user-confirmation.mdx,63,ja-jp,https://manage.auth0.com/tenant/advanced,rewritten,https://manage.auth0.com/dashboard/#/tenant/advanced,add /dashboard/ prefix,
main/docs/ja-jp/troubleshoot/product-lifecycle/past-migrations.mdx,569,ja-jp,https://manage.auth0.com/#,unchanged-root,,,
main/docs/ja-jp/troubleshoot/product-lifecycle/past-migrations.mdx,569,ja-jp,https://manage.auth0.com/#/tenant/advanced,rewritten,https://manage.auth0.com/dashboard/#/tenant/advanced,add /dashboard/ prefix,
main/docs/ja-jp/troubleshoot/product-lifecycle/past-migrations/clickjacking-protection-for-universal-login.mdx,23,ja-jp,https://manage.auth0.com/#/tenant/advanced,rewritten,https://manage.auth0.com/dashboard/#/tenant/advanced,add /dashboard/ prefix,
main/docs/ja-jp/troubleshoot/product-lifecycle/past-migrations/custom-claims-migration.mdx,570,ja-jp,https://manage.auth0.com/#/logs,rewritten,https://manage.auth0.com/dashboard/#/logging/logs,path changed,
main/docs/ja-jp/troubleshoot/product-lifecycle/past-migrations/custom-claims-migration.mdx,659,ja-jp,https://manage.auth0.com/dashboard/#/tenant/advanced,unchanged-new,,already in new form,
main/docs/ja-jp/troubleshoot/product-lifecycle/past-migrations/migrate-from-log-extensions.mdx,42,ja-jp,https://manage.auth0.com/,unchanged-root,,,
main/docs/ja-jp/troubleshoot/product-lifecycle/past-migrations/migrate-from-log-extensions.mdx,59,ja-jp,https://manage.auth0.com/,unchanged-root,,,
main/docs/ja-jp/troubleshoot/product-lifecycle/past-migrations/migrate-from-log-extensions.mdx,76,ja-jp,https://manage.auth0.com/,unchanged-root,,,
main/docs/ja-jp/troubleshoot/product-lifecycle/past-migrations/migrate-from-log-extensions.mdx,86,ja-jp,https://manage.auth0.com/,unchanged-root,,,
main/docs/ja-jp/troubleshoot/product-lifecycle/past-migrations/migrate-from-log-extensions.mdx,100,ja-jp,https://manage.auth0.com/,unchanged-root,,,
main/docs/ja-jp/troubleshoot/product-lifecycle/past-migrations/migrate-from-log-extensions.mdx,117,ja-jp,https://manage.auth0.com/,unchanged-root,,,
main/docs/ja-jp/troubleshoot/product-lifecycle/past-migrations/migrate-from-log-extensions.mdx,132,ja-jp,https://manage.auth0.com/,unchanged-root,,,
main/docs/ja-jp/troubleshoot/product-lifecycle/past-migrations/migrate-from-log-extensions.mdx,140,ja-jp,https://manage.auth0.com/,unchanged-root,,,
main/docs/ja-jp/troubleshoot/product-lifecycle/past-migrations/migrate-nodejs-16-to-nodejs-18.mdx,36,ja-jp,https://manage.auth0.com/#/dashboard/actions/library,rewritten,https://manage.auth0.com/dashboard/#/actions/custom,path changed,
main/docs/ja-jp/troubleshoot/product-lifecycle/past-migrations/migrate-tenant-member-roles.mdx,42,ja-jp,https://manage.auth0.com/#/tenant/admins,rewritten,https://manage.auth0.com/dashboard/#/tenant/admins,add /dashboard/ prefix,
main/docs/ja-jp/troubleshoot/product-lifecycle/past-migrations/migrate-tenant-member-roles.mdx,45,ja-jp,https://manage.auth0.com/#/tenant/advanced,rewritten,https://manage.auth0.com/dashboard/#/tenant/advanced,add /dashboard/ prefix,
main/docs/ja-jp/troubleshoot/product-lifecycle/past-migrations/migrate-tenant-member-roles.mdx,48,ja-jp,https://manage.auth0.com/#/tenant/billing/subscription,rewritten,https://manage.auth0.com/dashboard/#/tenant/billing/subscription,add /dashboard/ prefix,
main/docs/ja-jp/troubleshoot/product-lifecycle/past-migrations/migrate-tenant-member-roles.mdx,54,ja-jp,https://manage.auth0.com/#/tenant/admins,rewritten,https://manage.auth0.com/dashboard/#/tenant/admins,add /dashboard/ prefix,
main/docs/ja-jp/troubleshoot/product-lifecycle/past-migrations/migrate-tenant-member-roles.mdx,56,ja-jp,https://manage.auth0.com/#/logs,rewritten,https://manage.auth0.com/dashboard/#/logging/logs,path changed,
main/docs/ja-jp/troubleshoot/product-lifecycle/past-migrations/migrate-to-1-hour-expiration.mdx,43,ja-jp,https://manage.auth0.com/#/monitoring/logs,rewritten,https://manage.auth0.com/dashboard/#/logging/logs,path changed,
main/docs/ja-jp/troubleshoot/product-lifecycle/past-migrations/migrate-to-1-hour-expiration.mdx,51,ja-jp,https://manage.auth0.com/#/tenant/advanced,rewritten,https://manage.auth0.com/dashboard/#/tenant/advanced,add /dashboard/ prefix,
main/docs/ja-jp/troubleshoot/product-lifecycle/past-migrations/migrate-to-nodejs-12.mdx,44,ja-jp,https://manage.auth0.com/#/tenant/advanced,rewritten,https://manage.auth0.com/dashboard/#/tenant/advanced,add /dashboard/ prefix,
main/docs/ja-jp/troubleshoot/product-lifecycle/past-migrations/migrate-to-nodejs-12.mdx,64,ja-jp,https://manage.auth0.com/#/applications/\{yourClientId}/settings,rewritten,https://manage.auth0.com/dashboard/#/applications/{yourClientId}/settings,path changed,
main/docs/ja-jp/troubleshoot/product-lifecycle/past-migrations/migrate-to-nodejs-16.mdx,34,ja-jp,https://manage.auth0.com/#/tenant/advanced,rewritten,https://manage.auth0.com/dashboard/#/tenant/advanced,add /dashboard/ prefix,
main/docs/ja-jp/troubleshoot/product-lifecycle/past-migrations/migrate-to-paginated-queries.mdx,50,ja-jp,https://manage.auth0.com/#/tenant/advanced,rewritten,https://manage.auth0.com/dashboard/#/tenant/advanced,add /dashboard/ prefix,
main/docs/ja-jp/troubleshoot/product-lifecycle/past-migrations/migrate-to-paginated-queries.mdx,57,ja-jp,https://manage.auth0.com/#/extensions,rewritten,https://manage.auth0.com/dashboard/#/extensions/list,path changed,
main/docs/ja-jp/troubleshoot/product-lifecycle/past-migrations/migrate-to-passwordless.mdx,20,ja-jp,https://manage.auth0.com/#/logs,rewritten,https://manage.auth0.com/dashboard/#/logging/logs,path changed,
main/docs/ja-jp/troubleshoot/product-lifecycle/past-migrations/migrate-to-passwordless.mdx,27,ja-jp,https://manage.auth0.com/#/logs,rewritten,https://manage.auth0.com/dashboard/#/logging/logs,path changed,
main/docs/ja-jp/troubleshoot/product-lifecycle/past-migrations/migrate-to-tenant-log-search-v3.mdx,65,ja-jp,https://manage.auth0.com/#/tenant/advanced,rewritten,https://manage.auth0.com/dashboard/#/tenant/advanced,add /dashboard/ prefix,
main/docs/ja-jp/troubleshoot/product-lifecycle/past-migrations/migrate-v2-v3.mdx,54,ja-jp,https://manage.auth0.com/#/extensions,rewritten,https://manage.auth0.com/dashboard/#/extensions/list,path changed,
main/docs/ja-jp/troubleshoot/product-lifecycle/past-migrations/migrate-v2-v3.mdx,55,ja-jp,https://manage.auth0.com/#/extensions,rewritten,https://manage.auth0.com/dashboard/#/extensions/list,path changed,
main/docs/ja-jp/troubleshoot/product-lifecycle/past-migrations/migrate-v2-v3.mdx,59,ja-jp,https://manage.auth0.com/#/logs,rewritten,https://manage.auth0.com/dashboard/#/logging/logs,path changed,
main/docs/ja-jp/troubleshoot/product-lifecycle/past-migrations/migration-oauthro-oauthtoken.mdx,95,ja-jp,https://manage.auth0.com/#/tenant/advanced,rewritten,https://manage.auth0.com/dashboard/#/tenant/advanced,add /dashboard/ prefix,
main/docs/ja-jp/troubleshoot/product-lifecycle/past-migrations/resource-owner-passwordless-credentials-exchange.mdx,111,ja-jp,https://manage.auth0.com/#/logs,rewritten,https://manage.auth0.com/dashboard/#/logging/logs,path changed,
main/docs/ja-jp/troubleshoot/product-lifecycle/past-migrations/resource-owner-passwordless-credentials-exchange.mdx,112,ja-jp,https://manage.auth0.com/#/tenant/advanced,rewritten,https://manage.auth0.com/dashboard/#/tenant/advanced,add /dashboard/ prefix,
main/docs/ja-jp/troubleshoot/product-lifecycle/past-migrations/tenant-hostname-migration.mdx,26,ja-jp,https://manage.auth0.com/#/logs,rewritten,https://manage.auth0.com/dashboard/#/logging/logs,path changed,
main/docs/ja-jp/troubleshoot/product-lifecycle/past-migrations/tenant-hostname-migration.mdx,46,ja-jp,https://manage.auth0.com/#/tenant/advanced,rewritten,https://manage.auth0.com/dashboard/#/tenant/advanced,add /dashboard/ prefix,
main/docs/libraries/auth0-android/auth0-android-configuration.mdx,37,en,https://manage.auth0.com/#,unchanged-root,,,
main/docs/libraries/auth0-android/auth0-android-configuration.mdx,71,en,https://manage.auth0.com/#,unchanged-root,,,
main/docs/libraries/auth0-php/using-the-management-api-with-auth0-php.mdx,30,en,https://manage.auth0.com/#/apis,rewritten,https://manage.auth0.com/dashboard/#/apis,http → https + new path,
main/docs/libraries/auth0-single-page-app-sdk.mdx,304,en,https://manage.auth0.com/#/apis,rewritten,https://manage.auth0.com/dashboard/#/apis,http → https + new path,
main/docs/libraries/auth0-swift.mdx,81,en,https://manage.auth0.com/#/applications/,rewritten,https://manage.auth0.com/dashboard/#/applications,http → https + new path,
main/docs/libraries/auth0-swift.mdx,128,en,https://manage.auth0.com/#/applications/,rewritten,https://manage.auth0.com/dashboard/#/applications,http → https + new path,
main/docs/libraries/auth0js.mdx,44,en,https://manage.auth0.com/#/applications,rewritten,https://manage.auth0.com/dashboard/#/applications,http → https + new path,
main/docs/libraries/auth0js.mdx,418,en,https://manage.auth0.com/#,unchanged-root,,,
main/docs/libraries/auth0js.mdx,418,en,https://manage.auth0.com/#,unchanged-root,,,
main/docs/libraries/auth0js.mdx,490,en,https://manage.auth0.com/#/rules,rewritten,https://manage.auth0.com/dashboard/#/rules,add /dashboard/ prefix,
main/docs/libraries/auth0js.mdx,496,en,https://manage.auth0.com/#,unchanged-root,,,
main/docs/libraries/custom-signup.mdx,69,en,https://manage.auth0.com/#/connections/database/,rewritten,https://manage.auth0.com/dashboard/#/authentication/database,http → https + new path,
main/docs/libraries/lock-android.mdx,42,en,https://manage.auth0.com/#,unchanged-root,,,
main/docs/libraries/lock-android/android-development-keystores-hashes.mdx,5,en,https://manage.auth0.com/#,unchanged-root,,,
main/docs/libraries/lock-android/android-development-keystores-hashes.mdx,41,en,https://manage.auth0.com/#/applications,rewritten,https://manage.auth0.com/dashboard/#/applications,http → https + new path,
main/docs/libraries/lock-android/lock-android-configuration.mdx,53,en,https://manage.auth0.com/#,unchanged-root,,,
main/docs/libraries/lock-android/lock-android-configuration.mdx,53,en,https://manage.auth0.com/#,unchanged-root,,,
main/docs/libraries/lock-android/lock-android-custom-theming.mdx,68,en,https://manage.auth0.com/#/extensions,rewritten,https://manage.auth0.com/dashboard/#/extensions/list,path changed,
main/docs/libraries/lock-android/lock-android-native-social-authentication.mdx,32,en,https://manage.auth0.com/#/connections/social,rewritten,https://manage.auth0.com/dashboard/#/connections,path changed,
main/docs/libraries/lock-android/lock-android-native-social-authentication.mdx,38,en,https://manage.auth0.com/#/applications,rewritten,https://manage.auth0.com/dashboard/#/applications,http → https + new path,
main/docs/libraries/lock-android/lock-android-native-social-authentication.mdx,194,en,https://manage.auth0.com/#/connections/social,rewritten,https://manage.auth0.com/dashboard/#/connections,path changed,
main/docs/libraries/lock-android/lock-android-native-social-authentication.mdx,199,en,https://manage.auth0.com/#/applications,rewritten,https://manage.auth0.com/dashboard/#/applications,http → https + new path,
main/docs/libraries/lock-android/lock-android-passwordless-with-magic-link.mdx,11,en,https://manage.auth0.com/#/applications/{yourClientId}/settings,rewritten,https://manage.auth0.com/dashboard/#/applications/{yourClientId}/settings,path changed,
main/docs/libraries/lock-android/lock-android-passwordless-with-magic-link.mdx,32,en,https://manage.auth0.com/#/applications/authentication,rewritten,https://manage.auth0.com/dashboard/#/applications/{yourClientId}/login-experience,path changed,
main/docs/libraries/lock-android/lock-android-passwordless.mdx,11,en,https://manage.auth0.com/#/connections/passwordless,rewritten,https://manage.auth0.com/dashboard/#/authentication/passwordless,path changed,
main/docs/libraries/lock-swift.mdx,74,en,https://manage.auth0.com/#,unchanged-root,,,
main/docs/libraries/lock-swift/lock-swift-configuration-options.mdx,125,en,https://manage.auth0.com/#/,unchanged-root,,,
main/docs/libraries/lock.mdx,53,en,https://manage.auth0.com/#/applications/{yourClientId}/settings,rewritten,https://manage.auth0.com/dashboard/#/applications/{yourClientId}/settings,path changed,
main/docs/libraries/lock.mdx,59,en,https://manage.auth0.com/#,unchanged-root,,,
main/docs/libraries/lock.mdx,168,en,https://manage.auth0.com/#,unchanged-root,,,
main/docs/libraries/lock/lock-api-reference.mdx,21,en,https://manage.auth0.com/#/,unchanged-root,,,
main/docs/libraries/lock/lock-api-reference.mdx,21,en,https://manage.auth0.com/#/applications,rewritten,https://manage.auth0.com/dashboard/#/applications,http → https + new path,
main/docs/manage-users/access-control/configure-core-rbac/enable-role-based-access-control-for-apis.mdx,22,en,https://manage.auth0.com/#/apis,rewritten,https://manage.auth0.com/dashboard/#/apis,http → https + new path,
main/docs/manage-users/access-control/configure-core-rbac/rbac-users/assign-permissions-to-users.mdx,29,en,https://manage.auth0.com/#/users,rewritten,https://manage.auth0.com/dashboard/#/users,add /dashboard/ prefix,
main/docs/manage-users/access-control/configure-core-rbac/rbac-users/assign-permissions-to-users.mdx,37,en,https://manage.auth0.com/#/users,rewritten,https://manage.auth0.com/dashboard/#/users,add /dashboard/ prefix,
main/docs/manage-users/access-control/configure-core-rbac/rbac-users/assign-roles-to-groups.mdx,35,en,https://manage.auth0.com/#/organizations,rewritten,https://manage.auth0.com/dashboard/#/organizations/list,path changed,
main/docs/manage-users/access-control/configure-core-rbac/rbac-users/assign-roles-to-groups.mdx,90,en,https://manage.auth0.com/#/groups,rewritten,https://manage.auth0.com/dashboard/#/enterprise-groups,path changed,
main/docs/manage-users/access-control/configure-core-rbac/rbac-users/assign-roles-to-groups.mdx,143,en,https://manage.auth0.com/#/organizations,rewritten,https://manage.auth0.com/dashboard/#/organizations/list,path changed,
main/docs/manage-users/access-control/configure-core-rbac/rbac-users/assign-roles-to-groups.mdx,194,en,https://manage.auth0.com/#/groups,rewritten,https://manage.auth0.com/dashboard/#/enterprise-groups,path changed,
main/docs/manage-users/access-control/configure-core-rbac/rbac-users/assign-roles-to-users.mdx,24,en,https://manage.auth0.com/#/users,rewritten,https://manage.auth0.com/dashboard/#/users,add /dashboard/ prefix,
main/docs/manage-users/access-control/configure-core-rbac/rbac-users/assign-roles-to-users.mdx,32,en,https://manage.auth0.com/#/users,rewritten,https://manage.auth0.com/dashboard/#/users,add /dashboard/ prefix,
main/docs/manage-users/access-control/configure-core-rbac/rbac-users/remove-permissions-from-users.mdx,17,en,https://manage.auth0.com/#/users,rewritten,https://manage.auth0.com/dashboard/#/users,add /dashboard/ prefix,
main/docs/manage-users/access-control/configure-core-rbac/rbac-users/remove-roles-from-users.mdx,17,en,https://manage.auth0.com/#/users,rewritten,https://manage.auth0.com/dashboard/#/users,add /dashboard/ prefix,
main/docs/manage-users/access-control/configure-core-rbac/rbac-users/view-user-permissions.mdx,17,en,https://manage.auth0.com/#/users,rewritten,https://manage.auth0.com/dashboard/#/users,add /dashboard/ prefix,
main/docs/manage-users/access-control/configure-core-rbac/rbac-users/view-user-roles.mdx,17,en,https://manage.auth0.com/#/users,rewritten,https://manage.auth0.com/dashboard/#/users,add /dashboard/ prefix,
main/docs/manage-users/access-control/configure-core-rbac/roles/add-permissions-to-roles.mdx,20,en,https://manage.auth0.com/#/roles,rewritten,https://manage.auth0.com/dashboard/#/applications/{yourClientId}/settings,path changed,
main/docs/manage-users/access-control/configure-core-rbac/roles/create-roles.mdx,37,en,https://manage.auth0.com/#/roles,rewritten,https://manage.auth0.com/dashboard/#/applications/{yourClientId}/settings,path changed,
main/docs/manage-users/access-control/configure-core-rbac/roles/create-roles.mdx,216,en,https://manage.auth0.com/#/organizations,rewritten,https://manage.auth0.com/dashboard/#/organizations/list,path changed,
main/docs/manage-users/access-control/configure-core-rbac/roles/delete-roles.mdx,15,en,https://manage.auth0.com/#/roles,rewritten,https://manage.auth0.com/dashboard/#/applications/{yourClientId}/settings,path changed,
main/docs/manage-users/access-control/configure-core-rbac/roles/edit-role-definitions.mdx,17,en,https://manage.auth0.com/#/roles,rewritten,https://manage.auth0.com/dashboard/#/applications/{yourClientId}/settings,path changed,
main/docs/manage-users/access-control/configure-core-rbac/roles/remove-permissions-from-roles.mdx,17,en,https://manage.auth0.com/#/roles,rewritten,https://manage.auth0.com/dashboard/#/applications/{yourClientId}/settings,path changed,
main/docs/manage-users/access-control/configure-core-rbac/roles/view-role-permissions.mdx,17,en,https://manage.auth0.com/#/roles,rewritten,https://manage.auth0.com/dashboard/#/applications/{yourClientId}/settings,path changed,
main/docs/manage-users/access-control/configure-core-rbac/roles/view-users-assigned-to-roles.mdx,13,en,https://manage.auth0.com/#/users,rewritten,https://manage.auth0.com/dashboard/#/users,add /dashboard/ prefix,
main/docs/manage-users/access-control/sample-use-cases-actions-with-authorization.mdx,23,en,https://manage.auth0.com/#/actions/flows/login/,rewritten,https://manage.auth0.com/dashboard/#/actions/triggers/post-login,path changed,
main/docs/manage-users/access-control/sample-use-cases-actions-with-authorization.mdx,44,en,https://manage.auth0.com/#/actions/flows/login/,rewritten,https://manage.auth0.com/dashboard/#/actions/triggers/post-login,path changed,
main/docs/manage-users/access-control/sample-use-cases-actions-with-authorization.mdx,56,en,https://manage.auth0.com/#/apis,rewritten,https://manage.auth0.com/dashboard/#/apis,http → https + new path,
main/docs/manage-users/access-control/sample-use-cases-actions-with-authorization.mdx,68,en,https://manage.auth0.com/#/actions/flows/login/,rewritten,https://manage.auth0.com/dashboard/#/actions/triggers/post-login,path changed,
main/docs/manage-users/access-control/sample-use-cases-actions-with-authorization.mdx,86,en,https://manage.auth0.com/#/actions/flows/login/,rewritten,https://manage.auth0.com/dashboard/#/actions/triggers/post-login,path changed,
main/docs/manage-users/access-control/sample-use-cases-actions-with-authorization.mdx,109,en,https://manage.auth0.com/#/actions/flows/login/,rewritten,https://manage.auth0.com/dashboard/#/actions/triggers/post-login,path changed,
main/docs/manage-users/access-control/sample-use-cases-rules-with-authorization.mdx,62,en,https://manage.auth0.com/#/apis,rewritten,https://manage.auth0.com/dashboard/#/apis,http → https + new path,
main/docs/manage-users/cookies/spa-authenticate-with-cookies.mdx,91,en,https://manage.auth0.com/#/applications,rewritten,https://manage.auth0.com/dashboard/#/applications,http → https + new path,
main/docs/manage-users/cookies/spa-authenticate-with-cookies.mdx,96,en,https://manage.auth0.com/#/connections/social,rewritten,https://manage.auth0.com/dashboard/#/connections,path changed,
main/docs/manage-users/my-account-api.mdx,82,en,https://manage.auth0.com/#/apis,rewritten,https://manage.auth0.com/dashboard/#/apis,http → https + new path,
main/docs/manage-users/my-account-api.mdx,845,en,https://manage.auth0.com/#/applications,rewritten,https://manage.auth0.com/dashboard/#/applications,http → https + new path,
main/docs/manage-users/my-organization-api.mdx,38,en,https://manage.auth0.com/#/apis,rewritten,https://manage.auth0.com/dashboard/#/apis,http → https + new path,
main/docs/manage-users/my-organization-api.mdx,88,en,https://manage.auth0.com/#/apis,rewritten,https://manage.auth0.com/dashboard/#/apis,http → https + new path,
main/docs/manage-users/my-organization-api.mdx,111,en,https://manage.auth0.com/#/apis,rewritten,https://manage.auth0.com/dashboard/#/apis,http → https + new path,
main/docs/manage-users/my-organization-api.mdx,310,en,https://manage.auth0.com/#/applications,rewritten,https://manage.auth0.com/dashboard/#/applications,http → https + new path,
main/docs/manage-users/my-organization-api.mdx,384,en,https://manage.auth0.com/#/organizations,rewritten,https://manage.auth0.com/dashboard/#/organizations/list,path changed,
main/docs/manage-users/organizations/configure-organizations/add-member-roles.mdx,31,en,https://manage.auth0.com/#/organizations,rewritten,https://manage.auth0.com/dashboard/#/organizations/list,path changed,
main/docs/manage-users/organizations/configure-organizations/assign-members.mdx,16,en,https://manage.auth0.com/#/organizations,rewritten,https://manage.auth0.com/dashboard/#/organizations/list,path changed,
main/docs/manage-users/organizations/configure-organizations/create-org-domains.mdx,14,en,https://manage.auth0.com/#/organizations,rewritten,https://manage.auth0.com/dashboard/#/organizations/list,path changed,
main/docs/manage-users/organizations/configure-organizations/create-organizations.mdx,21,en,https://manage.auth0.com/#/organizations,rewritten,https://manage.auth0.com/dashboard/#/organizations/list,path changed,
main/docs/manage-users/organizations/configure-organizations/define-organization-behavior.mdx,24,en,https://manage.auth0.com/#/applications,rewritten,https://manage.auth0.com/dashboard/#/applications,http → https + new path,
main/docs/manage-users/organizations/configure-organizations/delete-org-domains.mdx,12,en,https://manage.auth0.com/#/organizations,rewritten,https://manage.auth0.com/dashboard/#/organizations/list,path changed,
main/docs/manage-users/organizations/configure-organizations/delete-organizations.mdx,23,en,https://manage.auth0.com/#/organizations,rewritten,https://manage.auth0.com/dashboard/#/organizations/list,path changed,
main/docs/manage-users/organizations/configure-organizations/disable-connections.mdx,20,en,https://manage.auth0.com/#/organizations,rewritten,https://manage.auth0.com/dashboard/#/organizations/list,path changed,
main/docs/manage-users/organizations/configure-organizations/disable-connections.mdx,29,en,https://manage.auth0.com/#/organizations,rewritten,https://manage.auth0.com/dashboard/#/organizations/list,path changed,
main/docs/manage-users/organizations/configure-organizations/enable-connections.mdx,40,en,https://manage.auth0.com/#/organizations,rewritten,https://manage.auth0.com/dashboard/#/organizations/list,path changed,
main/docs/manage-users/organizations/configure-organizations/enable-third-party-application-access.mdx,23,en,https://manage.auth0.com/#/organizations,rewritten,https://manage.auth0.com/dashboard/#/organizations/list,path changed,
main/docs/manage-users/organizations/configure-organizations/grant-application-access.mdx,42,en,https://manage.auth0.com/#/organizations,rewritten,https://manage.auth0.com/dashboard/#/organizations/list,path changed,
main/docs/manage-users/organizations/configure-organizations/grant-application-access.mdx,89,en,https://manage.auth0.com/#/organizations,rewritten,https://manage.auth0.com/dashboard/#/organizations/list,path changed,
main/docs/manage-users/organizations/configure-organizations/grant-application-access.mdx,154,en,https://manage.auth0.com/#/organizations,rewritten,https://manage.auth0.com/dashboard/#/organizations/list,path changed,
main/docs/manage-users/organizations/configure-organizations/invite-members.mdx,40,en,https://manage.auth0.com/#/tenant/advanced,rewritten,https://manage.auth0.com/dashboard/#/tenant/advanced,add /dashboard/ prefix,
main/docs/manage-users/organizations/configure-organizations/invite-members.mdx,40,en,https://manage.auth0.com/#/applications,rewritten,https://manage.auth0.com/dashboard/#/applications,http → https + new path,
main/docs/manage-users/organizations/configure-organizations/remove-member-roles.mdx,15,en,https://manage.auth0.com/#/organizations,rewritten,https://manage.auth0.com/dashboard/#/organizations/list,path changed,
main/docs/manage-users/organizations/configure-organizations/remove-members.mdx,15,en,https://manage.auth0.com/#/organizations,rewritten,https://manage.auth0.com/dashboard/#/organizations/list,path changed,
main/docs/manage-users/organizations/configure-organizations/retrieve-connections.mdx,20,en,https://manage.auth0.com/#/organizations,rewritten,https://manage.auth0.com/dashboard/#/organizations/list,path changed,
main/docs/manage-users/organizations/configure-organizations/retrieve-member-roles.mdx,15,en,https://manage.auth0.com/#/organizations,rewritten,https://manage.auth0.com/dashboard/#/organizations/list,path changed,
main/docs/manage-users/organizations/configure-organizations/retrieve-members.mdx,15,en,https://manage.auth0.com/#/organizations,rewritten,https://manage.auth0.com/dashboard/#/organizations/list,path changed,
main/docs/manage-users/organizations/configure-organizations/search-organization-members.mdx,9,en,https://manage.auth0.com/#/organizations,rewritten,https://manage.auth0.com/dashboard/#/organizations/list,path changed,
main/docs/manage-users/organizations/configure-organizations/search-organization-members.mdx,13,en,https://manage.auth0.com/#/users,rewritten,https://manage.auth0.com/dashboard/#/users,add /dashboard/ prefix,
main/docs/manage-users/organizations/configure-organizations/send-membership-invitations.mdx,14,en,https://manage.auth0.com/#/organizations,rewritten,https://manage.auth0.com/dashboard/#/organizations/list,path changed,
main/docs/manage-users/organizations/create-first-organization.mdx,111,en,https://manage.auth0.com/#/organizations,rewritten,https://manage.auth0.com/dashboard/#/organizations/list,path changed,
main/docs/manage-users/organizations/login-flows-for-organizations.mdx,61,en,https://manage.auth0.com/#/tenant/general,rewritten,https://manage.auth0.com/dashboard/#/tenant/general,add /dashboard/ prefix,
main/docs/manage-users/organizations/organizations-for-m2m-applications/configure-your-application-for-m2m-access.mdx,68,en,https://manage.auth0.com/,unchanged-root,,,
main/docs/manage-users/organizations/organizations-for-m2m-applications/configure-your-application-for-m2m-access.mdx,121,en,https://manage.auth0.com/,unchanged-root,,,
main/docs/manage-users/organizations/organizations-for-m2m-applications/manage-m2m-access.mdx,34,en,https://manage.auth0.com/,unchanged-root,,,
main/docs/manage-users/organizations/organizations-for-m2m-applications/manage-m2m-access.mdx,40,en,https://manage.auth0.com/dashboard/*/organizations/list,rewritten,https://manage.auth0.com/dashboard/#/organizations/list,path changed,
main/docs/manage-users/organizations/organizations-for-m2m-applications/manage-m2m-access.mdx,71,en,https://manage.auth0.com/,unchanged-root,,,
main/docs/manage-users/organizations/organizations-for-m2m-applications/manage-m2m-access.mdx,73,en,https://manage.auth0.com/dashboard/*/organizations/list,rewritten,https://manage.auth0.com/dashboard/#/organizations/list,path changed,
main/docs/manage-users/organizations/organizations-for-m2m-applications/manage-m2m-access.mdx,113,en,https://manage.auth0.com/,unchanged-root,,,
main/docs/manage-users/organizations/organizations-for-m2m-applications/manage-m2m-access.mdx,119,en,https://manage.auth0.com/dashboard/*/organizations/list,rewritten,https://manage.auth0.com/dashboard/#/organizations/list,path changed,
main/docs/manage-users/organizations/organizations-for-m2m-applications/manage-m2m-access.mdx,139,en,https://manage.auth0.com/,unchanged-root,,,
main/docs/manage-users/organizations/organizations-for-m2m-applications/manage-m2m-access.mdx,147,en,https://manage.auth0.com/dashboard/*/organizations/list,rewritten,https://manage.auth0.com/dashboard/#/organizations/list,path changed,
main/docs/manage-users/sessions/anonymous-sessions/configure-anonymous-sessions.mdx,30,en,https://manage.auth0.com/#/tenant/advanced,rewritten,https://manage.auth0.com/dashboard/#/tenant/advanced,add /dashboard/ prefix,
main/docs/manage-users/sessions/anonymous-sessions/configure-anonymous-sessions.mdx,61,en,https://manage.auth0.com/#/applications,rewritten,https://manage.auth0.com/dashboard/#/applications,http → https + new path,
main/docs/manage-users/sessions/anonymous-sessions/configure-anonymous-sessions.mdx,86,en,https://manage.auth0.com/#/apis,rewritten,https://manage.auth0.com/dashboard/#/apis,http → https + new path,
main/docs/manage-users/sessions/anonymous-sessions/configure-anonymous-sessions.mdx,120,en,https://manage.auth0.com/#/apis,rewritten,https://manage.auth0.com/dashboard/#/apis,http → https + new path,
main/docs/manage-users/sessions/anonymous-sessions/configure-custom-claims-for-anonymous-sessions.mdx,42,en,https://manage.auth0.com/#/apis,rewritten,https://manage.auth0.com/dashboard/#/apis,http → https + new path,
main/docs/manage-users/sessions/configure-keep-me-signed-in-sessions.mdx,213,en,https://manage.auth0.com/#/actions/triggers/post-login,rewritten,https://manage.auth0.com/dashboard/#/actions/triggers/post-login,path changed,
main/docs/manage-users/sessions/configure-session-lifetime-settings.mdx,13,en,https://manage.auth0.com/#/tenant,rewritten,https://manage.auth0.com/dashboard/#/tenant/general,path changed,
main/docs/manage-users/sessions/non-persistent-sessions.mdx,53,en,https://manage.auth0.com/#/tenant,rewritten,https://manage.auth0.com/dashboard/#/tenant/general,path changed,
main/docs/manage-users/sessions/session-metadata/configure-session-metadata.mdx,108,en,https://manage.auth0.com/#/applications,rewritten,https://manage.auth0.com/dashboard/#/applications,http → https + new path,
main/docs/manage-users/sessions/session-metadata/configure-session-metadata.mdx,148,en,https://manage.auth0.com/#/logs,rewritten,https://manage.auth0.com/dashboard/#/logging/logs,path changed,
main/docs/manage-users/user-accounts/block-and-unblock-users.mdx,21,en,https://manage.auth0.com/#/users,rewritten,https://manage.auth0.com/dashboard/#/users,add /dashboard/ prefix,
main/docs/manage-users/user-accounts/block-and-unblock-users.mdx,39,en,https://manage.auth0.com/#/users,rewritten,https://manage.auth0.com/dashboard/#/users,add /dashboard/ prefix,
main/docs/manage-users/user-accounts/change-user-picture.mdx,166,en,https://manage.auth0.com/#/actions/library,rewritten,https://manage.auth0.com/dashboard/#/actions/custom,path changed,
main/docs/manage-users/user-accounts/change-user-picture.mdx,183,en,https://manage.auth0.com/#/actions/flows/login/,rewritten,https://manage.auth0.com/dashboard/#/actions/triggers/post-login,path changed,
main/docs/manage-users/user-accounts/create-users.mdx,8,en,https://manage.auth0.com/#/users,rewritten,https://manage.auth0.com/dashboard/#/users,add /dashboard/ prefix,
main/docs/manage-users/user-accounts/delete-users.mdx,6,en,https://manage.auth0.com/#/users,rewritten,https://manage.auth0.com/dashboard/#/users,add /dashboard/ prefix,
main/docs/manage-users/user-accounts/deny-api-access.mdx,11,en,https://manage.auth0.com/#/rules,rewritten,https://manage.auth0.com/dashboard/#/rules,add /dashboard/ prefix,
main/docs/manage-users/user-accounts/get-user-information-on-unbounce-landing-pages.mdx,9,en,https://manage.auth0.com/#,unchanged-root,,,
main/docs/manage-users/user-accounts/get-user-information-on-unbounce-landing-pages.mdx,10,en,https://manage.auth0.com/#/applications,rewritten,https://manage.auth0.com/dashboard/#/applications,http → https + new path,
main/docs/manage-users/user-accounts/get-user-information-on-unbounce-landing-pages.mdx,12,en,https://manage.auth0.com/#/connections/social,rewritten,https://manage.auth0.com/dashboard/#/connections,path changed,
main/docs/manage-users/user-accounts/manage-user-access-to-applications.mdx,16,en,https://manage.auth0.com/#/connections/social,rewritten,https://manage.auth0.com/dashboard/#/connections,path changed,
main/docs/manage-users/user-accounts/resend-verification-emails.mdx,16,en,https://manage.auth0.com/#/users,rewritten,https://manage.auth0.com/dashboard/#/users,add /dashboard/ prefix,
main/docs/manage-users/user-accounts/unlink-devices-from-users.mdx,8,en,https://manage.auth0.com/#/users,rewritten,https://manage.auth0.com/dashboard/#/users,add /dashboard/ prefix,
main/docs/manage-users/user-accounts/user-profiles.mdx,37,en,https://manage.auth0.com/#/users,rewritten,https://manage.auth0.com/dashboard/#/users,add /dashboard/ prefix,
main/docs/manage-users/user-accounts/user-profiles.mdx,53,en,https://manage.auth0.com/#/connections/database/enterprise/samlp,rewritten,https://manage.auth0.com/dashboard/#/connections/enterprise/samlp,path changed,
main/docs/manage-users/user-accounts/user-profiles.mdx,54,en,https://manage.auth0.com/#/connections/database/applications,rewritten,https://manage.auth0.com/dashboard/#/authentication/database/{connectionId}/applications,path changed,
main/docs/manage-users/user-accounts/user-profiles/configure-connection-sync-with-auth0.mdx,25,en,https://manage.auth0.com/#/connections,rewritten,https://manage.auth0.com/dashboard/#/connections,add /dashboard/ prefix,
main/docs/manage-users/user-accounts/verify-emails.mdx,76,en,https://manage.auth0.com/#/authentication,rewritten,https://manage.auth0.com/dashboard/#/authentication/authentication-profile,path changed,
main/docs/manage-users/user-accounts/view-user-details.mdx,6,en,https://manage.auth0.com/#/users,rewritten,https://manage.auth0.com/dashboard/#/users,add /dashboard/ prefix,
main/docs/manage-users/user-migration/bulk-user-exports.mdx,54,en,https://manage.auth0.com/#/users,rewritten,https://manage.auth0.com/dashboard/#/users,add /dashboard/ prefix,
main/docs/manage-users/user-migration/bulk-user-exports.mdx,256,en,https://manage.auth0.com/#/users,rewritten,https://manage.auth0.com/dashboard/#/users,add /dashboard/ prefix,
main/docs/manage-users/user-migration/bulk-user-imports.mdx,68,en,https://manage.auth0.com/#/users,rewritten,https://manage.auth0.com/dashboard/#/users,add /dashboard/ prefix,
main/docs/manage-users/user-migration/bulk-user-imports.mdx,374,en,https://manage.auth0.com/#/users,rewritten,https://manage.auth0.com/dashboard/#/users,add /dashboard/ prefix,
main/docs/manage-users/user-migration/configure-automatic-migration-from-your-database.mdx,52,en,https://manage.auth0.com/#/connections/database,rewritten,https://manage.auth0.com/dashboard/#/authentication/database,http → https + new path,
main/docs/manage-users/user-migration/configure-automatic-migration-from-your-database.mdx,93,en,https://manage.auth0.com/#/users,rewritten,https://manage.auth0.com/dashboard/#/users,add /dashboard/ prefix,
main/docs/manage-users/user-migration/configure-automatic-migration-from-your-database.mdx,106,en,https://manage.auth0.com/#/connections/database,rewritten,https://manage.auth0.com/dashboard/#/authentication/database,http → https + new path,
main/docs/manage-users/user-search/get-users-by-id-or-email.mdx,17,en,https://manage.auth0.com/#/users,rewritten,https://manage.auth0.com/dashboard/#/users,add /dashboard/ prefix,
main/docs/manage-users/user-search/list-and-search-users.mdx,18,en,https://manage.auth0.com/#/users,rewritten,https://manage.auth0.com/dashboard/#/users,add /dashboard/ prefix,
main/docs/quickstart/agent-skills.mdx,13,en,https://manage.auth0.com,unchanged-root,,,
main/docs/quickstart/backend/aspnet-core-webapi.mdx,140,en,https://manage.auth0.com,unchanged-root,,,
main/docs/quickstart/backend/aspnet-core-webapi.mdx,239,en,https://manage.auth0.com/#/applications,rewritten,https://manage.auth0.com/dashboard/#/applications,http → https + new path,
main/docs/quickstart/backend/aspnet-core-webapi.mdx,326,en,https://manage.auth0.com,unchanged-root,,,
main/docs/quickstart/backend/django/02-using.mdx,149,en,https://manage.auth0.com/#/applications,rewritten,https://manage.auth0.com/dashboard/#/applications,http → https + new path,
main/docs/quickstart/backend/django/02-using.mdx,293,en,https://manage.auth0.com/#/apis,rewritten,https://manage.auth0.com/dashboard/#/apis,http → https + new path,
main/docs/quickstart/backend/django/_index.mdx,46,en,https://manage.auth0.com/#/apis,rewritten,https://manage.auth0.com/dashboard/#/apis,http → https + new path,
main/docs/quickstart/backend/django/_index.mdx,126,en,https://manage.auth0.com/#/apis,rewritten,https://manage.auth0.com/dashboard/#/apis,http → https + new path,
main/docs/quickstart/backend/django/_index.mdx,299,en,https://manage.auth0.com/dashboard/us/dev-gja8kxz4ndtex3rq,rewritten,https://manage.auth0.com/dashboard/#/,path changed,
main/docs/quickstart/backend/django/index.mdx,23,en,https://manage.auth0.com/#/apis,rewritten,https://manage.auth0.com/dashboard/#/apis,http → https + new path,
main/docs/quickstart/backend/django/index.mdx,33,en,https://manage.auth0.com/#/apis,rewritten,https://manage.auth0.com/dashboard/#/apis,http → https + new path,
main/docs/quickstart/backend/django/interactive.mdx,51,en,https://manage.auth0.com/#/apis,rewritten,https://manage.auth0.com/dashboard/#/apis,http → https + new path,
main/docs/quickstart/backend/django/interactive.mdx,115,en,https://manage.auth0.com/#/apis,rewritten,https://manage.auth0.com/dashboard/#/apis,http → https + new path,
main/docs/quickstart/backend/django/interactive.mdx,282,en,https://manage.auth0.com/dashboard/us/dev-gja8kxz4ndtex3rq,rewritten,https://manage.auth0.com/dashboard/#/,path changed,
main/docs/quickstart/backend/express-api-beta.mdx,121,en,https://manage.auth0.com/,unchanged-root,,,
main/docs/quickstart/backend/express-api-beta.mdx,232,en,https://manage.auth0.com/,unchanged-root,,,
main/docs/quickstart/backend/express-api-beta.mdx,373,en,https://manage.auth0.com/,unchanged-root,,,
main/docs/quickstart/backend/fastapi.mdx,305,en,https://manage.auth0.com/#/apis,rewritten,https://manage.auth0.com/dashboard/#/apis,http → https + new path,
main/docs/quickstart/backend/fastapi.mdx,467,en,https://manage.auth0.com/#/apis,rewritten,https://manage.auth0.com/dashboard/#/apis,http → https + new path,
main/docs/quickstart/backend/fastify/index.mdx,142,en,https://manage.auth0.com/dashboard/,rewritten,https://manage.auth0.com/dashboard/#/,path changed,
main/docs/quickstart/backend/golang.mdx,138,en,https://manage.auth0.com/dashboard/,rewritten,https://manage.auth0.com/dashboard/#/,path changed,
main/docs/quickstart/backend/golang.mdx,571,en,https://manage.auth0.com/#/apis,rewritten,https://manage.auth0.com/dashboard/#/apis,http → https + new path,
main/docs/quickstart/backend/golang.mdx,691,en,https://manage.auth0.com/#/applications,rewritten,https://manage.auth0.com/dashboard/#/applications,http → https + new path,
main/docs/quickstart/backend/java-spring-security5/02-using.mdx,149,en,https://manage.auth0.com/#/applications,rewritten,https://manage.auth0.com/dashboard/#/applications,http → https + new path,
main/docs/quickstart/backend/java-spring-security5/02-using.mdx,293,en,https://manage.auth0.com/#/apis,rewritten,https://manage.auth0.com/dashboard/#/apis,http → https + new path,
main/docs/quickstart/backend/java-spring-security5/index.mdx,173,en,https://manage.auth0.com,unchanged-root,,,
main/docs/quickstart/backend/java-spring-security5/index.mdx,313,en,https://manage.auth0.com/#/applications,rewritten,https://manage.auth0.com/dashboard/#/applications,http → https + new path,
main/docs/quickstart/backend/java-spring-security5/index.mdx,364,en,https://manage.auth0.com,unchanged-root,,,
main/docs/quickstart/backend/java-spring-security5/index.mdx,564,en,https://manage.auth0.com/,unchanged-root,,,
main/docs/quickstart/backend/laravel/_index.mdx,209,en,https://manage.auth0.com/#/apis/,rewritten,https://manage.auth0.com/dashboard/#/apis,http → https + new path,
main/docs/quickstart/backend/laravel/_index.mdx,262,en,https://manage.auth0.com/#/apis,rewritten,https://manage.auth0.com/dashboard/#/apis,http → https + new path,
main/docs/quickstart/backend/laravel/_index.mdx,306,en,https://manage.auth0.com/dashboard/us/dev-gja8kxz4ndtex3rq,rewritten,https://manage.auth0.com/dashboard/#/,path changed,
main/docs/quickstart/backend/laravel/index.mdx,206,en,https://manage.auth0.com/#/apis/,rewritten,https://manage.auth0.com/dashboard/#/apis,http → https + new path,
main/docs/quickstart/backend/laravel/index.mdx,258,en,https://manage.auth0.com/#/apis,rewritten,https://manage.auth0.com/dashboard/#/apis,http → https + new path,
main/docs/quickstart/backend/laravel/index.mdx,313,en,https://manage.auth0.com/#/apis/,rewritten,https://manage.auth0.com/dashboard/#/apis,http → https + new path,
main/docs/quickstart/backend/laravel/interactive.mdx,204,en,https://manage.auth0.com/#/apis/,rewritten,https://manage.auth0.com/dashboard/#/apis,http → https + new path,
main/docs/quickstart/backend/laravel/interactive.mdx,253,en,https://manage.auth0.com/#/apis,rewritten,https://manage.auth0.com/dashboard/#/apis,http → https + new path,
main/docs/quickstart/backend/laravel/interactive.mdx,295,en,https://manage.auth0.com/dashboard/us/dev-gja8kxz4ndtex3rq,rewritten,https://manage.auth0.com/dashboard/#/,path changed,
main/docs/quickstart/backend/nodejs.mdx,140,en,https://manage.auth0.com/dashboard/,rewritten,https://manage.auth0.com/dashboard/#/,path changed,
main/docs/quickstart/backend/nodejs.mdx,312,en,https://manage.auth0.com/,unchanged-root,,,
main/docs/quickstart/backend/nodejs.mdx,353,en,https://manage.auth0.com/,unchanged-root,,,
main/docs/quickstart/backend/php/_index.mdx,43,en,https://manage.auth0.com/#/,unchanged-root,,,
main/docs/quickstart/backend/php/_index.mdx,51,en,https://manage.auth0.com/#/,unchanged-root,,,
main/docs/quickstart/backend/php/_index.mdx,181,en,https://manage.auth0.com/dashboard/us/dev-gja8kxz4ndtex3rq,rewritten,https://manage.auth0.com/dashboard/#/,path changed,
main/docs/quickstart/backend/php/index.mdx,23,en,https://manage.auth0.com/#/apis,rewritten,https://manage.auth0.com/dashboard/#/apis,http → https + new path,
main/docs/quickstart/backend/php/index.mdx,33,en,https://manage.auth0.com/#/apis,rewritten,https://manage.auth0.com/dashboard/#/apis,http → https + new path,
main/docs/quickstart/backend/php/interactive.mdx,48,en,https://manage.auth0.com/#/,unchanged-root,,,
main/docs/quickstart/backend/php/interactive.mdx,56,en,https://manage.auth0.com/#/,unchanged-root,,,
main/docs/quickstart/backend/php/interactive.mdx,159,en,https://manage.auth0.com/dashboard/us/dev-gja8kxz4ndtex3rq,rewritten,https://manage.auth0.com/dashboard/#/,path changed,
main/docs/quickstart/backend/python/02-using.mdx,149,en,https://manage.auth0.com/#/applications,rewritten,https://manage.auth0.com/dashboard/#/applications,http → https + new path,
main/docs/quickstart/backend/python/02-using.mdx,293,en,https://manage.auth0.com/#/apis,rewritten,https://manage.auth0.com/dashboard/#/apis,http → https + new path,
main/docs/quickstart/backend/python/index.mdx,63,en,https://manage.auth0.com/,unchanged-root,,,
main/docs/quickstart/backend/python/index.mdx,98,en,https://manage.auth0.com/,unchanged-root,,,
main/docs/quickstart/backend/python/index.mdx,240,en,https://manage.auth0.com/,unchanged-root,,,
main/docs/quickstart/backend/python/index.mdx,529,en,https://manage.auth0.com/,unchanged-root,,,
main/docs/quickstart/backend/rails/02-using.mdx,149,en,https://manage.auth0.com/#/applications,rewritten,https://manage.auth0.com/dashboard/#/applications,http → https + new path,
main/docs/quickstart/backend/rails/02-using.mdx,293,en,https://manage.auth0.com/#/apis,rewritten,https://manage.auth0.com/dashboard/#/apis,http → https + new path,
main/docs/quickstart/backend/rails/_index.mdx,50,en,https://manage.auth0.com/#/apis,rewritten,https://manage.auth0.com/dashboard/#/apis,http → https + new path,
main/docs/quickstart/backend/rails/_index.mdx,162,en,https://manage.auth0.com/#/apis,rewritten,https://manage.auth0.com/dashboard/#/apis,http → https + new path,
main/docs/quickstart/backend/rails/_index.mdx,358,en,https://manage.auth0.com/dashboard/us/dev-gja8kxz4ndtex3rq,rewritten,https://manage.auth0.com/dashboard/#/,path changed,
main/docs/quickstart/backend/rails/index.mdx,21,en,https://manage.auth0.com/#/apis,rewritten,https://manage.auth0.com/dashboard/#/apis,http → https + new path,
main/docs/quickstart/backend/rails/index.mdx,35,en,https://manage.auth0.com/#/apis,rewritten,https://manage.auth0.com/dashboard/#/apis,http → https + new path,
main/docs/quickstart/backend/rails/interactive.mdx,55,en,https://manage.auth0.com/#/apis,rewritten,https://manage.auth0.com/dashboard/#/apis,http → https + new path,
main/docs/quickstart/backend/rails/interactive.mdx,131,en,https://manage.auth0.com/#/apis,rewritten,https://manage.auth0.com/dashboard/#/apis,http → https + new path,
main/docs/quickstart/backend/rails/interactive.mdx,319,en,https://manage.auth0.com/dashboard/us/dev-gja8kxz4ndtex3rq,rewritten,https://manage.auth0.com/dashboard/#/,path changed,
main/docs/quickstart/backend/webapi-owin.mdx,31,en,https://manage.auth0.com/#/apis,rewritten,https://manage.auth0.com/dashboard/#/apis,http → https + new path,
main/docs/quickstart/backend/webapi-owin.mdx,40,en,https://manage.auth0.com/#/apis,rewritten,https://manage.auth0.com/dashboard/#/apis,http → https + new path,
main/docs/quickstart/native/android-facebook-login.mdx,79,en,https://manage.auth0.com/,unchanged-root,,,
main/docs/quickstart/native/android.mdx,108,en,https://manage.auth0.com/dashboard/,rewritten,https://manage.auth0.com/dashboard/#/,path changed,
main/docs/quickstart/native/android.mdx,381,en,https://manage.auth0.com/#/applications,rewritten,https://manage.auth0.com/dashboard/#/applications,http → https + new path,
main/docs/quickstart/native/android.mdx,437,en,https://manage.auth0.com/#/applications,rewritten,https://manage.auth0.com/dashboard/#/applications,http → https + new path,
main/docs/quickstart/native/device/_index.mdx,501,en,https://manage.auth0.com/dashboard/us/dev-gja8kxz4ndtex3rq,rewritten,https://manage.auth0.com/dashboard/#/,path changed,
main/docs/quickstart/native/device/index.mdx,33,en,https://manage.auth0.com/#,unchanged-root,,,
main/docs/quickstart/native/device/index.mdx,34,en,https://manage.auth0.com/#,unchanged-root,,,
main/docs/quickstart/native/device/index.mdx,213,en,https://manage.auth0.com/#/Applications/{yourClientId}/settings,rewritten,https://manage.auth0.com/dashboard/#/applications/{yourClientId}/settings,path changed,
main/docs/quickstart/native/device/index.mdx,214,en,https://manage.auth0.com/#/apis,rewritten,https://manage.auth0.com/dashboard/#/apis,http → https + new path,
main/docs/quickstart/native/device/index.mdx,215,en,https://manage.auth0.com/#/apis,rewritten,https://manage.auth0.com/dashboard/#/apis,http → https + new path,
main/docs/quickstart/native/device/index.mdx,420,en,https://manage.auth0.com/#/Applications/{yourClientId}/settings,rewritten,https://manage.auth0.com/dashboard/#/applications/{yourClientId}/settings,path changed,
main/docs/quickstart/native/device/index.mdx,841,en,https://manage.auth0.com/#/Applications/{yourClientId}/settings,rewritten,https://manage.auth0.com/dashboard/#/applications/{yourClientId}/settings,path changed,
main/docs/quickstart/native/device/index.mdx,842,en,https://manage.auth0.com/#/Applications/{yourClientSecret}/settings,rewritten,https://manage.auth0.com/dashboard/#/applications/{yourClientId}/settings,path changed,
main/docs/quickstart/native/device/interactive.mdx,478,en,https://manage.auth0.com/dashboard/us/dev-gja8kxz4ndtex3rq,rewritten,https://manage.auth0.com/dashboard/#/,path changed,
main/docs/quickstart/native/flutter-windows.mdx,94,en,https://manage.auth0.com/,unchanged-root,,,
main/docs/quickstart/native/flutter-windows.mdx,262,en,https://manage.auth0.com/,unchanged-root,,,
main/docs/quickstart/native/flutter-windows.mdx,271,en,https://manage.auth0.com/,unchanged-root,,,
main/docs/quickstart/native/flutter-windows.mdx,295,en,https://manage.auth0.com/,unchanged-root,,,
main/docs/quickstart/native/flutter.mdx,93,en,https://manage.auth0.com/dashboard/,rewritten,https://manage.auth0.com/dashboard/#/,path changed,
main/docs/quickstart/native/flutter.mdx,183,en,https://manage.auth0.com/#/applications,rewritten,https://manage.auth0.com/dashboard/#/applications,http → https + new path,
main/docs/quickstart/native/ionic-angular.mdx,92,en,https://manage.auth0.com/dashboard/,rewritten,https://manage.auth0.com/dashboard/#/,path changed,
main/docs/quickstart/native/ionic-angular.mdx,144,en,https://manage.auth0.com/dashboard/,rewritten,https://manage.auth0.com/dashboard/#/,path changed,
main/docs/quickstart/native/ionic-angular.mdx,697,en,https://manage.auth0.com/dashboard/,rewritten,https://manage.auth0.com/dashboard/#/,path changed,
main/docs/quickstart/native/ionic-angular.mdx,738,en,https://manage.auth0.com/dashboard/,rewritten,https://manage.auth0.com/dashboard/#/,path changed,
main/docs/quickstart/native/ionic-react.mdx,102,en,https://manage.auth0.com/dashboard/,rewritten,https://manage.auth0.com/dashboard/#/,path changed,
main/docs/quickstart/native/ionic-react.mdx,153,en,https://manage.auth0.com/dashboard/,rewritten,https://manage.auth0.com/dashboard/#/,path changed,
main/docs/quickstart/native/ionic-vue.mdx,113,en,https://manage.auth0.com/dashboard/,rewritten,https://manage.auth0.com/dashboard/#/,path changed,
main/docs/quickstart/native/ionic-vue.mdx,150,en,https://manage.auth0.com/#/applications,rewritten,https://manage.auth0.com/dashboard/#/applications,http → https + new path,
main/docs/quickstart/native/ios-swift-facebook-login.mdx,85,en,https://manage.auth0.com/,unchanged-root,,,
main/docs/quickstart/native/ios-swift.mdx,104,en,https://manage.auth0.com/dashboard/,rewritten,https://manage.auth0.com/dashboard/#/,path changed,
main/docs/quickstart/native/kotlin-multiplatform.mdx,87,en,https://manage.auth0.com/dashboard/,rewritten,https://manage.auth0.com/dashboard/#/,path changed,
main/docs/quickstart/native/maui.mdx,61,en,https://manage.auth0.com/dashboard/,rewritten,https://manage.auth0.com/dashboard/#/,path changed,
main/docs/quickstart/native/net-android-ios/index.mdx,143,en,https://manage.auth0.com/dashboard/,rewritten,https://manage.auth0.com/dashboard/#/,path changed,
main/docs/quickstart/native/net-android-ios/interactive.mdx,55,en,https://manage.auth0.com/#/,unchanged-root,,,
main/docs/quickstart/native/net-android-ios/interactive.mdx,97,en,https://manage.auth0.com/#/applications/,rewritten,https://manage.auth0.com/dashboard/#/applications,http → https + new path,
main/docs/quickstart/native/net-android-ios/interactive.mdx,289,en,https://manage.auth0.com/dashboard/us/dev-gja8kxz4ndtex3rq,rewritten,https://manage.auth0.com/dashboard/#/,path changed,
main/docs/quickstart/native/react-native-expo.mdx,117,en,https://manage.auth0.com/dashboard/,rewritten,https://manage.auth0.com/dashboard/#/,path changed,
main/docs/quickstart/native/react-native.mdx,77,en,https://manage.auth0.com/dashboard/,rewritten,https://manage.auth0.com/dashboard/#/,path changed,
main/docs/quickstart/native/windows-uwp-csharp.mdx,35,en,https://manage.auth0.com/,unchanged-root,,,
main/docs/quickstart/native/wpf-winforms.mdx,81,en,https://manage.auth0.com,unchanged-root,,,
main/docs/quickstart/spa/angular.mdx,131,en,https://manage.auth0.com/dashboard/,rewritten,https://manage.auth0.com/dashboard/#/,path changed,
main/docs/quickstart/spa/capn-web.mdx,1224,en,https://manage.auth0.com/dashboard/,rewritten,https://manage.auth0.com/dashboard/#/,path changed,
main/docs/quickstart/spa/flutter.mdx,129,en,https://manage.auth0.com/dashboard/,rewritten,https://manage.auth0.com/dashboard/#/,path changed,
main/docs/quickstart/spa/react.mdx,120,en,https://manage.auth0.com/dashboard/,rewritten,https://manage.auth0.com/dashboard/#/,path changed,
main/docs/quickstart/spa/svelte.mdx,196,en,https://manage.auth0.com/dashboard/,rewritten,https://manage.auth0.com/dashboard/#/,path changed,
main/docs/quickstart/spa/vanillajs.mdx,932,en,https://manage.auth0.com/dashboard/,rewritten,https://manage.auth0.com/dashboard/#/,path changed,
main/docs/quickstart/spa/vuejs.mdx,120,en,https://manage.auth0.com/dashboard/,rewritten,https://manage.auth0.com/dashboard/#/,path changed,
main/docs/quickstart/webapp/apache/index.mdx,90,en,https://manage.auth0.com/,unchanged-root,,,
main/docs/quickstart/webapp/apache/index.mdx,128,en,https://manage.auth0.com/,unchanged-root,,,
main/docs/quickstart/webapp/aspnet-core-blazor-server.mdx,118,en,https://manage.auth0.com/dashboard/,rewritten,https://manage.auth0.com/dashboard/#/,path changed,
main/docs/quickstart/webapp/aspnet-core.mdx,117,en,https://manage.auth0.com/dashboard/,rewritten,https://manage.auth0.com/dashboard/#/,path changed,
main/docs/quickstart/webapp/aspnet-owin.mdx,73,en,https://manage.auth0.com/#/applications,rewritten,https://manage.auth0.com/dashboard/#/applications,http → https + new path,
main/docs/quickstart/webapp/django/_index.mdx,46,en,https://manage.auth0.com/dashboard/us/auth0-dsepaid/,rewritten,https://manage.auth0.com/dashboard/#/,path changed,
main/docs/quickstart/webapp/django/_index.mdx,245,en,https://manage.auth0.com/dashboard/us/dev-gja8kxz4ndtex3rq,rewritten,https://manage.auth0.com/dashboard/#/,path changed,
main/docs/quickstart/webapp/django/index.mdx,25,en,https://manage.auth0.com/#/applications,rewritten,https://manage.auth0.com/dashboard/#/applications,http → https + new path,
main/docs/quickstart/webapp/django/index.mdx,41,en,https://manage.auth0.com/#/applications,rewritten,https://manage.auth0.com/dashboard/#/applications,http → https + new path,
main/docs/quickstart/webapp/django/index.mdx,49,en,https://manage.auth0.com/#/applications,rewritten,https://manage.auth0.com/dashboard/#/applications,http → https + new path,
main/docs/quickstart/webapp/django/interactive.mdx,51,en,https://manage.auth0.com/dashboard/us/auth0-dsepaid/,rewritten,https://manage.auth0.com/dashboard/#/,path changed,
main/docs/quickstart/webapp/django/interactive.mdx,205,en,https://manage.auth0.com/dashboard/us/dev-gja8kxz4ndtex3rq,rewritten,https://manage.auth0.com/dashboard/#/,path changed,
main/docs/quickstart/webapp/express-beta.mdx,156,en,https://manage.auth0.com/,unchanged-root,,,
main/docs/quickstart/webapp/express-beta.mdx,437,en,https://manage.auth0.com/,unchanged-root,,,
main/docs/quickstart/webapp/express.mdx,152,en,https://manage.auth0.com/dashboard/,rewritten,https://manage.auth0.com/dashboard/#/,path changed,
main/docs/quickstart/webapp/fastapi.mdx,492,en,https://manage.auth0.com/dashboard/,rewritten,https://manage.auth0.com/dashboard/#/,path changed,
main/docs/quickstart/webapp/fastapi.mdx,1058,en,https://manage.auth0.com/,unchanged-root,,,
main/docs/quickstart/webapp/fastify.mdx,158,en,https://manage.auth0.com/dashboard/,rewritten,https://manage.auth0.com/dashboard/#/,path changed,
main/docs/quickstart/webapp/golang.mdx,137,en,https://manage.auth0.com/dashboard/,rewritten,https://manage.auth0.com/dashboard/#/,path changed,
main/docs/quickstart/webapp/hono.mdx,104,en,https://manage.auth0.com/dashboard/,rewritten,https://manage.auth0.com/dashboard/#/,path changed,
main/docs/quickstart/webapp/java-ee.mdx,143,en,https://manage.auth0.com/#/applications,rewritten,https://manage.auth0.com/dashboard/#/applications,http → https + new path,
main/docs/quickstart/webapp/java-spring-boot.mdx,163,en,https://manage.auth0.com,unchanged-root,,,
main/docs/quickstart/webapp/java-spring-boot.mdx,416,en,https://manage.auth0.com,unchanged-root,,,
main/docs/quickstart/webapp/java-spring-boot.mdx,500,en,https://manage.auth0.com,unchanged-root,,,
main/docs/quickstart/webapp/java-spring-boot.mdx,601,en,https://manage.auth0.com/,unchanged-root,,,
main/docs/quickstart/webapp/java.mdx,132,en,https://manage.auth0.com/dashboard,rewritten,https://manage.auth0.com/dashboard/#/,path changed,
main/docs/quickstart/webapp/java.mdx,662,en,https://manage.auth0.com/,unchanged-root,,,
main/docs/quickstart/webapp/laravel/_index.mdx,189,en,https://manage.auth0.com/dashboard/us/dev-gja8kxz4ndtex3rq/apis/,rewritten,https://manage.auth0.com/dashboard/#/apis,path changed,
main/docs/quickstart/webapp/laravel/_index.mdx,272,en,https://manage.auth0.com/dashboard/us/dev-gja8kxz4ndtex3rq,rewritten,https://manage.auth0.com/dashboard/#/,path changed,
main/docs/quickstart/webapp/laravel/index.mdx,202,en,https://manage.auth0.com/#/apis/,rewritten,https://manage.auth0.com/dashboard/#/apis,http → https + new path,
main/docs/quickstart/webapp/laravel/index.mdx,268,en,https://manage.auth0.com/#/apis/,rewritten,https://manage.auth0.com/dashboard/#/apis,http → https + new path,
main/docs/quickstart/webapp/laravel/interactive.mdx,125,en,https://manage.auth0.com/,unchanged-root,,,
main/docs/quickstart/webapp/laravel/interactive.mdx,242,en,https://manage.auth0.com/,unchanged-root,,,
main/docs/quickstart/webapp/laravel/interactive.mdx,308,en,https://manage.auth0.com/,unchanged-root,,,
main/docs/quickstart/webapp/laravel/interactive.mdx,372,en,https://manage.auth0.com/,unchanged-root,,,
main/docs/quickstart/webapp/laravel/interactive.mdx,387,en,https://manage.auth0.com/,unchanged-root,,,
main/docs/quickstart/webapp/nextjs.mdx,160,en,https://manage.auth0.com/dashboard/,rewritten,https://manage.auth0.com/dashboard/#/,path changed,
main/docs/quickstart/webapp/nginx-plus/_index.mdx,155,en,https://manage.auth0.com/dashboard/us/dev-gja8kxz4ndtex3rq,rewritten,https://manage.auth0.com/dashboard/#/,path changed,
main/docs/quickstart/webapp/nginx-plus/interactive.mdx,120,en,https://manage.auth0.com/dashboard/us/dev-gja8kxz4ndtex3rq,rewritten,https://manage.auth0.com/dashboard/#/,path changed,
main/docs/quickstart/webapp/nuxt.mdx,117,en,https://manage.auth0.com/dashboard/,rewritten,https://manage.auth0.com/dashboard/#/,path changed,
main/docs/quickstart/webapp/php/_index.mdx,44,en,https://manage.auth0.com/#/,unchanged-root,,,
main/docs/quickstart/webapp/php/_index.mdx,267,en,https://manage.auth0.com/dashboard/us/dev-gja8kxz4ndtex3rq,rewritten,https://manage.auth0.com/dashboard/#/,path changed,
main/docs/quickstart/webapp/php/index.mdx,24,en,https://manage.auth0.com/#/applications,rewritten,https://manage.auth0.com/dashboard/#/applications,http → https + new path,
main/docs/quickstart/webapp/php/index.mdx,40,en,https://manage.auth0.com/#/applications,rewritten,https://manage.auth0.com/dashboard/#/applications,http → https + new path,
main/docs/quickstart/webapp/php/index.mdx,47,en,https://manage.auth0.com/#/applications,rewritten,https://manage.auth0.com/dashboard/#/applications,http → https + new path,
main/docs/quickstart/webapp/php/interactive.mdx,49,en,https://manage.auth0.com/#/,unchanged-root,,,
main/docs/quickstart/webapp/php/interactive.mdx,225,en,https://manage.auth0.com/dashboard/us/dev-gja8kxz4ndtex3rq,rewritten,https://manage.auth0.com/dashboard/#/,path changed,
main/docs/quickstart/webapp/python.mdx,105,en,https://manage.auth0.com/dashboard/,rewritten,https://manage.auth0.com/dashboard/#/,path changed,
main/docs/quickstart/webapp/python.mdx,732,en,https://manage.auth0.com/dashboard/,rewritten,https://manage.auth0.com/dashboard/#/,path changed,
main/docs/quickstart/webapp/rails/_index.mdx,40,en,https://manage.auth0.com/#/,unchanged-root,,,
main/docs/quickstart/webapp/rails/_index.mdx,272,en,https://manage.auth0.com/dashboard/us/dev-gja8kxz4ndtex3rq,rewritten,https://manage.auth0.com/dashboard/#/,path changed,
main/docs/quickstart/webapp/rails/index.mdx,23,en,https://manage.auth0.com/#/applications,rewritten,https://manage.auth0.com/dashboard/#/applications,http → https + new path,
main/docs/quickstart/webapp/rails/index.mdx,39,en,https://manage.auth0.com/#/applications,rewritten,https://manage.auth0.com/dashboard/#/applications,http → https + new path,
main/docs/quickstart/webapp/rails/index.mdx,47,en,https://manage.auth0.com/#/applications,rewritten,https://manage.auth0.com/dashboard/#/applications,http → https + new path,
main/docs/quickstart/webapp/rails/interactive.mdx,45,en,https://manage.auth0.com/#/,unchanged-root,,,
main/docs/quickstart/webapp/rails/interactive.mdx,229,en,https://manage.auth0.com/dashboard/us/dev-gja8kxz4ndtex3rq,rewritten,https://manage.auth0.com/dashboard/#/,path changed,
main/docs/quickstart/webapp/react-router.mdx,127,en,https://manage.auth0.com/,unchanged-root,,,
main/docs/quickstart/webapp/react-router.mdx,329,en,https://manage.auth0.com/,unchanged-root,,,
main/docs/quickstart/webapp/react-router.mdx,365,en,https://manage.auth0.com/,unchanged-root,,,
main/docs/quickstart/webapp/tanstack-start.mdx,181,en,https://manage.auth0.com/dashboard/,rewritten,https://manage.auth0.com/dashboard/#/,path changed,
main/docs/secure/attack-protection.mdx,8,en,https://manage.auth0.com/#/security/attack-protection,rewritten,https://manage.auth0.com/dashboard/#/security/attack-protection,add /dashboard/ prefix,
main/docs/secure/attack-protection/bot-detection.mdx,24,en,https://manage.auth0.com/#,unchanged-root,,,
main/docs/secure/attack-protection/bot-detection.mdx,26,en,https://manage.auth0.com/#/security/attack-protection,rewritten,https://manage.auth0.com/dashboard/#/security/attack-protection,add /dashboard/ prefix,
main/docs/secure/attack-protection/bot-detection.mdx,33,en,https://manage.auth0.com/#/tenant/billing/subscription,rewritten,https://manage.auth0.com/dashboard/#/tenant/billing/subscription,add /dashboard/ prefix,
main/docs/secure/attack-protection/bot-detection.mdx,82,en,https://manage.auth0.com/#/security/attack-protection,rewritten,https://manage.auth0.com/dashboard/#/security/attack-protection,add /dashboard/ prefix,
main/docs/secure/attack-protection/bot-detection.mdx,104,en,https://manage.auth0.com/#/security/attack-protection,rewritten,https://manage.auth0.com/dashboard/#/security/attack-protection,add /dashboard/ prefix,
main/docs/secure/attack-protection/bot-detection/bot-detection-custom-login-pages.mdx,19,en,https://manage.auth0.com/#/login_settings,rewritten,https://manage.auth0.com/dashboard/#/login_settings,add /dashboard/ prefix,
main/docs/secure/attack-protection/bot-detection/bot-detection-passwordless-flows.mdx,19,en,https://manage.auth0.com/dashboard,rewritten,https://manage.auth0.com/dashboard/#/,path changed,
main/docs/secure/attack-protection/bot-detection/bot-detection-passwordless-flows.mdx,19,en,https://manage.auth0.com/dashboard/#/security/attack-protection/bot-detection,unchanged-new,,already in new form,
main/docs/secure/attack-protection/breached-password-detection.mdx,36,en,https://manage.auth0.com/#/security/attack-protection,rewritten,https://manage.auth0.com/dashboard/#/security/attack-protection,add /dashboard/ prefix,
main/docs/secure/attack-protection/breached-password-detection.mdx,51,en,https://manage.auth0.com/#/tenant/billing/subscription,rewritten,https://manage.auth0.com/dashboard/#/tenant/billing/subscription,add /dashboard/ prefix,
main/docs/secure/attack-protection/breached-password-detection.mdx,59,en,https://manage.auth0.com/#/security/attack-protection,rewritten,https://manage.auth0.com/dashboard/#/security/attack-protection,add /dashboard/ prefix,
main/docs/secure/attack-protection/breached-password-detection.mdx,69,en,https://manage.auth0.com/#/security/attack-protection,rewritten,https://manage.auth0.com/dashboard/#/security/attack-protection,add /dashboard/ prefix,
main/docs/secure/attack-protection/breached-password-detection.mdx,87,en,https://manage.auth0.com/#/security/attack-protection,rewritten,https://manage.auth0.com/dashboard/#/security/attack-protection,add /dashboard/ prefix,
main/docs/secure/attack-protection/breached-password-detection.mdx,120,en,https://manage.auth0.com/#/templates,rewritten,https://manage.auth0.com/dashboard/#/pages,path changed,
main/docs/secure/attack-protection/breached-password-detection.mdx,140,en,https://manage.auth0.com/#/logs,rewritten,https://manage.auth0.com/dashboard/#/logging/logs,path changed,
main/docs/secure/attack-protection/breached-password-detection.mdx,147,en,https://manage.auth0.com/#/users,rewritten,https://manage.auth0.com/dashboard/#/users,add /dashboard/ prefix,
main/docs/secure/attack-protection/breached-password-detection.mdx,150,en,https://manage.auth0.com/#/logs,rewritten,https://manage.auth0.com/dashboard/#/logging/logs,path changed,
main/docs/secure/attack-protection/breached-password-detection.mdx,152,en,https://manage.auth0.com/#/users,rewritten,https://manage.auth0.com/dashboard/#/users,add /dashboard/ prefix,
main/docs/secure/attack-protection/breached-password-detection.mdx,158,en,https://manage.auth0.com/#/users,rewritten,https://manage.auth0.com/dashboard/#/users,add /dashboard/ prefix,
main/docs/secure/attack-protection/breached-password-detection.mdx,161,en,https://manage.auth0.com/#/logs,rewritten,https://manage.auth0.com/dashboard/#/logging/logs,path changed,
main/docs/secure/attack-protection/breached-password-detection.mdx,163,en,https://manage.auth0.com/#/users,rewritten,https://manage.auth0.com/dashboard/#/users,add /dashboard/ prefix,
main/docs/secure/attack-protection/brute-force-protection.mdx,24,en,https://manage.auth0.com/#/security/attack-protection/brute-force,rewritten,https://manage.auth0.com/dashboard/#/security/attack-protection/brute-force,add /dashboard/ prefix,
main/docs/secure/attack-protection/configure-akamai-supplemental-signals.mdx,482,en,https://manage.auth0.com/dashboard/#/security/attack-protection,unchanged-new,,already in new form,
main/docs/secure/attack-protection/playbooks/signup-attack-playbook.mdx,19,en,https://manage.auth0.com/#/security/center/overview,rewritten,https://manage.auth0.com/dashboard/#/security/center/overview,add /dashboard/ prefix,
main/docs/secure/attack-protection/suspicious-ip-throttling.mdx,13,en,https://manage.auth0.com/#,unchanged-root,,,
main/docs/secure/attack-protection/suspicious-ip-throttling.mdx,21,en,https://manage.auth0.com/#/security/attack-protection,rewritten,https://manage.auth0.com/dashboard/#/security/attack-protection,add /dashboard/ prefix,
main/docs/secure/attack-protection/suspicious-ip-throttling.mdx,30,en,https://manage.auth0.com/#/security/attack-protection,rewritten,https://manage.auth0.com/dashboard/#/security/attack-protection,add /dashboard/ prefix,
main/docs/secure/attack-protection/suspicious-ip-throttling.mdx,45,en,https://manage.auth0.com/#/security/attack-protection,rewritten,https://manage.auth0.com/dashboard/#/security/attack-protection,add /dashboard/ prefix,
main/docs/secure/attack-protection/suspicious-ip-throttling.mdx,60,en,https://manage.auth0.com/#/security/attack-protection,rewritten,https://manage.auth0.com/dashboard/#/security/attack-protection,add /dashboard/ prefix,
main/docs/secure/call-apis-on-users-behalf/on-behalf-of-token-exchange.mdx,281,en,https://manage.auth0.com/#/apis,rewritten,https://manage.auth0.com/dashboard/#/apis,http → https + new path,
main/docs/secure/call-apis-on-users-behalf/on-behalf-of-token-exchange.mdx,341,en,https://manage.auth0.com/#/applications,rewritten,https://manage.auth0.com/dashboard/#/applications,http → https + new path,
main/docs/secure/call-apis-on-users-behalf/token-vault/connected-accounts-for-token-vault.mdx,88,en,https://manage.auth0.com,unchanged-root,,,
main/docs/secure/call-apis-on-users-behalf/token-vault/connected-accounts-for-token-vault.mdx,173,en,https://manage.auth0.com,unchanged-root,,,
main/docs/secure/data-privacy-and-compliance/gdpr/gdpr-conditions-for-consent.mdx,1025,en,https://manage.auth0.com/#/rules,rewritten,https://manage.auth0.com/dashboard/#/rules,add /dashboard/ prefix,
main/docs/secure/data-privacy-and-compliance/gdpr/gdpr-data-portability.mdx,16,en,https://manage.auth0.com/#/users,rewritten,https://manage.auth0.com/dashboard/#/users,add /dashboard/ prefix,
main/docs/secure/data-privacy-and-compliance/gdpr/gdpr-right-to-access-correct-and-erase-data.mdx,16,en,https://manage.auth0.com/#/users,rewritten,https://manage.auth0.com/dashboard/#/users,add /dashboard/ prefix,
main/docs/secure/data-privacy-and-compliance/gdpr/gdpr-track-consent-with-custom-ui.mdx,48,en,https://manage.auth0.com/#/applications,rewritten,https://manage.auth0.com/dashboard/#/applications,http → https + new path,
main/docs/secure/data-privacy-and-compliance/gdpr/gdpr-track-consent-with-custom-ui.mdx,52,en,https://manage.auth0.com/#/connections/database,rewritten,https://manage.auth0.com/dashboard/#/authentication/database,http → https + new path,
main/docs/secure/data-privacy-and-compliance/gdpr/gdpr-track-consent-with-custom-ui.mdx,55,en,https://manage.auth0.com/#/login_settings,rewritten,https://manage.auth0.com/dashboard/#/login_settings,add /dashboard/ prefix,
main/docs/secure/data-privacy-and-compliance/gdpr/gdpr-track-consent-with-custom-ui.mdx,98,en,https://manage.auth0.com/#/users,rewritten,https://manage.auth0.com/dashboard/#/users,add /dashboard/ prefix,
main/docs/secure/data-privacy-and-compliance/gdpr/gdpr-track-consent-with-custom-ui.mdx,412,en,https://manage.auth0.com/#/rules,rewritten,https://manage.auth0.com/dashboard/#/rules,add /dashboard/ prefix,
main/docs/secure/data-privacy-and-compliance/gdpr/gdpr-track-consent-with-custom-ui.mdx,442,en,https://manage.auth0.com/#/rules,rewritten,https://manage.auth0.com/dashboard/#/rules,add /dashboard/ prefix,
main/docs/secure/data-privacy-and-compliance/gdpr/gdpr-track-consent-with-custom-ui.mdx,458,en,https://manage.auth0.com/#/users,rewritten,https://manage.auth0.com/dashboard/#/users,add /dashboard/ prefix,
main/docs/secure/data-privacy-and-compliance/gdpr/gdpr-track-consent-with-lock.mdx,45,en,https://manage.auth0.com/#/applications,rewritten,https://manage.auth0.com/dashboard/#/applications,http → https + new path,
main/docs/secure/data-privacy-and-compliance/gdpr/gdpr-track-consent-with-lock.mdx,50,en,https://manage.auth0.com/#/connections/database,rewritten,https://manage.auth0.com/dashboard/#/authentication/database,http → https + new path,
main/docs/secure/data-privacy-and-compliance/gdpr/gdpr-track-consent-with-lock.mdx,50,en,https://manage.auth0.com/#/connections/social,rewritten,https://manage.auth0.com/dashboard/#/connections,path changed,
main/docs/secure/data-privacy-and-compliance/gdpr/gdpr-track-consent-with-lock.mdx,60,en,https://manage.auth0.com/#/login_page,rewritten,https://manage.auth0.com/dashboard/#/login_page,add /dashboard/ prefix,
main/docs/secure/data-privacy-and-compliance/gdpr/gdpr-track-consent-with-lock.mdx,103,en,https://manage.auth0.com/#/actions/flows/login/,rewritten,https://manage.auth0.com/dashboard/#/actions/triggers/post-login,path changed,
main/docs/secure/data-privacy-and-compliance/gdpr/gdpr-track-consent-with-lock.mdx,111,en,https://manage.auth0.com/#/login_page,rewritten,https://manage.auth0.com/dashboard/#/login_page,add /dashboard/ prefix,
main/docs/secure/data-privacy-and-compliance/gdpr/gdpr-track-consent-with-lock.mdx,179,en,https://manage.auth0.com/#/actions/flows/login/,rewritten,https://manage.auth0.com/dashboard/#/actions/triggers/post-login,path changed,
main/docs/secure/data-privacy-and-compliance/gdpr/gdpr-track-consent-with-lock.mdx,209,en,https://manage.auth0.com/#/users,rewritten,https://manage.auth0.com/dashboard/#/users,add /dashboard/ prefix,
main/docs/secure/multi-factor-authentication/adaptive-mfa/enable-adaptive-mfa.mdx,21,en,https://manage.auth0.com/#/security/mfa,rewritten,https://manage.auth0.com/dashboard/#/authentication/mfa,path changed,
main/docs/secure/multi-factor-authentication/adaptive-mfa/enable-adaptive-mfa.mdx,41,en,https://manage.auth0.com/#/connections/database,rewritten,https://manage.auth0.com/dashboard/#/authentication/database,http → https + new path,
main/docs/secure/multi-factor-authentication/adaptive-mfa/enable-adaptive-mfa.mdx,65,en,https://manage.auth0.com/#/security/mfa,rewritten,https://manage.auth0.com/dashboard/#/authentication/mfa,path changed,
main/docs/secure/multi-factor-authentication/auth0-guardian.mdx,31,en,https://manage.auth0.com/#/security/mfa/guardian,rewritten,https://manage.auth0.com/dashboard/#/authentication/mfa/guardian,path changed,
main/docs/secure/multi-factor-authentication/auth0-guardian.mdx,80,en,https://manage.auth0.com/#/security/mfa,rewritten,https://manage.auth0.com/dashboard/#/authentication/mfa,path changed,
main/docs/secure/multi-factor-authentication/auth0-guardian.mdx,254,en,https://manage.auth0.com/dashboard/#/tenant/general,unchanged-new,,already in new form,
main/docs/secure/multi-factor-authentication/auth0-guardian/guardian-for-android-sdk.mdx,20,en,https://manage.auth0.com/#/security/mfa/guardian,rewritten,https://manage.auth0.com/dashboard/#/authentication/mfa/guardian,path changed,
main/docs/secure/multi-factor-authentication/auth0-guardian/guardian-for-android-sdk.mdx,151,en,https://manage.auth0.com/#/users,rewritten,https://manage.auth0.com/dashboard/#/users,add /dashboard/ prefix,
main/docs/secure/multi-factor-authentication/auth0-guardian/guardian-for-ios-sdk.mdx,42,en,https://manage.auth0.com/#/guardian,rewritten,https://manage.auth0.com/dashboard/#/authentication/mfa/guardian,path changed,
main/docs/secure/multi-factor-authentication/auth0-guardian/guardian-for-ios-sdk.mdx,272,en,https://manage.auth0.com/#/users,rewritten,https://manage.auth0.com/dashboard/#/users,add /dashboard/ prefix,
main/docs/secure/multi-factor-authentication/authenticate-using-ropg-flow-with-mfa.mdx,13,en,https://manage.auth0.com/#/applications,rewritten,https://manage.auth0.com/dashboard/#/applications,http → https + new path,
main/docs/secure/multi-factor-authentication/authenticate-using-ropg-flow-with-mfa/enroll-and-challenge-email-authenticators.mdx,21,en,https://manage.auth0.com/#/applications,rewritten,https://manage.auth0.com/dashboard/#/applications,http → https + new path,
main/docs/secure/multi-factor-authentication/authenticate-using-ropg-flow-with-mfa/enroll-and-challenge-otp-authenticators.mdx,13,en,https://manage.auth0.com/#/applications,rewritten,https://manage.auth0.com/dashboard/#/applications,http → https + new path,
main/docs/secure/multi-factor-authentication/authenticate-using-ropg-flow-with-mfa/enroll-and-challenge-push-authenticators.mdx,15,en,https://manage.auth0.com/#/applications,rewritten,https://manage.auth0.com/dashboard/#/applications,http → https + new path,
main/docs/secure/multi-factor-authentication/authenticate-using-ropg-flow-with-mfa/enroll-challenge-sms-voice-authenticators.mdx,12,en,https://manage.auth0.com/#/applications,rewritten,https://manage.auth0.com/dashboard/#/applications,http → https + new path,
main/docs/secure/multi-factor-authentication/configure-cisco-duo-for-mfa.mdx,24,en,https://manage.auth0.com/#/security/mfa/duo,rewritten,https://manage.auth0.com/dashboard/#/authentication/mfa/duo,path changed,
main/docs/secure/multi-factor-authentication/configure-recovery-codes-for-mfa.mdx,26,en,https://manage.auth0.com/#/security/mfa,rewritten,https://manage.auth0.com/dashboard/#/authentication/mfa,path changed,
main/docs/secure/multi-factor-authentication/customize-mfa.mdx,11,en,https://manage.auth0.com/#/login_settings,rewritten,https://manage.auth0.com/dashboard/#/login_settings,add /dashboard/ prefix,
main/docs/secure/multi-factor-authentication/customize-mfa.mdx,29,en,https://manage.auth0.com/#/applications,rewritten,https://manage.auth0.com/dashboard/#/applications,http → https + new path,
main/docs/secure/multi-factor-authentication/customize-mfa.mdx,140,en,https://manage.auth0.com/#/security/mfa,rewritten,https://manage.auth0.com/dashboard/#/authentication/mfa,path changed,
main/docs/secure/multi-factor-authentication/customize-mfa/customize-mfa-classic-login.mdx,5,en,https://manage.auth0.com/#/security/mfa,rewritten,https://manage.auth0.com/dashboard/#/authentication/mfa,path changed,
main/docs/secure/multi-factor-authentication/customize-mfa/customize-mfa-classic-login.mdx,13,en,https://manage.auth0.com/#/mfa_page,rewritten,https://manage.auth0.com/dashboard/#/mfa_page,add /dashboard/ prefix,
main/docs/secure/multi-factor-authentication/customize-mfa/customize-mfa-enrollments-universal-login.mdx,126,en,https://manage.auth0.com/#/security/mfa,rewritten,https://manage.auth0.com/dashboard/#/authentication/mfa,path changed,
main/docs/secure/multi-factor-authentication/customize-mfa/customize-mfa-enrollments-universal-login.mdx,158,en,https://manage.auth0.com/#/actions/flows,rewritten,https://manage.auth0.com/dashboard/#/actions/triggers,path changed,
main/docs/secure/multi-factor-authentication/customize-mfa/customize-mfa-enrollments-universal-login.mdx,173,en,https://manage.auth0.com/#/actions/library,rewritten,https://manage.auth0.com/dashboard/#/actions/custom,path changed,
main/docs/secure/multi-factor-authentication/customize-mfa/customize-mfa-enrollments-universal-login.mdx,179,en,https://manage.auth0.com/#/authentication-profiles,rewritten,https://manage.auth0.com/dashboard/#/authentication/authentication-profile,path changed,
main/docs/secure/multi-factor-authentication/customize-mfa/customize-mfa-enrollments-universal-login.mdx,183,en,https://manage.auth0.com/#/actions/library,rewritten,https://manage.auth0.com/dashboard/#/actions/custom,path changed,
main/docs/secure/multi-factor-authentication/customize-mfa/customize-mfa-enrollments-universal-login.mdx,201,en,https://manage.auth0.com/#/logs,rewritten,https://manage.auth0.com/dashboard/#/logging/logs,path changed,
main/docs/secure/multi-factor-authentication/customize-mfa/customize-mfa-enrollments-universal-login.mdx,217,en,https://manage.auth0.com/#/security/mfa,rewritten,https://manage.auth0.com/dashboard/#/authentication/mfa,path changed,
main/docs/secure/multi-factor-authentication/customize-mfa/customize-mfa-enrollments-universal-login.mdx,220,en,https://manage.auth0.com/#/actions/library,rewritten,https://manage.auth0.com/dashboard/#/actions/custom,path changed,
main/docs/secure/multi-factor-authentication/customize-mfa/customize-mfa-enrollments-universal-login.mdx,221,en,https://manage.auth0.com/#/security/mfa,rewritten,https://manage.auth0.com/dashboard/#/authentication/mfa,path changed,
main/docs/secure/multi-factor-authentication/customize-mfa/customize-mfa-enrollments-universal-login.mdx,224,en,https://manage.auth0.com/#/actions/library,rewritten,https://manage.auth0.com/dashboard/#/actions/custom,path changed,
main/docs/secure/multi-factor-authentication/customize-mfa/customize-mfa-enrollments-universal-login.mdx,225,en,https://manage.auth0.com/#/actions/flows,rewritten,https://manage.auth0.com/dashboard/#/actions/triggers,path changed,
main/docs/secure/multi-factor-authentication/customize-mfa/customize-mfa-enrollments-universal-login.mdx,228,en,https://manage.auth0.com/#/actions/library,rewritten,https://manage.auth0.com/dashboard/#/actions/custom,path changed,
main/docs/secure/multi-factor-authentication/customize-mfa/customize-mfa-selection-universal-login.mdx,107,en,https://manage.auth0.com/#/security/mfa,rewritten,https://manage.auth0.com/dashboard/#/authentication/mfa,path changed,
main/docs/secure/multi-factor-authentication/customize-mfa/customize-mfa-selection-universal-login.mdx,149,en,https://manage.auth0.com/#/actions/flows,rewritten,https://manage.auth0.com/dashboard/#/actions/triggers,path changed,
main/docs/secure/multi-factor-authentication/customize-mfa/customize-mfa-selection-universal-login.mdx,164,en,https://manage.auth0.com/#/actions/library,rewritten,https://manage.auth0.com/dashboard/#/actions/custom,path changed,
main/docs/secure/multi-factor-authentication/customize-mfa/customize-mfa-selection-universal-login.mdx,181,en,https://manage.auth0.com/#/authentication-profiles,rewritten,https://manage.auth0.com/dashboard/#/authentication/authentication-profile,path changed,
main/docs/secure/multi-factor-authentication/customize-mfa/customize-mfa-selection-universal-login.mdx,185,en,https://manage.auth0.com/#/actions/library,rewritten,https://manage.auth0.com/dashboard/#/actions/custom,path changed,
main/docs/secure/multi-factor-authentication/customize-mfa/customize-mfa-selection-universal-login.mdx,407,en,https://manage.auth0.com/#/logs,rewritten,https://manage.auth0.com/dashboard/#/logging/logs,path changed,
main/docs/secure/multi-factor-authentication/customize-mfa/customize-mfa-selection-universal-login.mdx,422,en,https://manage.auth0.com/#/security/mfa,rewritten,https://manage.auth0.com/dashboard/#/authentication/mfa,path changed,
main/docs/secure/multi-factor-authentication/customize-mfa/customize-mfa-selection-universal-login.mdx,425,en,https://manage.auth0.com/#/actions/library,rewritten,https://manage.auth0.com/dashboard/#/actions/custom,path changed,
main/docs/secure/multi-factor-authentication/customize-mfa/customize-mfa-selection-universal-login.mdx,426,en,https://manage.auth0.com/#/security/mfa,rewritten,https://manage.auth0.com/dashboard/#/authentication/mfa,path changed,
main/docs/secure/multi-factor-authentication/customize-mfa/customize-mfa-selection-universal-login.mdx,429,en,https://manage.auth0.com/#/users,rewritten,https://manage.auth0.com/dashboard/#/users,add /dashboard/ prefix,
main/docs/secure/multi-factor-authentication/customize-mfa/customize-mfa-selection-universal-login.mdx,436,en,https://manage.auth0.com/#/actions/library,rewritten,https://manage.auth0.com/dashboard/#/actions/custom,path changed,
main/docs/secure/multi-factor-authentication/customize-mfa/customize-mfa-selection-universal-login.mdx,437,en,https://manage.auth0.com/#/actions/flows,rewritten,https://manage.auth0.com/dashboard/#/actions/triggers,path changed,
main/docs/secure/multi-factor-authentication/customize-mfa/customize-mfa-selection-universal-login.mdx,440,en,https://manage.auth0.com/#/actions/library,rewritten,https://manage.auth0.com/dashboard/#/actions/custom,path changed,
main/docs/secure/multi-factor-authentication/enable-mfa.mdx,37,en,https://manage.auth0.com/#/security/mfa,rewritten,https://manage.auth0.com/dashboard/#/authentication/mfa,path changed,
main/docs/secure/multi-factor-authentication/fido-authentication-with-webauthn/configure-webauthn-device-biometrics-for-mfa.mdx,24,en,https://manage.auth0.com/#/security/mfa,rewritten,https://manage.auth0.com/dashboard/#/authentication/mfa,path changed,
main/docs/secure/multi-factor-authentication/fido-authentication-with-webauthn/configure-webauthn-security-keys-for-mfa.mdx,23,en,https://manage.auth0.com/#/security/mfa,rewritten,https://manage.auth0.com/dashboard/#/authentication/mfa,path changed,
main/docs/secure/multi-factor-authentication/multi-factor-authentication-developer-resources/create-custom-enrollment-tickets.mdx,263,en,https://manage.auth0.com/#/mfa_page,rewritten,https://manage.auth0.com/dashboard/#/mfa_page,add /dashboard/ prefix,
main/docs/secure/multi-factor-authentication/multi-factor-authentication-developer-resources/mfa-api.mdx,10,en,https://manage.auth0.com/#/applications,rewritten,https://manage.auth0.com/dashboard/#/applications,http → https + new path,
main/docs/secure/multi-factor-authentication/multi-factor-authentication-factors.mdx,8,en,https://manage.auth0.com/#/security/mfa,rewritten,https://manage.auth0.com/dashboard/#/authentication/mfa,path changed,
main/docs/secure/multi-factor-authentication/multi-factor-authentication-factors.mdx,78,en,https://manage.auth0.com/#/actions/flows,rewritten,https://manage.auth0.com/dashboard/#/actions/triggers,path changed,
main/docs/secure/multi-factor-authentication/multi-factor-authentication-factors/configure-email-notifications-for-mfa.mdx,28,en,https://manage.auth0.com/#/security/mfa,rewritten,https://manage.auth0.com/dashboard/#/authentication/mfa,path changed,
main/docs/secure/multi-factor-authentication/multi-factor-authentication-factors/configure-email-notifications-for-mfa.mdx,48,en,https://manage.auth0.com/#/multifactor-auth,rewritten,https://manage.auth0.com/dashboard/#/authentication/mfa,path changed,
main/docs/secure/multi-factor-authentication/multi-factor-authentication-factors/configure-push-notifications-for-mfa.mdx,18,en,https://manage.auth0.com/#/security/mfa,rewritten,https://manage.auth0.com/dashboard/#/authentication/mfa,path changed,
main/docs/secure/multi-factor-authentication/multi-factor-authentication-factors/configure-push-notifications-for-mfa.mdx,49,en,https://manage.auth0.com/#/guardian,rewritten,https://manage.auth0.com/dashboard/#/authentication/mfa/guardian,path changed,
main/docs/secure/multi-factor-authentication/multi-factor-authentication-factors/configure-push-notifications-for-mfa.mdx,89,en,https://manage.auth0.com/#/guardian,rewritten,https://manage.auth0.com/dashboard/#/authentication/mfa/guardian,path changed,
main/docs/secure/multi-factor-authentication/multi-factor-authentication-factors/configure-sms-voice-notifications-mfa.mdx,39,en,https://manage.auth0.com/#/security/mfa,rewritten,https://manage.auth0.com/dashboard/#/authentication/mfa,path changed,
main/docs/secure/multi-factor-authentication/multi-factor-authentication-factors/configure-sms-voice-notifications-mfa.mdx,41,en,https://manage.auth0.com/#/phone/templates/phone/provider,rewritten,https://manage.auth0.com/dashboard/#/phone/provider,path changed,
main/docs/secure/multi-factor-authentication/multi-factor-authentication-factors/configure-sms-voice-notifications-mfa.mdx,54,en,https://manage.auth0.com/#/phone/templates/phone/provider,rewritten,https://manage.auth0.com/dashboard/#/phone/provider,path changed,
main/docs/secure/multi-factor-authentication/multi-factor-authentication-factors/configure-sms-voice-notifications-mfa.mdx,72,en,https://manage.auth0.com/#/security/mfa,rewritten,https://manage.auth0.com/dashboard/#/authentication/mfa,path changed,
main/docs/secure/multi-factor-authentication/reset-user-mfa.mdx,9,en,https://manage.auth0.com/#/users,rewritten,https://manage.auth0.com/dashboard/#/users,add /dashboard/ prefix,
main/docs/secure/multi-factor-authentication/step-up-authentication/configure-step-up-authentication-for-apis.mdx,47,en,https://manage.auth0.com/#/connections/database,rewritten,https://manage.auth0.com/dashboard/#/authentication/database,http → https + new path,
main/docs/secure/multi-factor-authentication/step-up-authentication/configure-step-up-authentication-for-apis.mdx,53,en,https://manage.auth0.com/#/actions/flows,rewritten,https://manage.auth0.com/dashboard/#/actions/triggers,path changed,
main/docs/secure/multi-factor-authentication/step-up-authentication/configure-step-up-authentication-for-apis.mdx,120,en,https://manage.auth0.com/#/apis/,rewritten,https://manage.auth0.com/dashboard/#/apis,http → https + new path,
main/docs/secure/multi-factor-authentication/step-up-authentication/configure-step-up-authentication-for-apis.mdx,122,en,https://manage.auth0.com/#/applications/{yourClientId}/settings,rewritten,https://manage.auth0.com/dashboard/#/applications/{yourClientId}/settings,path changed,
main/docs/secure/multi-factor-authentication/step-up-authentication/configure-step-up-authentication-for-apis.mdx,123,en,https://manage.auth0.com/#/applications/{yourClientId}/settings,rewritten,https://manage.auth0.com/dashboard/#/applications/{yourClientId}/settings,path changed,
main/docs/secure/multi-factor-authentication/step-up-authentication/configure-step-up-authentication-for-web-apps.mdx,91,en,https://manage.auth0.com/#/connections/database,rewritten,https://manage.auth0.com/dashboard/#/authentication/database,http → https + new path,
main/docs/secure/multi-factor-authentication/step-up-authentication/configure-step-up-authentication-for-web-apps.mdx,96,en,https://manage.auth0.com/#/actions/flows,rewritten,https://manage.auth0.com/dashboard/#/actions/triggers,path changed,
main/docs/secure/security-center/security-alerts.mdx,25,en,https://manage.auth0.com/#/security/center/bot-detection,rewritten,https://manage.auth0.com/dashboard/#/security/attack-protection/bot-detection,path changed,
main/docs/secure/security-center/security-alerts.mdx,46,en,https://manage.auth0.com/#/security/center/manage-destinations,rewritten,https://manage.auth0.com/dashboard/#/events/event-streams,path changed,
main/docs/secure/security-center/security-alerts.mdx,77,en,https://manage.auth0.com/#/security/center/alert-history,rewritten,https://manage.auth0.com/dashboard/#/security/center/alert-history,add /dashboard/ prefix,
main/docs/secure/security-guidance/data-security/user-data-storage.mdx,11,en,https://manage.auth0.com/#,unchanged-root,,,
main/docs/secure/security-guidance/incident-response-using-logs.mdx,9,en,https://manage.auth0.com/#,unchanged-root,,,
main/docs/secure/security-guidance/incident-response-using-logs.mdx,117,en,https://manage.auth0.com/#/users,rewritten,https://manage.auth0.com/dashboard/#/users,add /dashboard/ prefix,
main/docs/secure/security-guidance/measures-against-app-impersonation.mdx,61,en,https://manage.auth0.com/#/applications/settings,rewritten,https://manage.auth0.com/dashboard/#/applications/{yourClientId}/settings,path changed,
main/docs/secure/security-guidance/measures-against-app-impersonation.mdx,69,en,https://manage.auth0.com/#/tenant/advanced,rewritten,https://manage.auth0.com/dashboard/#/tenant/advanced,add /dashboard/ prefix,
main/docs/secure/sender-constraining/configure-sender-constraining.mdx,62,en,https://manage.auth0.com/#/applications,rewritten,https://manage.auth0.com/dashboard/#/applications,http → https + new path,
main/docs/secure/sender-constraining/configure-sender-constraining.mdx,126,en,https://manage.auth0.com/#/apis,rewritten,https://manage.auth0.com/dashboard/#/apis,http → https + new path,
main/docs/secure/tenant-access-control-list/configure-rules.mdx,55,en,https://manage.auth0.com/#/security/access-control,rewritten,https://manage.auth0.com/dashboard/#/security/access-control,add /dashboard/ prefix,
main/docs/secure/tenant-access-control-list/configure-rules.mdx,78,en,https://manage.auth0.com/#/security/access-control,rewritten,https://manage.auth0.com/dashboard/#/security/access-control,add /dashboard/ prefix,
main/docs/secure/tokens/access-tokens/get-access-tokens.mdx,167,en,https://manage.auth0.com/#/applications,rewritten,https://manage.auth0.com/dashboard/#/applications,http → https + new path,
main/docs/secure/tokens/access-tokens/get-access-tokens.mdx,168,en,https://manage.auth0.com/#/applications,rewritten,https://manage.auth0.com/dashboard/#/applications,http → https + new path,
main/docs/secure/tokens/access-tokens/get-access-tokens.mdx,169,en,https://manage.auth0.com/#/apis,rewritten,https://manage.auth0.com/dashboard/#/apis,http → https + new path,
main/docs/secure/tokens/access-tokens/management-api-access-tokens/get-management-api-access-tokens-for-production.mdx,159,en,https://manage.auth0.com/#/applications/{yourClientId}/settings,rewritten,https://manage.auth0.com/dashboard/#/applications/{yourClientId}/settings,path changed,
main/docs/secure/tokens/access-tokens/management-api-access-tokens/get-management-api-access-tokens-for-production.mdx,166,en,https://manage.auth0.com/#/applications/{yourClientId}/settings,rewritten,https://manage.auth0.com/dashboard/#/applications/{yourClientId}/settings,path changed,
main/docs/secure/tokens/access-tokens/management-api-access-tokens/get-management-api-access-tokens-for-production.mdx,167,en,https://manage.auth0.com/#/applications/{yourClientId}/settings,rewritten,https://manage.auth0.com/dashboard/#/applications/{yourClientId}/settings,path changed,
main/docs/secure/tokens/access-tokens/management-api-access-tokens/get-management-api-access-tokens-for-production.mdx,168,en,https://manage.auth0.com/#/apis,rewritten,https://manage.auth0.com/dashboard/#/apis,http → https + new path,
main/docs/secure/tokens/access-tokens/management-api-access-tokens/get-management-api-access-tokens-for-production.mdx,476,en,https://manage.auth0.com/#/apis,rewritten,https://manage.auth0.com/dashboard/#/apis,http → https + new path,
main/docs/secure/tokens/access-tokens/management-api-access-tokens/get-management-api-access-tokens-for-testing.mdx,19,en,https://manage.auth0.com/#/apis/management/explorer,rewritten,https://manage.auth0.com/dashboard/#/apis/{apiId}/explorer,path changed,
main/docs/secure/tokens/access-tokens/update-access-token-lifetime.mdx,9,en,https://manage.auth0.com/#/apis,rewritten,https://manage.auth0.com/dashboard/#/apis,http → https + new path,
main/docs/secure/tokens/access-tokens/validate-access-tokens.mdx,16,en,https://manage.auth0.com/#/apis,rewritten,https://manage.auth0.com/dashboard/#/apis,http → https + new path,
main/docs/secure/tokens/id-tokens/update-id-token-lifetime.mdx,7,en,https://manage.auth0.com/#/applications,rewritten,https://manage.auth0.com/dashboard/#/applications,http → https + new path,
main/docs/secure/tokens/id-tokens/validate-id-tokens.mdx,12,en,https://manage.auth0.com/#/applications,rewritten,https://manage.auth0.com/dashboard/#/applications,http → https + new path,
main/docs/secure/tokens/json-web-tokens/validate-json-web-tokens.mdx,65,en,https://manage.auth0.com/#/applications,rewritten,https://manage.auth0.com/dashboard/#/applications,http → https + new path,
main/docs/secure/tokens/refresh-tokens/configure-refresh-token-expiration.mdx,14,en,https://manage.auth0.com/#/applications,rewritten,https://manage.auth0.com/dashboard/#/applications,http → https + new path,
main/docs/secure/tokens/refresh-tokens/configure-refresh-token-rotation.mdx,26,en,https://manage.auth0.com/#/applications,rewritten,https://manage.auth0.com/dashboard/#/applications,http → https + new path,
main/docs/secure/tokens/refresh-tokens/disable-refresh-token-rotation.mdx,18,en,https://manage.auth0.com/#,unchanged-root,,,
main/docs/secure/tokens/refresh-tokens/online-refresh-tokens/configure-online-refresh-tokens.mdx,20,en,https://manage.auth0.com/#/apis,rewritten,https://manage.auth0.com/dashboard/#/apis,http → https + new path,
main/docs/secure/tokens/refresh-tokens/online-refresh-tokens/configure-online-refresh-tokens.mdx,28,en,https://manage.auth0.com/#/tenant/advanced,rewritten,https://manage.auth0.com/dashboard/#/tenant/advanced,add /dashboard/ prefix,
main/docs/secure/tokens/refresh-tokens/refresh-token-metadata/configure-refresh-token-metadata.mdx,219,en,https://manage.auth0.com/#/logs,rewritten,https://manage.auth0.com/dashboard/#/logging/logs,path changed,
main/docs/secure/tokens/refresh-tokens/revoke-refresh-tokens.mdx,21,en,https://manage.auth0.com/#/tenant/advanced,rewritten,https://manage.auth0.com/dashboard/#/tenant/advanced,add /dashboard/ prefix,
main/docs/secure/tokens/refresh-tokens/revoke-refresh-tokens.mdx,47,en,https://manage.auth0.com/#/users,rewritten,https://manage.auth0.com/dashboard/#/users,add /dashboard/ prefix,
main/docs/secure/tokens/token-best-practices.mdx,35,en,https://manage.auth0.com/#/apis,rewritten,https://manage.auth0.com/dashboard/#/apis,http → https + new path,
main/docs/troubleshoot/customer-support/manage-subscriptions.mdx,31,en,https://manage.auth0.com/#/tenant/general,rewritten,https://manage.auth0.com/dashboard/#/tenant/general,add /dashboard/ prefix,
main/docs/troubleshoot/customer-support/manage-subscriptions/delete-or-reset-tenant.mdx,42,en,https://manage.auth0.com/#/tenant/advanced,rewritten,https://manage.auth0.com/dashboard/#/tenant/advanced,add /dashboard/ prefix,
main/docs/troubleshoot/customer-support/open-and-manage-support-tickets.mdx,8,en,https://manage.auth0.com/login,unchanged-root,,,
main/docs/troubleshoot/customer-support/operational-policies/billing-policy.mdx,11,en,https://manage.auth0.com/#/tenant/,rewritten,https://manage.auth0.com/dashboard/#/tenant/general,path changed,
main/docs/troubleshoot/customer-support/operational-policies/billing-policy.mdx,13,en,https://manage.auth0.com/#/tenant/,rewritten,https://manage.auth0.com/dashboard/#/tenant/general,path changed,
main/docs/troubleshoot/customer-support/operational-policies/billing-policy.mdx,90,en,https://manage.auth0.com/#/tenant,rewritten,https://manage.auth0.com/dashboard/#/tenant/general,path changed,
main/docs/troubleshoot/customer-support/operational-policies/public-cloud-service-endpoints.mdx,9,en,https://manage.auth0.com,unchanged-root,,,
main/docs/troubleshoot/customer-support/operational-policies/public-cloud-service-endpoints.mdx,25,en,https://manage.auth0.com,unchanged-root,,,
main/docs/troubleshoot/customer-support/update-billing-information.mdx,11,en,https://manage.auth0.com/#/dashboard/settings,rewritten,https://manage.auth0.com/dashboard/#/tenant/general,path changed,
main/docs/troubleshoot/product-lifecycle/deprecations-and-migrations/logout-return-to.mdx,30,en,https://manage.auth0.com/#/logs,rewritten,https://manage.auth0.com/dashboard/#/logging/logs,path changed,
main/docs/troubleshoot/product-lifecycle/deprecations-and-migrations/logout-return-to.mdx,45,en,https://manage.auth0.com/#/tenant/advanced,rewritten,https://manage.auth0.com/dashboard/#/tenant/advanced,add /dashboard/ prefix,
main/docs/troubleshoot/product-lifecycle/deprecations-and-migrations/migrate-connection-options-scope.mdx,20,en,https://manage.auth0.com/dashboard/#/tenant/advanced,unchanged-new,,already in new form,
main/docs/troubleshoot/product-lifecycle/deprecations-and-migrations/migrate-connection-options-scope.mdx,44,en,https://manage.auth0.com/dashboard/#/apis,unchanged-new,,already in new form,
main/docs/troubleshoot/product-lifecycle/deprecations-and-migrations/migrate-connection-options-scope.mdx,58,en,https://manage.auth0.com/dashboard/#/tenant/advanced,unchanged-new,,already in new form,
main/docs/troubleshoot/product-lifecycle/deprecations-and-migrations/migrate-dedicated-connection-endpoints.mdx,21,en,https://manage.auth0.com/dashboard/#/tenant/advanced,unchanged-new,,already in new form,
main/docs/troubleshoot/product-lifecycle/deprecations-and-migrations/migrate-dedicated-connection-endpoints.mdx,88,en,https://manage.auth0.com/dashboard/#/tenant/advanced,unchanged-new,,already in new form,
main/docs/troubleshoot/product-lifecycle/deprecations-and-migrations/migrate-nodejs-22.mdx,39,en,https://manage.auth0.com/#/dashboard/actions/library,rewritten,https://manage.auth0.com/dashboard/#/actions/custom,path changed,
main/docs/troubleshoot/product-lifecycle/deprecations-and-migrations/migrate-oversized-user-profiles.mdx,25,en,https://manage.auth0.com/dashboard/#/tenant/advanced,unchanged-new,,already in new form,
main/docs/troubleshoot/product-lifecycle/deprecations-and-migrations/migrate-oversized-user-profiles.mdx,122,en,https://manage.auth0.com/dashboard/#/tenant/advanced,unchanged-new,,already in new form,
main/docs/troubleshoot/product-lifecycle/past-migrations.mdx,688,en,https://manage.auth0.com/#,unchanged-root,,,
main/docs/troubleshoot/product-lifecycle/past-migrations.mdx,688,en,https://manage.auth0.com/#/tenant/advanced,rewritten,https://manage.auth0.com/dashboard/#/tenant/advanced,add /dashboard/ prefix,
main/docs/troubleshoot/product-lifecycle/past-migrations/clickjacking-protection-for-universal-login.mdx,22,en,https://manage.auth0.com/#/tenant/advanced,rewritten,https://manage.auth0.com/dashboard/#/tenant/advanced,add /dashboard/ prefix,
main/docs/troubleshoot/product-lifecycle/past-migrations/custom-claims-migration.mdx,693,en,https://manage.auth0.com/#/logs,rewritten,https://manage.auth0.com/dashboard/#/logging/logs,path changed,
main/docs/troubleshoot/product-lifecycle/past-migrations/custom-claims-migration.mdx,804,en,https://manage.auth0.com/dashboard/#/tenant/advanced,unchanged-new,,already in new form,
main/docs/troubleshoot/product-lifecycle/past-migrations/migrate-from-log-extensions.mdx,41,en,https://manage.auth0.com/,unchanged-root,,,
main/docs/troubleshoot/product-lifecycle/past-migrations/migrate-from-log-extensions.mdx,58,en,https://manage.auth0.com/,unchanged-root,,,
main/docs/troubleshoot/product-lifecycle/past-migrations/migrate-from-log-extensions.mdx,75,en,https://manage.auth0.com/,unchanged-root,,,
main/docs/troubleshoot/product-lifecycle/past-migrations/migrate-from-log-extensions.mdx,85,en,https://manage.auth0.com/,unchanged-root,,,
main/docs/troubleshoot/product-lifecycle/past-migrations/migrate-from-log-extensions.mdx,99,en,https://manage.auth0.com/,unchanged-root,,,
main/docs/troubleshoot/product-lifecycle/past-migrations/migrate-from-log-extensions.mdx,116,en,https://manage.auth0.com/,unchanged-root,,,
main/docs/troubleshoot/product-lifecycle/past-migrations/migrate-from-log-extensions.mdx,131,en,https://manage.auth0.com/,unchanged-root,,,
main/docs/troubleshoot/product-lifecycle/past-migrations/migrate-from-log-extensions.mdx,139,en,https://manage.auth0.com/,unchanged-root,,,
main/docs/troubleshoot/product-lifecycle/past-migrations/migrate-nodejs-16-to-nodejs-18.mdx,40,en,https://manage.auth0.com/#/dashboard/actions/library,rewritten,https://manage.auth0.com/dashboard/#/actions/custom,path changed,
main/docs/troubleshoot/product-lifecycle/past-migrations/migrate-tenant-member-roles.mdx,43,en,https://manage.auth0.com/#/tenant/admins,rewritten,https://manage.auth0.com/dashboard/#/tenant/admins,add /dashboard/ prefix,
main/docs/troubleshoot/product-lifecycle/past-migrations/migrate-tenant-member-roles.mdx,46,en,https://manage.auth0.com/#/tenant/advanced,rewritten,https://manage.auth0.com/dashboard/#/tenant/advanced,add /dashboard/ prefix,
main/docs/troubleshoot/product-lifecycle/past-migrations/migrate-tenant-member-roles.mdx,49,en,https://manage.auth0.com/#/tenant/billing/subscription,rewritten,https://manage.auth0.com/dashboard/#/tenant/billing/subscription,add /dashboard/ prefix,
main/docs/troubleshoot/product-lifecycle/past-migrations/migrate-tenant-member-roles.mdx,55,en,https://manage.auth0.com/#/tenant/admins,rewritten,https://manage.auth0.com/dashboard/#/tenant/admins,add /dashboard/ prefix,
main/docs/troubleshoot/product-lifecycle/past-migrations/migrate-tenant-member-roles.mdx,57,en,https://manage.auth0.com/#/logs,rewritten,https://manage.auth0.com/dashboard/#/logging/logs,path changed,
main/docs/troubleshoot/product-lifecycle/past-migrations/migrate-to-1-hour-expiration.mdx,42,en,https://manage.auth0.com/#/monitoring/logs,rewritten,https://manage.auth0.com/dashboard/#/logging/logs,path changed,
main/docs/troubleshoot/product-lifecycle/past-migrations/migrate-to-1-hour-expiration.mdx,50,en,https://manage.auth0.com/#/tenant/advanced,rewritten,https://manage.auth0.com/dashboard/#/tenant/advanced,add /dashboard/ prefix,
main/docs/troubleshoot/product-lifecycle/past-migrations/migrate-to-nodejs-12.mdx,43,en,https://manage.auth0.com/#/tenant/advanced,rewritten,https://manage.auth0.com/dashboard/#/tenant/advanced,add /dashboard/ prefix,
main/docs/troubleshoot/product-lifecycle/past-migrations/migrate-to-nodejs-12.mdx,63,en,https://manage.auth0.com/#/applications/{yourClientId}/settings,rewritten,https://manage.auth0.com/dashboard/#/applications/{yourClientId}/settings,path changed,
main/docs/troubleshoot/product-lifecycle/past-migrations/migrate-to-nodejs-16.mdx,33,en,https://manage.auth0.com/#/tenant/advanced,rewritten,https://manage.auth0.com/dashboard/#/tenant/advanced,add /dashboard/ prefix,
main/docs/troubleshoot/product-lifecycle/past-migrations/migrate-to-non-verifiable-callback-uri-end-user-confirmation.mdx,43,en,https://manage.auth0.com/#/tenant/advanced,rewritten,https://manage.auth0.com/dashboard/#/tenant/advanced,add /dashboard/ prefix,
main/docs/troubleshoot/product-lifecycle/past-migrations/migrate-to-non-verifiable-callback-uri-end-user-confirmation.mdx,56,en,https://manage.auth0.com/applications/settings,rewritten,https://manage.auth0.com/dashboard/#/applications/{yourClientId}/settings,path changed,
main/docs/troubleshoot/product-lifecycle/past-migrations/migrate-to-non-verifiable-callback-uri-end-user-confirmation.mdx,62,en,https://manage.auth0.com/tenant/advanced,rewritten,https://manage.auth0.com/dashboard/#/tenant/advanced,add /dashboard/ prefix,
main/docs/troubleshoot/product-lifecycle/past-migrations/migrate-to-paginated-queries.mdx,48,en,https://manage.auth0.com/#/tenant/advanced,rewritten,https://manage.auth0.com/dashboard/#/tenant/advanced,add /dashboard/ prefix,
main/docs/troubleshoot/product-lifecycle/past-migrations/migrate-to-paginated-queries.mdx,55,en,https://manage.auth0.com/#/extensions,rewritten,https://manage.auth0.com/dashboard/#/extensions/list,path changed,
main/docs/troubleshoot/product-lifecycle/past-migrations/migrate-to-passwordless.mdx,19,en,https://manage.auth0.com/#/logs,rewritten,https://manage.auth0.com/dashboard/#/logging/logs,path changed,
main/docs/troubleshoot/product-lifecycle/past-migrations/migrate-to-passwordless.mdx,26,en,https://manage.auth0.com/#/logs,rewritten,https://manage.auth0.com/dashboard/#/logging/logs,path changed,
main/docs/troubleshoot/product-lifecycle/past-migrations/migrate-to-tenant-log-search-v3.mdx,64,en,https://manage.auth0.com/#/tenant/advanced,rewritten,https://manage.auth0.com/dashboard/#/tenant/advanced,add /dashboard/ prefix,
main/docs/troubleshoot/product-lifecycle/past-migrations/migrate-v2-v3.mdx,53,en,https://manage.auth0.com/#/extensions,rewritten,https://manage.auth0.com/dashboard/#/extensions/list,path changed,
main/docs/troubleshoot/product-lifecycle/past-migrations/migrate-v2-v3.mdx,54,en,https://manage.auth0.com/#/extensions,rewritten,https://manage.auth0.com/dashboard/#/extensions/list,path changed,
main/docs/troubleshoot/product-lifecycle/past-migrations/migrate-v2-v3.mdx,58,en,https://manage.auth0.com/#/logs,rewritten,https://manage.auth0.com/dashboard/#/logging/logs,path changed,
main/docs/troubleshoot/product-lifecycle/past-migrations/migration-oauthro-oauthtoken.mdx,116,en,https://manage.auth0.com/#/tenant/advanced,rewritten,https://manage.auth0.com/dashboard/#/tenant/advanced,add /dashboard/ prefix,
main/docs/troubleshoot/product-lifecycle/past-migrations/resource-owner-passwordless-credentials-exchange.mdx,129,en,https://manage.auth0.com/#/logs,rewritten,https://manage.auth0.com/dashboard/#/logging/logs,path changed,
main/docs/troubleshoot/product-lifecycle/past-migrations/resource-owner-passwordless-credentials-exchange.mdx,130,en,https://manage.auth0.com/#/tenant/advanced,rewritten,https://manage.auth0.com/dashboard/#/tenant/advanced,add /dashboard/ prefix,
main/docs/troubleshoot/product-lifecycle/past-migrations/tenant-hostname-migration.mdx,25,en,https://manage.auth0.com/#/logs,rewritten,https://manage.auth0.com/dashboard/#/logging/logs,path changed,
main/docs/troubleshoot/product-lifecycle/past-migrations/tenant-hostname-migration.mdx,47,en,https://manage.auth0.com/#/tenant/advanced,rewritten,https://manage.auth0.com/dashboard/#/tenant/advanced,add /dashboard/ prefix,
main/ai/docs/connections/github.mdx,50,en,https://manage.auth0.com/,unchanged-root,,,
main/ai/docs/connections/google.mdx,115,en,https://manage.auth0.com/,unchanged-root,,,
main/ai/docs/connections/slack.mdx,55,en,https://manage.auth0.com/,unchanged-root,,,
